analysis_id,coassignment_robustness_score,coassignment_robustness_ci_low,coassignment_robustness_ci_high,coassignment_entropy,coassignment_certainty,n_valid_pipeline_assignments,n_valid_pipelines_total,assignment_coverage,n_consensus_neighbors,mean_posterior_uncertainty,median_posterior_uncertainty,n_probabilistic_runs,robustness_quartile
003c91fead41,0.6638167379372166,0.6116513291073826,0.7113624269372029,0.8341599672227814,0.1658400327772186,116,116,1.0,938,0.20373396340285732,0.1303725654977576,60,Q2
008bae3e7743,0.7903717803162545,0.7640282824156531,0.8157720671815052,0.5649444861171451,0.4350555138828549,92,116,0.7931034482758621,946,0.17072135384076992,0.12602570154423964,48,Q4_high
0096be25b40a,0.6266025906213565,0.5479091583094453,0.6959815814527178,0.8407572831809079,0.15924271681909208,92,116,0.7931034482758621,873,0.17067419068251163,0.12602570154423964,48,Q2
00af3ae6283b,0.7666355730845953,0.7370898589495111,0.7943077211173277,0.6229782899329133,0.37702171006708673,116,116,1.0,945,0.18370871468046127,0.12602570154423964,60,Q4_high
0103fe0f628f,0.7801110797252239,0.7589205382648443,0.7999268584563536,0.5727265380730729,0.42727346192692706,116,116,1.0,951,0.17355391409365992,0.10689371854534145,60,Q4_high
0115f8a3d576,0.5623754172917456,0.5159502970095096,0.603910614497391,0.8575201371218952,0.14247986287810477,116,116,1.0,452,0.2063765741079631,0.1303725654977576,60,Q1_low
01342793a57c,0.7534820703596345,0.7140181530226561,0.7894624540956277,0.6771280481589216,0.3228719518410784,116,116,1.0,921,0.20862406332019076,0.1303725654977576,60,Q3
015e855f7412,0.5629420728580098,0.5171117552769364,0.6039623173707267,0.8413799248409687,0.15862007515903132,116,116,1.0,478,0.17911724041249932,0.125,60,Q1_low
016a4a0f0d92,0.5274256304876598,0.5051342333527594,0.5516846113558455,0.8726485158423776,0.12735148415762243,116,116,1.0,606,0.195450418941697,0.12804926974154765,60,Q1_low
01e134d0b885,0.7555004610380641,0.7087375798126138,0.7946500835859399,0.6444399784457142,0.3555600215542858,92,116,0.7931034482758621,908,0.16825322988405178,0.12602570154423964,48,Q3
01e2024418af,0.7451816115986624,0.7027328077775358,0.7834897467499724,0.6929776181611951,0.3070223818388049,116,116,1.0,916,0.22026084629958634,0.1360776392555722,60,Q3
0215514bda3e,0.6406366093441788,0.5756152102688255,0.6960322802557122,0.8506731041013204,0.14932689589867965,116,116,1.0,885,0.19570030463189692,0.1298869935936654,60,Q2
021b26c5c033,0.5112308577559078,0.4779478254495588,0.5507082595393793,0.9041495147561149,0.09585048524388506,116,116,1.0,533,0.20576737051356822,0.12926277969986766,60,Q1_low
02575ba6c980,0.7182391937940058,0.6787136511256484,0.7534446976042445,0.7386041496336436,0.2613958503663564,116,116,1.0,995,0.21376694977924257,0.1303725654977576,60,Q2
0297326556d0,0.7801110797252239,0.7594002742562327,0.802323034796287,0.5727265380730729,0.42727346192692706,116,116,1.0,951,0.17118345930585513,0.07288143511550525,60,Q4_high
02dfbb012d54,0.7507092925762703,0.7186779772494182,0.7776522378242448,0.6584718153496614,0.34152818465033863,116,116,1.0,976,0.1723396344803133,0.0910795037765448,60,Q3
02ed7a716999,0.5117329975989389,0.4795477278390856,0.5498951298591324,0.9681991721222992,0.03180082787770078,92,116,0.7931034482758621,1026,0.1765982590160526,0.12804926974154765,48,Q1_low
02fb600d1d3b,0.7745937488026691,0.748858029885943,0.7996761208641425,0.5978971133684191,0.4021028866315809,116,116,1.0,945,0.18953241411080082,0.125,60,Q4_high
030a8d528d8b,0.772556668118121,0.7468715432134349,0.7984843869852681,0.6039438597187862,0.39605614028121383,116,116,1.0,945,0.196623206270186,0.12926277969986766,60,Q4_high
037e4717b544,0.6627847622613289,0.6032624701370621,0.7173468211490007,0.831952588749311,0.168047411250689,116,116,1.0,926,0.23835137512931287,0.137791541205188,60,Q2
043fe1cc9b15,0.6087206053854565,0.553869001745671,0.6696226625717513,0.8627565051230921,0.1372434948769079,116,116,1.0,876,0.20115536542621418,0.12926277969986766,60,Q2
046566dbb3d6,0.5444284730776403,0.5044447179550428,0.5827380990963095,0.8686934302212443,0.13130656977875566,116,116,1.0,509,0.19087178135066943,0.12602570154423964,60,Q1_low
0471855ad71c,0.7803675411464627,0.7481826767225621,0.8072825209973934,0.5977212669461693,0.40227873305383066,92,116,0.7931034482758621,941,0.16875642389052584,0.12602570154423964,48,Q4_high
0482496b2f92,0.7801110797252239,0.7588689758636651,0.8036844527183982,0.5727265380730729,0.42727346192692706,116,116,1.0,951,0.17734031598761957,0.125,60,Q4_high
04c86e861dc1,0.7684170101954824,0.7385558103873568,0.7965164785478236,0.6101186113436896,0.3898813886563104,116,116,1.0,942,0.1960850954793403,0.12926277969986766,60,Q4_high
04e55973c1c7,0.6550753106571413,0.6089630128770612,0.7094252635368757,0.8281701086794258,0.17182989132057425,116,116,1.0,907,0.18205035779017742,0.12602570154423964,60,Q2
050c978f7aa5,0.7555004610380641,0.702287937226658,0.795868121862794,0.6444399784457142,0.3555600215542858,92,116,0.7931034482758621,908,0.16825322988405178,0.12602570154423964,48,Q3
052c072e5473,0.7689829293663026,0.7428590553206144,0.7936715704514157,0.6132854795799613,0.38671452042003873,116,116,1.0,950,0.1871975486343379,0.12602570154423964,60,Q4_high
055cef6b7562,0.7425239118337035,0.7032256327162076,0.7813640680732944,0.7019394008662914,0.29806059913370864,116,116,1.0,926,0.21054817808472182,0.1298869935936654,60,Q3
05767ae2aeae,0.7364960972611032,0.6970013239396451,0.7757476931022533,0.7155905312651593,0.28440946873484074,116,116,1.0,927,0.22409166022402568,0.13075619276219785,60,Q3
061092498bb6,0.7877750936226404,0.7582535328840574,0.8131036975607191,0.5760655253715072,0.42393447462849276,92,116,0.7931034482758621,940,0.1689661584523238,0.12602570154423964,48,Q4_high
0635a5b43e92,0.7390483800258835,0.702642114763197,0.7765403224813668,0.707718320532098,0.29228167946790196,116,116,1.0,928,0.23229110298310676,0.13757956067505395,60,Q3
066a09c56ae6,0.5381825921226853,0.4902600367038181,0.5891447795085499,0.7546205548549965,0.24537944514500354,116,116,1.0,407,0.17025895014267664,0.0702792120597011,60,Q1_low
0682c2fb3f25,0.5581543452269093,0.515588033601138,0.5990385958647283,0.8456752977558006,0.15432470224419936,116,116,1.0,488,0.19922480836905815,0.12804926974154765,60,Q1_low
06e0e7787e5f,0.7279923691352537,0.6871048279446976,0.7672116021092968,0.7009377208843194,0.2990622791156806,116,116,1.0,930,0.17858898385930588,0.125,60,Q3
06fb8436d211,0.7188979594960156,0.6724060406389335,0.7569101133422786,0.7510975368750905,0.2489024631249095,116,116,1.0,937,0.22031779892956674,0.1360776392555722,60,Q3
07c745fc4af3,0.5466068083820855,0.5047705286859261,0.5893612444680572,0.8570839998004806,0.14291600019951944,92,116,0.7931034482758621,513,0.1742608781487616,0.12602570154423964,48,Q1_low
07d1b7fc0cc7,0.5899289670699488,0.5407013094015932,0.6416818313231311,0.9516708062226369,0.04832919377736311,92,116,0.7931034482758621,1169,0.18020175987336182,0.12926277969986766,48,Q2
07ee3399e047,0.5783917380565807,0.5315457326784444,0.6232258675153216,0.8220822698976092,0.17791773010239076,116,116,1.0,462,0.2046605288346302,0.12926277969986766,60,Q2
081e4a1d2828,0.7603414017281673,0.7271340509607297,0.7927464895683554,0.656435915991676,0.34356408400832406,116,116,1.0,923,0.2050982959277682,0.12804926974154765,60,Q3
083916fce396,0.5597341346601485,0.5049195900605391,0.6148948202226495,0.8560341764222085,0.14396582357779153,92,116,0.7931034482758621,474,0.1834648432944762,0.12804926974154765,48,Q1_low
0852198eb5db,0.7555004610380641,0.7068796670115485,0.7967961523871008,0.6444399784457142,0.3555600215542858,92,116,0.7931034482758621,908,0.16825322988405178,0.12602570154423964,48,Q3
0852b50a9265,0.7664948702034593,0.7252977082364214,0.8026790531185278,0.6547168237056074,0.34528317629439265,92,116,0.7931034482758621,925,0.19678602865466585,0.13075619276219785,48,Q4_high
08a8aef1efb7,0.563567375299763,0.5233666926947046,0.6069990755598861,0.838290966677726,0.16170903332227404,116,116,1.0,485,0.18497350414505778,0.125,60,Q1_low
08e41c8d8d44,0.7555004610380641,0.7095939241529751,0.7958350098823004,0.6444399784457142,0.3555600215542858,92,116,0.7931034482758621,908,0.16825322988405178,0.12602570154423964,48,Q3
08ec41654875,0.5577241703816709,0.5101183387773526,0.6018907624576764,0.8582141750728381,0.14178582492716185,116,116,1.0,475,0.20104668469386688,0.12926277969986766,60,Q1_low
093cf715379b,0.6784895337150008,0.6272459533630198,0.7264168830617929,0.8170650738378202,0.18293492616217977,116,116,1.0,937,0.21815676455151406,0.13129515293108604,60,Q2
09f0567f5e01,0.5614789708139354,0.5210870514065868,0.6026841948722843,0.848398904898445,0.15160109510155495,116,116,1.0,475,0.18466218783946797,0.12602570154423964,60,Q1_low
0a0ca22c859d,0.7555004610380641,0.7111051348922893,0.7953572073827452,0.6444399784457142,0.3555600215542858,92,116,0.7931034482758621,908,0.16825322988405178,0.12602570154423964,48,Q3
0a12aebfa66c,0.6800830620070312,0.6400623403800608,0.7147551595901898,0.8292093970153261,0.17079060298467386,116,116,1.0,1075,0.1968160338414891,0.12804926974154765,60,Q2
0a14643f8d90,0.7555004610380641,0.70679079323528,0.8009753468063265,0.6444399784457142,0.3555600215542858,92,116,0.7931034482758621,908,0.16825322988405178,0.12602570154423964,48,Q3
0a6cc340abad,0.7624015579691006,0.7268250894888967,0.792691769813609,0.6497715236263285,0.3502284763736715,116,116,1.0,925,0.20499553246995936,0.12926277969986766,60,Q3
0a7114a9e69c,0.5897291080202084,0.538079122171611,0.6336178508837764,0.9414057829314859,0.05859421706851409,92,116,0.7931034482758621,1154,0.19256017702817496,0.1303725654977576,48,Q2
0a7283b6b7e1,0.5294959907051019,0.513588708400103,0.5429984518703408,0.873030470671515,0.12696952932848504,116,116,1.0,717,0.1929778796584391,0.12602570154423964,60,Q1_low
0a9f2b1eb270,0.7306662299537182,0.6882144041747857,0.770281442927682,0.7269587418257598,0.2730412581742402,116,116,1.0,926,0.22993882184481276,0.1360776392555722,60,Q3
0ac16ba94eb4,0.583784863062504,0.5323145412562037,0.6341265067160042,0.8191089837645423,0.18089101623545767,92,116,0.7931034482758621,458,0.17898484144636176,0.12804926974154765,48,Q2
0ace4e865f56,0.5926268066627409,0.5423797643955676,0.6396397465063149,0.9486672760875884,0.051332723912411615,92,116,0.7931034482758621,1166,0.18792174613976445,0.1298869935936654,48,Q2
0b165217635b,0.7618970841288364,0.7314389548319267,0.7909535899817276,0.6450853643337322,0.3549146356662678,116,116,1.0,928,0.2005398234499043,0.1298869935936654,60,Q3
0b5cec9b5751,0.5819460202628615,0.5218751883831877,0.636732526081138,0.7942773367874296,0.20572266321257038,92,116,0.7931034482758621,410,0.20077965738752265,0.13289004249752828,48,Q2
0ba969ac9961,0.7744311437073028,0.7504658129478066,0.7953651687514026,0.5923667533359186,0.4076332466640814,116,116,1.0,959,0.1743860120237027,0.0851923201770317,60,Q4_high
0bbeab764f8a,0.5935029286168678,0.5398826511166748,0.6489607745927339,0.7945716032524496,0.20542839674755042,92,116,0.7931034482758621,420,0.18522733844549885,0.12926277969986766,48,Q2
0c4f77064093,0.5307179633851339,0.4854421298532523,0.5831687262850066,0.888203213226694,0.11179678677330596,116,116,1.0,462,0.19055322399497046,0.125,60,Q1_low
0c6c5fad0d0b,0.5876614990221946,0.5433789668321726,0.6340338782269686,0.9607945130487714,0.03920548695122861,92,116,0.7931034482758621,1236,0.21863128388677847,0.13872849757459466,48,Q2
0cee85116a1e,0.7105171746869937,0.651426201704642,0.762111038623287,0.7670673786180674,0.2329326213819326,92,116,0.7931034482758621,912,0.2070585571408575,0.1331605294190138,48,Q2
0cf4692017e3,0.5789498426435262,0.5264769177453003,0.6344818628159969,0.8401945773955337,0.15980542260446629,92,116,0.7931034482758621,451,0.2116391520561782,0.1303725654977576,48,Q2
0d0aa1a4cef1,0.5756852828278182,0.5097994218520124,0.6335962902276275,0.9042277268004372,0.09577227319956283,116,116,1.0,887,0.17914249125183362,0.125,60,Q1_low
0dd65f844067,0.772556668118121,0.7442194957879011,0.7983583850412217,0.6039438597187862,0.39605614028121383,116,116,1.0,945,0.17668674980886612,0.125,60,Q4_high
0e1abd4eb214,0.7555004610380641,0.7102619608018375,0.794459320585254,0.6444399784457142,0.3555600215542858,92,116,0.7931034482758621,908,0.16825322988405178,0.12602570154423964,48,Q3
0eabce91b99c,0.7788628556543445,0.746768446546761,0.8115499057889001,0.6112362725786096,0.3887637274213904,92,116,0.7931034482758621,935,0.17998090732442174,0.12804926974154765,48,Q4_high
0ebcdab084a2,0.7244532138639544,0.6787718629994979,0.763017781747991,0.7307709673944938,0.26922903260550624,116,116,1.0,929,0.24099546541272374,0.1360776392555722,60,Q3
0ee80f141ba8,0.5834251436402128,0.539159581702652,0.6347030223319161,0.8272865394738482,0.17271346052615177,92,116,0.7931034482758621,453,0.19916864593823058,0.1298869935936654,48,Q2
0ee9141e57f1,0.7513641152528956,0.7026461654943518,0.7930684331361023,0.6924694925477719,0.3075305074522281,92,116,0.7931034482758621,917,0.21507629340196002,0.13872849757459466,48,Q3
0ef8cb7d5d52,0.5668355460744647,0.5107121976911515,0.6220770287385093,0.788849667324003,0.21115033267599703,116,116,1.0,408,0.18007176886090964,0.12602570154423964,60,Q1_low
0f124fa93f6f,0.5485411013921074,0.5047205596314299,0.5957474367562197,0.8589240828259797,0.14107591717402035,92,116,0.7931034482758621,498,0.17299643420366406,0.12804926974154765,48,Q1_low
0fabf70100f2,0.7555004610380641,0.7047047388893516,0.8017865296776415,0.6444399784457142,0.3555600215542858,92,116,0.7931034482758621,908,0.16825322988405178,0.12602570154423964,48,Q3
10a70ff7cd96,0.6115742580673498,0.5395564312126286,0.6784908986108849,0.8644634363820254,0.13553656361797461,92,116,0.7931034482758621,877,0.16807224785736685,0.12602570154423964,48,Q2
11002e95926d,0.6165549954562838,0.5577849932898644,0.6763982248751136,0.8548391402561026,0.14516085974389736,116,116,1.0,877,0.1702523542593995,0.06725554365771565,60,Q2
111dc9fb08c8,0.634239630170988,0.5996633831618816,0.680236506825221,0.9101873206197121,0.08981267938028792,116,116,1.0,1170,0.191560964274459,0.12602570154423964,60,Q2
11bbc26a8ae5,0.5179506541176373,0.477452763653118,0.5549068750941375,0.8914477636846259,0.10855223631537414,116,116,1.0,519,0.19708064461072958,0.12602570154423964,60,Q1_low
11d80d469291,0.7748011950534085,0.7491998492568843,0.7983548798486487,0.5903346869334976,0.40966531306650245,116,116,1.0,957,0.1739687241849082,0.09207743765837864,60,Q4_high
11fe0bb5bb95,0.7555004610380641,0.7113843178020133,0.7970692605085241,0.6444399784457142,0.3555600215542858,92,116,0.7931034482758621,908,0.16825322988405178,0.12602570154423964,48,Q3
12a59ce5302f,0.7325526317254026,0.6823542676193857,0.7833918116048272,0.7263162275036099,0.2736837724963901,92,116,0.7931034482758621,909,0.20463520945810745,0.1303725654977576,48,Q3
12bda18c4ad5,0.7159744054747158,0.6675223584786486,0.7588249532949946,0.7558152764011044,0.24418472359889565,116,116,1.0,927,0.2011787254700874,0.12926277969986766,60,Q2
13077d51672c,0.7228875756515208,0.6836024134165366,0.7636718366934567,0.7175177737829083,0.28248222621709174,116,116,1.0,929,0.20467194735653468,0.13075619276219785,60,Q3
132138f5acbb,0.6801099452116833,0.6317756934572607,0.7320589189802081,0.7883187263282108,0.21168127367178924,116,116,1.0,930,0.18167121716047047,0.125,60,Q2
13506064803d,0.7760717495773866,0.7538106315680145,0.8005791647348872,0.589810888370169,0.41018911162983096,116,116,1.0,949,0.1849922804281305,0.125,60,Q4_high
1397d7954ce7,0.5127731066337804,0.47538249983475567,0.554150958811162,0.9115732899438823,0.08842671005611769,116,116,1.0,529,0.2521775947825223,0.14391778002820435,60,Q1_low
13ada8cd8137,0.75782266174453,0.731132720995349,0.7864268105459358,0.6465720968817076,0.3534279031182924,116,116,1.0,955,0.1850693308531325,0.12602570154423964,60,Q3
14d439f746d4,0.5814428687513737,0.5339149866150803,0.6307561327167489,0.8239308584126195,0.17606914158738052,116,116,1.0,445,0.20664290166572397,0.1298869935936654,60,Q2
14ddba24e653,0.7300326786647096,0.686311899183887,0.7737177907850014,0.695481231221172,0.304518768778828,116,116,1.0,933,0.17078846213559645,0.06843254827588825,60,Q3
1503878c7bc0,0.7450735541469985,0.7172747159802952,0.7716680377069732,0.6695199050910762,0.3304800949089238,116,116,1.0,1003,0.17902902126887668,0.125,60,Q3
15468dcb57e5,0.7436556918728561,0.7067168416659023,0.7744139522269143,0.6879144538324998,0.31208554616750017,116,116,1.0,962,0.18034560511155415,0.125,60,Q3
155256bb1944,0.6771625555540195,0.6357118068514127,0.7155487389241153,0.8353249525992069,0.16467504740079308,116,116,1.0,1135,0.21411137224916504,0.13675912431030546,60,Q2
1571e1c8616c,0.526728411149173,0.4805770818886857,0.577193148503918,0.8748765777352409,0.12512342226475914,116,116,1.0,452,0.18740963339304517,0.125,60,Q1_low
158d9b3ea070,0.7296323082117538,0.6893679410907491,0.7690601874720212,0.6962826997753293,0.3037173002246707,116,116,1.0,929,0.1709288379059088,0.07168960191205945,60,Q3
159c2c8c162a,0.7528257988754221,0.716565535519807,0.7885828452463352,0.6783949725697896,0.32160502743021036,116,116,1.0,919,0.18722538929560376,0.12602570154423964,60,Q3
15c63a8cff93,0.7257919648851218,0.682769769823912,0.7700161496814761,0.7308234906601216,0.26917650933987836,116,116,1.0,928,0.20960351179663414,0.1303725654977576,60,Q3
15dd161a1de6,0.5779484006438979,0.5304305123291209,0.621162269950796,0.8195950349163694,0.18040496508363058,116,116,1.0,468,0.194189049358809,0.12602570154423964,60,Q1_low
15f02082e0d7,0.5908021836675202,0.5417412673051837,0.6484778417651382,0.8195703484494145,0.18042965155058555,92,116,0.7931034482758621,439,0.1970350323709075,0.1303725654977576,48,Q2
15ff204a31fd,0.6927902564675166,0.6409679867826742,0.7363189203367343,0.7845653758728484,0.21543462412715164,116,116,1.0,924,0.1785609915546754,0.125,60,Q2
163b76297c77,0.72675008302447,0.695584637694488,0.756239321039613,0.7189730590110418,0.2810269409889582,116,116,1.0,1032,0.18503350220426512,0.125,60,Q3
164ea748b2c2,0.7555004610380641,0.710125201591824,0.8004059905964683,0.6444399784457142,0.3555600215542858,92,116,0.7931034482758621,908,0.16825322988405178,0.12602570154423964,48,Q3
167d24a35e17,0.7555004610380641,0.7075919633991452,0.8009585914728156,0.6444399784457142,0.3555600215542858,92,116,0.7931034482758621,908,0.16825322988405178,0.12602570154423964,48,Q3
16c4f9488097,0.5465216456210047,0.5020062090400282,0.5933645311636685,0.8527819430082068,0.14721805699179324,116,116,1.0,433,0.1810798340129429,0.12602570154423964,60,Q1_low
16cd0921dab2,0.5391542325051439,0.4967270558688413,0.5836117909727718,0.8660442103795454,0.13395578962045462,92,116,0.7931034482758621,522,0.17076906727276442,0.12602570154423964,48,Q1_low
1711832250f2,0.7180820278325054,0.6652147941671834,0.7635327856175239,0.7611150882636678,0.2388849117363322,92,116,0.7931034482758621,929,0.20707588441330427,0.1303725654977576,48,Q2
17417f8c3d35,0.7444963240425472,0.7067246252826246,0.7846217603534977,0.6874847776159645,0.3125152223840355,116,116,1.0,917,0.18171780181909672,0.125,60,Q3
17466f04cc2a,0.7446095699065025,0.7137720333967275,0.7759617380189282,0.6768342396965825,0.3231657603034175,116,116,1.0,988,0.17559376148383746,0.125,60,Q3
175197b85f07,0.5130001836136817,0.4583624463571787,0.5701670123876551,0.8367146576503247,0.1632853423496753,92,116,0.7931034482758621,430,0.16976928674864133,0.12602570154423964,48,Q1_low
177ee6b3fdfa,0.6706708880600986,0.6271796419777521,0.7084765756664638,0.852903023715828,0.14709697628417195,116,116,1.0,1133,0.22807087586845648,0.1360776392555722,60,Q2
17ad1f0ec22c,0.7632257135208111,0.7335470149111987,0.7863931836523134,0.614612592374319,0.385387407625681,116,116,1.0,961,0.18884113918986578,0.125,60,Q3
17b4c6ee6a7b,0.7742728637950304,0.7507803151977162,0.7969834537129373,0.5843292176101933,0.4156707823898067,116,116,1.0,957,0.1706200295806886,0.07107446007171325,60,Q4_high
1889525093d1,0.6703979429555401,0.6185450431403181,0.7220162542840787,0.8154039964568716,0.18459600354312844,116,116,1.0,929,0.2044196953478614,0.13075619276219785,60,Q2
189af765f7e2,0.7357052699156591,0.693629942963048,0.7762088734909877,0.7140286321609058,0.28597136783909416,116,116,1.0,934,0.23714430740210607,0.13872849757459466,60,Q3
195938573d5b,0.637193160046322,0.5869105648136439,0.6852619266816949,0.8583089299404268,0.14169107005957315,116,116,1.0,975,0.18460977948084295,0.125,60,Q2
1984c7c371ac,0.6658759830508101,0.6231769385792958,0.715833864202745,0.8210415917584231,0.17895840824157694,116,116,1.0,955,0.18031199238635418,0.12248773108002875,60,Q2
19a6a0ffdb39,0.5687731780181512,0.5388854628115145,0.5981324817243463,0.9106998823128134,0.0893001176871866,116,116,1.0,1017,0.2014334719112145,0.12804926974154765,60,Q1_low
1a10173459b2,0.5671028726977406,0.5236594050822099,0.6149450041125946,0.8374584156652428,0.16254158433475718,116,116,1.0,476,0.2056997149585179,0.1298869935936654,60,Q1_low
1ab2cd01bcb5,0.5604488759161668,0.5130006718765974,0.6099108763970431,0.8584403042713471,0.1415596957286529,116,116,1.0,446,0.2215288730494102,0.137791541205188,60,Q1_low
1ad7389aba39,0.7441929109764238,0.7054015580652981,0.7764657355142325,0.6846603014034236,0.3153396985965764,116,116,1.0,965,0.20660548210824395,0.1298869935936654,60,Q3
1aee30272d15,0.6537526728066372,0.6079623984488602,0.701040036308865,0.9046486847031538,0.09535131529684615,92,116,0.7931034482758621,1205,0.2000741952481313,0.13075619276219785,48,Q2
1b0fd8b822aa,0.7134836506706519,0.6759496459795858,0.7529407798037024,0.7760000396538281,0.22399996034617187,92,116,0.7931034482758621,1099,0.180127329428016,0.12804926974154765,48,Q2
1b17a8828106,0.7760717495773866,0.7509124125413716,0.8003427279113497,0.589810888370169,0.41018911162983096,116,116,1.0,949,0.18153075196702645,0.125,60,Q4_high
1b3093aaab2f,0.5947250089498832,0.5387699586504329,0.6481329919714586,0.813372123731782,0.18662787626821797,92,116,0.7931034482758621,431,0.2150150305214972,0.13872849757459466,48,Q2
1b4f042993c4,0.7300326786647096,0.6872603062129695,0.7674567120802521,0.695481231221172,0.304518768778828,116,116,1.0,933,0.1959604138772863,0.12804926974154765,60,Q3
1b6159713abc,0.768397687880242,0.7397099144018081,0.7993557490899086,0.606989612622911,0.39301038737708904,116,116,1.0,949,0.1906607617540556,0.125,60,Q4_high
1b6449ad4332,0.5519873368821655,0.49760135490611923,0.5975296729590621,0.8730948153144426,0.12690518468555745,116,116,1.0,444,0.2111141003352207,0.1298869935936654,60,Q1_low
1b7a8e3dbba2,0.7300326786647096,0.6864414258920704,0.7730455681824151,0.695481231221172,0.304518768778828,116,116,1.0,933,0.17129926883752705,0.07318578470288305,60,Q3
1bee2afb3557,0.7536751870775874,0.7157227974182641,0.7883549322318572,0.6611140973104219,0.3388859026895781,116,116,1.0,937,0.18781595117512803,0.12602570154423964,60,Q3
1c2aa17589fd,0.5923679638064869,0.5357042847459743,0.6577613546506931,0.7938803418975148,0.20611965810248523,92,116,0.7931034482758621,417,0.1700778192845502,0.12602570154423964,48,Q2
1c8aaa2555d7,0.5575003005629786,0.5181023040707597,0.6026615111349576,0.8458344210705178,0.15416557892948224,116,116,1.0,500,0.21237829515752366,0.1331605294190138,60,Q1_low
1cc20d2289fb,0.7802329048365511,0.7452764758140107,0.8070319850396324,0.6038136790218389,0.3961863209781611,92,116,0.7931034482758621,946,0.17125716715454709,0.12602570154423964,48,Q4_high
1cc4ea7b0ee0,0.6370833474794053,0.599416369753607,0.6760647874275636,0.91119196992172,0.08880803007827998,116,116,1.0,1180,0.19095925573922579,0.12602570154423964,60,Q2
1cc57b2f24ec,0.5719869104884098,0.5264597087736351,0.6158839334656857,0.8270605447085604,0.17293945529143961,116,116,1.0,473,0.1821193444245231,0.125,60,Q1_low
1d05fd8982e9,0.6362018284629776,0.5898360940218089,0.6824941351324791,0.9193638615477352,0.0806361384522648,92,116,0.7931034482758621,1193,0.19525754151280225,0.1298869935936654,48,Q2
1d1b84fded24,0.774703984595227,0.7462068549967549,0.8012177953183529,0.6029922840873908,0.3970077159126092,116,116,1.0,942,0.17406225675497763,0.1031449174734779,60,Q4_high
1d3f78ace976,0.7779460345550452,0.7529073016613542,0.8011012012384248,0.5821562501671691,0.4178437498328309,116,116,1.0,948,0.17651960739386258,0.108947941026572,60,Q4_high
1d56fc586747,0.7801110797252239,0.7557417495577735,0.8007347126086878,0.5727265380730729,0.42727346192692706,116,116,1.0,951,0.17244829931978214,0.0797831741021425,60,Q4_high
1d66aadb3087,0.6746537819379345,0.6198903916761206,0.7232308235140861,0.8135705899564201,0.18642941004357994,116,116,1.0,913,0.20017823583846467,0.12804926974154765,60,Q2
1d7d57f3c2b6,0.5826181448659482,0.5160845961035843,0.6394793445885494,0.8875546803674159,0.11244531963258408,116,116,1.0,881,0.1710006487307212,0.0892459275518199,60,Q2
1d9ba6933780,0.7244665180890043,0.6829449793813612,0.7658603541371772,0.70998638591449,0.29001361408550996,116,116,1.0,934,0.1767553798571708,0.09783494749435745,60,Q3
1da6b3261366,0.7555004610380641,0.7034330215727429,0.794475906177464,0.6444399784457142,0.3555600215542858,92,116,0.7931034482758621,908,0.16825322988405178,0.12602570154423964,48,Q3
1df2b539f6ad,0.5927309648170153,0.5371125639665013,0.6484960959821504,0.7896412434860784,0.21035875651392155,92,116,0.7931034482758621,415,0.16977310815458868,0.12602570154423964,48,Q2
1dff9e0bf6d9,0.7801110797252239,0.7544944894681982,0.7990364012572926,0.5727265380730729,0.42727346192692706,116,116,1.0,951,0.17305523231391196,0.1010675202805901,60,Q4_high
1e1cb6822355,0.7757236253994376,0.7447250966063379,0.809260911441111,0.609713755939533,0.39028624406046697,92,116,0.7931034482758621,954,0.1712599341032884,0.12602570154423964,48,Q4_high
1e47fc4c3f73,0.7801110797252239,0.7574478946361447,0.8018017726966437,0.5727265380730729,0.42727346192692706,116,116,1.0,951,0.18353600940239195,0.125,60,Q4_high
1e5ffa20908c,0.7680121858568738,0.7323182594181189,0.8020297193501423,0.6372273357199909,0.3627726642800091,92,116,0.7931034482758621,941,0.1690226078816757,0.12602570154423964,48,Q4_high
1eb3465ab20a,0.4460808214282843,0.404865113145406,0.48351525181405086,0.9543724112468116,0.0456275887531884,116,116,1.0,540,0.1907200139289949,0.12602570154423964,60,Q1_low
1ecea9e46402,0.776434607892976,0.7382549786561964,0.8093099334303252,0.6190904091679009,0.3809095908320991,92,116,0.7931034482758621,932,0.20449478593936912,0.13075619276219785,48,Q4_high
1f07fe3e9244,0.7555004610380641,0.7128855445789584,0.7972112292556931,0.6444399784457142,0.3555600215542858,92,116,0.7931034482758621,908,0.16825322988405178,0.12602570154423964,48,Q3
1f27f04d0ec1,0.5372484557966791,0.5237175840128157,0.5525964999015535,0.8797304397683823,0.12026956023161772,116,116,1.0,791,0.20820958752977228,0.12804926974154765,60,Q1_low
1f76b9796e65,0.7555004610380641,0.7073333564924583,0.7943559013132894,0.6444399784457142,0.3555600215542858,92,116,0.7931034482758621,908,0.16825322988405178,0.12602570154423964,48,Q3
1f7dc12f3677,0.49940102834212297,0.4591754583388911,0.5413728986204915,0.9140082444204158,0.08599175557958416,116,116,1.0,508,0.2024391367536441,0.1298869935936654,60,Q1_low
20146cc40856,0.7259014202189898,0.6828137016229651,0.7651687338062877,0.7074628883032424,0.29253711169675756,116,116,1.0,931,0.17830210036895786,0.1105198990664253,60,Q3
2036bee97859,0.7782578547220409,0.7563724479669259,0.8013769647470323,0.5807416417154835,0.4192583582845165,116,116,1.0,951,0.17358776631440828,0.10320072513675925,60,Q4_high
205ddbc04f8c,0.5479793799135775,0.5087129351453668,0.5819907804824233,0.8555147084240927,0.14448529157590728,116,116,1.0,515,0.1891392259111784,0.12602570154423964,60,Q1_low
207c62cb8140,0.7098162078150838,0.6734552738051018,0.7472101240866652,0.7604026992087859,0.2395973007912141,116,116,1.0,1041,0.19965692033961113,0.12602570154423964,60,Q2
2089b2990667,0.7724818811194848,0.7455822320945941,0.7957117803378557,0.5993910357778593,0.40060896422214065,116,116,1.0,955,0.17248429835003562,0.09478820305329165,60,Q4_high
20e5542944b5,0.7518137786955618,0.723285406905151,0.7791497848009392,0.655828921912595,0.344171078087405,116,116,1.0,978,0.17274935297561186,0.125,60,Q3
210594eec92b,0.602806061624112,0.536628214619898,0.6650158036901246,0.8708457380743378,0.12915426192566215,116,116,1.0,878,0.17476352338704967,0.125,60,Q2
2189583113e5,0.7857747783439294,0.7531449888862182,0.8146872444358363,0.5889269002957773,0.4110730997042227,92,116,0.7931034482758621,942,0.16984378344783377,0.12602570154423964,48,Q4_high
21a10de31382,0.7555004610380641,0.7062504806359967,0.8035080248951916,0.6444399784457142,0.3555600215542858,92,116,0.7931034482758621,908,0.16825322988405178,0.12602570154423964,48,Q3
21d5bb7d6347,0.5142882963773522,0.4493352114095889,0.5834072006672457,0.9437757315488413,0.05622426845115869,116,116,1.0,888,0.18285560167521478,0.12602570154423964,60,Q1_low
21f95e9c2fc3,0.7782578547220409,0.7535043288770559,0.7990667332992313,0.5807416417154836,0.4192583582845164,116,116,1.0,951,0.17180284185472364,0.0771061564093737,60,Q4_high
2220aeda53c4,0.7089050052316443,0.6555700062485925,0.7505273582501558,0.7778287860816591,0.22217121391834094,92,116,0.7931034482758621,1029,0.20435930013654394,0.13075619276219785,48,Q2
2241c1d06ac1,0.774703984595227,0.7491402512696945,0.80259759584521,0.6029922840873908,0.3970077159126092,116,116,1.0,942,0.18059927477866297,0.125,60,Q4_high
224e7eed53ee,0.7647047619834556,0.7302110314104118,0.7949608712636284,0.641864549218128,0.35813545078187203,116,116,1.0,929,0.1980405756072127,0.12926277969986766,60,Q4_high
22a2ab373506,0.7332854474990979,0.6955008446691431,0.7710357800934473,0.7196556580288316,0.2803443419711684,92,116,0.7931034482758621,1014,0.16900661667564967,0.12602570154423964,48,Q3
22f32c98c814,0.6278224415064801,0.580514978613573,0.6783767206010602,0.9332455001797008,0.06675449982029924,92,116,0.7931034482758621,1210,0.2037514147692624,0.12991537627705518,48,Q2
2337969a7273,0.7590778588421001,0.7281062901647035,0.7900784814101599,0.6475709925148463,0.3524290074851537,116,116,1.0,943,0.17934273313770457,0.125,60,Q3
233b960a1961,0.54515668276889,0.49302615467090916,0.5973552881980984,0.8681510702668197,0.1318489297331803,116,116,1.0,459,0.18083187935928374,0.125,60,Q1_low
2341c6362bff,0.7779460345550452,0.7559437649648519,0.8005768785867937,0.5821562501671691,0.4178437498328309,116,116,1.0,948,0.18553707125034558,0.125,60,Q4_high
235718419a94,0.6727432344149098,0.613647882459959,0.7255281953363301,0.8147270658707955,0.18527293412920454,116,116,1.0,915,0.21354047946964555,0.1331605294190138,60,Q2
2359b8577e23,0.5381825921226853,0.4821130845544617,0.5839959123708942,0.7546205548549965,0.24537944514500354,116,116,1.0,407,0.16997276508977072,0.0628191229452645,60,Q1_low
235a48b8c017,0.7042605819527218,0.6459748500208741,0.7592618654430885,0.7825623117890372,0.21743768821096277,92,116,0.7931034482758621,928,0.1785551390711987,0.12926277969986766,48,Q2
235d9079694f,0.7024537372922975,0.6503831471799534,0.7505323285020864,0.7773141305226792,0.22268586947732083,116,116,1.0,930,0.23000851519783244,0.1360776392555722,60,Q2
23b3ed0a4aee,0.7726852097174881,0.7482193307943333,0.7978995461724029,0.5973993939901423,0.4026006060098577,116,116,1.0,952,0.17149694161913015,0.07798360275610625,60,Q4_high
23eba09b6089,0.7555004610380641,0.7045351547483825,0.7982378185195766,0.6444399784457142,0.3555600215542858,92,116,0.7931034482758621,908,0.16825322988405178,0.12602570154423964,48,Q3
2452513a82ac,0.7213544186646348,0.6795218168616248,0.7598791955693291,0.7423399572357461,0.2576600427642539,116,116,1.0,938,0.2175488154308744,0.13264565293416464,60,Q3
24551794971c,0.7148446648363218,0.6649089938890937,0.7614332682518747,0.7374531585473683,0.26254684145263174,116,116,1.0,924,0.18937264758870595,0.12602570154423964,60,Q2
24cf1ad4bee3,0.7831937230270134,0.7518720477101333,0.8131182388334602,0.5873540019375638,0.4126459980624362,92,116,0.7931034482758621,945,0.16889802536282064,0.12602570154423964,48,Q4_high
24e8903e3937,0.7145882971209869,0.6681207298085926,0.7630643854859797,0.7276465606846104,0.2723534393153896,116,116,1.0,930,0.17295708465548865,0.0862932898526102,60,Q2
24f77e2cd27d,0.6383264986856554,0.5864361723777055,0.6893138941162296,0.8684633574059469,0.13153664259405307,116,116,1.0,947,0.1912093572425164,0.12602570154423964,60,Q2
25155a6d62d7,0.7759047684636384,0.7489154422573343,0.7980047513917613,0.5988041406193122,0.4011958593806878,116,116,1.0,939,0.17801403561723814,0.125,60,Q4_high
25318c72858c,0.7738630734686821,0.7366154538421232,0.806713109903697,0.6263156957294234,0.37368430427057664,92,116,0.7931034482758621,939,0.1957630862515295,0.12926277969986766,48,Q4_high
25792c5da171,0.7366462104173558,0.6926876488520197,0.777562699776237,0.6874768535909713,0.3125231464090287,116,116,1.0,922,0.18791020578052914,0.12602570154423964,60,Q3
25b8e545a9ce,0.5832645904499373,0.5348583733701301,0.6273844204933426,0.8189772277991547,0.18102277220084528,116,116,1.0,436,0.21625063881132847,0.1298869935936654,60,Q2
2651bad92999,0.7760717495773866,0.7525450499024484,0.8013423324337072,0.5898108883701689,0.41018911162983107,116,116,1.0,949,0.18731412707065012,0.12602570154423964,60,Q4_high
265c1bde8e16,0.7002970862215495,0.6533871198731718,0.7480097313737737,0.7500015723720799,0.24999842762792013,116,116,1.0,932,0.1774392020729618,0.125,60,Q2
2671b7598993,0.7555004610380641,0.7099196558990732,0.7990354878364601,0.6444399784457142,0.3555600215542858,92,116,0.7931034482758621,908,0.16825322988405178,0.12602570154423964,48,Q3
2685e48e877e,0.5699661148548265,0.4992752096741572,0.640629702041175,0.9110670858940965,0.08893291410590354,92,116,0.7931034482758621,890,0.17609976444530576,0.12804926974154765,48,Q1_low
26a0c6e0891f,0.7242435105399869,0.6806319403490939,0.7646465551224746,0.7060241447200042,0.2939758552799958,116,116,1.0,931,0.17636440230285785,0.11118832191230625,60,Q3
26a3a5466b17,0.7801110797252239,0.757357714849141,0.8034498813587414,0.5727265380730729,0.42727346192692706,116,116,1.0,951,0.1973726522329779,0.12804926974154765,60,Q4_high
26b1d8bc81d9,0.676101429367234,0.6251990706585754,0.7283769609173203,0.8017085267885066,0.19829147321149343,116,116,1.0,936,0.18968489966144061,0.125,60,Q2
26d12e3ebd1e,0.7002113126146458,0.6663715794983732,0.734241349951356,0.7940534292994661,0.2059465707005339,116,116,1.0,1107,0.1910041983854475,0.12602570154423964,60,Q2
26daaa521a0b,0.7782819237392017,0.7555274293661209,0.800765697855157,0.5810685287649938,0.4189314712350062,116,116,1.0,952,0.17231998268646584,0.11220369305976705,60,Q4_high
26efa3d0f87a,0.7692684983519392,0.7421505249869095,0.7978988490546607,0.6241333815732913,0.37586661842670865,116,116,1.0,935,0.18376024460419474,0.125,60,Q4_high
26fc258a71a1,0.7826122818163677,0.7505010778235717,0.8109471940661945,0.5909602135030307,0.40903978649696926,92,116,0.7931034482758621,939,0.1700774184668662,0.12602570154423964,48,Q4_high
271012fe0911,0.7300326786647096,0.6909973827673558,0.7707665745144441,0.695481231221172,0.304518768778828,116,116,1.0,933,0.17536729290021633,0.1127527054234138,60,Q3
27475de623ca,0.5728292791894094,0.5073704925745637,0.6386336962687192,0.8804229456488043,0.1195770543511957,116,116,1.0,860,0.1704859436098273,0.07530062423580094,60,Q1_low
2773677608f0,0.5820583116629572,0.5387372984592124,0.6356206935120103,0.8208314558808183,0.1791685441191817,116,116,1.0,455,0.21213167778250525,0.13075619276219785,60,Q2
2777cd9cb06d,0.7764545335639476,0.7526285659256299,0.8002885795764632,0.5906379114591543,0.40936208854084566,116,116,1.0,944,0.1855826414224591,0.125,60,Q4_high
278690b4176c,0.7389449616294385,0.7064366599543034,0.7729610845168458,0.6848508254119524,0.3151491745880476,116,116,1.0,986,0.17960151291141827,0.125,60,Q3
27a7f07ef806,0.5560777850786212,0.4953463158825425,0.6080251793707999,0.8783360260936979,0.12166397390630213,92,116,0.7931034482758621,450,0.2315051956694255,0.13872849757459466,48,Q1_low
27b19b361fda,0.5273363435176124,0.49361330049719,0.5621023582038664,0.8808032871723156,0.1191967128276844,116,116,1.0,547,0.2093232519318007,0.12804926974154765,60,Q1_low
27cab63f49f9,0.7653097133779291,0.7345850990974736,0.7971373166031249,0.63696097305695,0.36303902694305,116,116,1.0,941,0.19058343379851525,0.125,60,Q4_high
27f56592126b,0.7908783190234073,0.766903942417566,0.815752527477925,0.563740207876135,0.436259792123865,92,116,0.7931034482758621,949,0.17163610847541508,0.12602570154423964,48,Q4_high
287f8535bf7b,0.7524036918154825,0.7108144223003156,0.7971162971302458,0.6818692484751704,0.3181307515248296,92,116,0.7931034482758621,922,0.20156567440116221,0.13040444634134618,48,Q3
28896ec10fef,0.5370257128277653,0.5117958832817898,0.5616365734601891,0.9087128218520835,0.09128717814791654,92,116,0.7931034482758621,900,0.18870731851304026,0.1303725654977576,48,Q1_low
28cdf091a56f,0.7908783190234073,0.7627458815586218,0.8157292134794747,0.563740207876135,0.436259792123865,92,116,0.7931034482758621,949,0.16890464720886614,0.12602570154423964,48,Q4_high
28d8711a56f8,0.5977080906309622,0.5385751823273621,0.6634675296225139,0.8739210033331394,0.12607899666686062,116,116,1.0,873,0.16997617782390712,0.0627311941166389,60,Q2
290f8ef1a2d9,0.7619309243867313,0.7289255742857195,0.7928722660122658,0.6495531724178114,0.3504468275821886,116,116,1.0,930,0.19324538765618612,0.12804926974154765,60,Q3
2969d917aee0,0.7555004610380641,0.711430189190018,0.8012852184313115,0.6444399784457142,0.3555600215542858,92,116,0.7931034482758621,908,0.16825322988405178,0.12602570154423964,48,Q3
29761c512843,0.530884677355029,0.5160205627009526,0.5448781241984367,0.8748151247195872,0.12518487528041278,116,116,1.0,732,0.19691236999941977,0.12926277969986766,60,Q1_low
299676d4cba9,0.7652127925083596,0.7324389883968097,0.7960541815349779,0.6394937023563081,0.3605062976436919,116,116,1.0,933,0.1738076041933654,0.09843586469543561,60,Q4_high
2a71b405b665,0.7555004610380641,0.7097034838290555,0.79755681872475,0.6444399784457142,0.3555600215542858,92,116,0.7931034482758621,908,0.16825322988405178,0.12602570154423964,48,Q3
2a7646037a29,0.7585885859186661,0.7264940862701683,0.786588356726367,0.6260021126376539,0.37399788736234607,116,116,1.0,970,0.18013449943250098,0.125,60,Q3
2ab513bae6d4,0.5573547637142295,0.49697955450877856,0.6153770342586653,0.8370465797108593,0.16295342028914073,92,116,0.7931034482758621,410,0.18567134806951205,0.12926277969986766,48,Q1_low
2ac8d4958a40,0.7594329070951473,0.7280854923794322,0.7862248359825003,0.6350851787875397,0.3649148212124603,116,116,1.0,955,0.17577736749071377,0.125,60,Q3
2aff114d9f52,0.6126782526488598,0.5641582544575033,0.6619796843542212,0.8957890679391429,0.10421093206085708,116,116,1.0,937,0.19669230006603272,0.12804926974154765,60,Q2
2b236ff323e0,0.551079673491201,0.5272686985234561,0.5752914789751901,0.9040692984229113,0.09593070157708872,116,116,1.0,907,0.18915927808200098,0.12602570154423964,60,Q1_low
2b3a523fb89b,0.668633895439799,0.6168296901757266,0.7208114283481941,0.8060118474095868,0.19398815259041324,116,116,1.0,955,0.19759461505926695,0.12804926974154765,60,Q2
2b5dde0a9784,0.7656400916104038,0.7360657514693061,0.7925268221417233,0.6225625168152454,0.37743748318475456,116,116,1.0,959,0.1796684807019413,0.125,60,Q4_high
2b6ee8647b13,0.7301202003092506,0.679555712096023,0.7824638200402375,0.7403237620342763,0.2596762379657237,92,116,0.7931034482758621,917,0.22733904515048045,0.13872849757459466,48,Q3
2be2bb6dbb5f,0.7801110797252239,0.758679277801074,0.8018480976051604,0.5727265380730729,0.42727346192692706,116,116,1.0,951,0.173614772508514,0.09229054086240396,60,Q4_high
2be57d9e9071,0.5535894771562485,0.5094400674080058,0.5951170712358724,0.8517693285589419,0.14823067144105806,116,116,1.0,490,0.1877676344174535,0.12602570154423964,60,Q1_low
2c453fa4185a,0.5218490929823926,0.5060205548135305,0.5389811919312378,0.8796878001794235,0.1203121998205765,92,116,0.7931034482758621,713,0.1780689574977126,0.12804926974154765,48,Q1_low
2c4faeae7f20,0.5496813136271549,0.5011994221089906,0.6005617783708443,0.8582268880370839,0.1417731119629161,116,116,1.0,446,0.17061063963905,0.07262050722259235,60,Q1_low
2c518d19f9fd,0.7296323082117538,0.6871990304870442,0.7682030484041579,0.6962826997753294,0.3037173002246706,116,116,1.0,929,0.1823565911058426,0.125,60,Q3
2c5900b9d30f,0.7743305262350417,0.7513803292519474,0.7971390786617734,0.5919830260315436,0.4080169739684564,116,116,1.0,951,0.1717248405555022,0.079080333448083,60,Q4_high
2ca4a95a05a2,0.768105725089258,0.7359955877956321,0.7964230492296966,0.6219364473796338,0.3780635526203662,116,116,1.0,940,0.205525290984132,0.1303725654977576,60,Q4_high
2cc08f5e354b,0.5494046958343549,0.5265201480228877,0.5741625115249882,0.897829391195848,0.10217060880415196,116,116,1.0,892,0.18465391606563128,0.12602570154423964,60,Q1_low
2cf0963c0d6b,0.7721851262823227,0.744696888848889,0.794515531966365,0.6008204353303186,0.3991795646696814,116,116,1.0,947,0.1784180140920592,0.125,60,Q4_high
2d0998b3c5fc,0.6999175160525174,0.6502460142938332,0.7518707148242479,0.7861278137076481,0.21387218629235194,92,116,0.7931034482758621,927,0.18415184825697928,0.12926277969986766,48,Q2
2d18f2ccad0d,0.5719404073633261,0.5293294386659184,0.6134071353166699,0.8293895829747476,0.17061041702525237,116,116,1.0,472,0.18548179526188593,0.125,60,Q1_low
2d1cddc41183,0.5579120208706372,0.5067348974507887,0.6094212871942465,0.8391418833922673,0.16085811660773275,116,116,1.0,433,0.21638575765538767,0.13109370065916243,60,Q1_low
2d31f959b033,0.5381825921226853,0.48735307169395375,0.5919862849568008,0.7546205548549965,0.24537944514500354,116,116,1.0,407,0.16996291919549977,0.06252373715798909,60,Q1_low
2d5461ebdc4f,0.780332857934627,0.7605342532127688,0.8035498756314735,0.571138454818159,0.42886154518184105,116,116,1.0,955,0.18532991061932988,0.125,60,Q4_high
2d8cfed8598c,0.684739194901502,0.6408574459258762,0.7313515547369923,0.7860512211363858,0.2139487788636142,116,116,1.0,937,0.17473456791779524,0.125,60,Q2
2d8f2252855c,0.5438690232402879,0.5077003269483963,0.579621263891501,0.858383029594442,0.14161697040555798,116,116,1.0,524,0.17961012959416311,0.11883538514793396,60,Q1_low
2da3434441cc,0.7296323082117538,0.6835043797067015,0.7702735560248379,0.6962826997753294,0.3037173002246706,116,116,1.0,929,0.17335642261314052,0.0830777207704114,60,Q3
2dd7bc6bd0e0,0.7782819237392017,0.756699191646507,0.8000990375119196,0.5810685287649938,0.4189314712350062,116,116,1.0,952,0.17566746416771944,0.1187029100588672,60,Q4_high
2ec0cb313dcf,0.7086724021517529,0.6727210423767673,0.7415232388931836,0.7615218136867707,0.23847818631322926,116,116,1.0,1085,0.1833365266314823,0.125,60,Q2
2ecaa0278867,0.6437927081930204,0.6038153680351428,0.6852977262370301,0.9093612170217039,0.09063878297829608,116,116,1.0,1203,0.2006203711792659,0.12926277969986766,60,Q2
2f705acf7500,0.725531417525376,0.6850573991263303,0.7625256082799339,0.7081106010610656,0.2918893989389344,116,116,1.0,928,0.1739666329490155,0.11248180430213135,60,Q3
2f7511715c88,0.7047330243463965,0.65972455789939,0.7509103931851395,0.772390053437596,0.22760994656240396,116,116,1.0,925,0.18471979378612094,0.125,60,Q2
2fb9cef7459f,0.5070344174319436,0.4540197706379468,0.562032809652683,0.8249586526970765,0.17504134730292353,116,116,1.0,428,0.18725888639688906,0.125,60,Q1_low
301349067b2b,0.7555004610380641,0.7111803726402144,0.8007258679139322,0.6444399784457142,0.3555600215542858,92,116,0.7931034482758621,908,0.16825322988405178,0.12602570154423964,48,Q3
301dc5df9e1a,0.7801110797252239,0.7596758646287708,0.8041180588460292,0.5727265380730729,0.42727346192692706,116,116,1.0,951,0.1839984685308075,0.125,60,Q4_high
30ac16eb1f65,0.7300326786647096,0.6878796959891862,0.7701153584581969,0.695481231221172,0.304518768778828,116,116,1.0,933,0.18721464684263794,0.125,60,Q3
30b36d9a5f19,0.7725141960044118,0.7463735972190035,0.7984134400395607,0.6140998430443989,0.3859001569556011,116,116,1.0,934,0.18365186558075391,0.125,60,Q4_high
313d553c7d7e,0.7582533644443308,0.7242854506373286,0.7856886823701139,0.6312784371136566,0.3687215628863434,116,116,1.0,970,0.1732789366834875,0.125,60,Q3
31996d251977,0.7205288397049747,0.6795223393579587,0.7605350739628984,0.7484408188519516,0.2515591811480484,116,116,1.0,919,0.20986584194857985,0.1303725654977576,60,Q3
319ad9b2cf45,0.5270269512231441,0.4759719863977197,0.5829125246025232,0.8877445221684087,0.11225547783159129,92,116,0.7931034482758621,481,0.19030270690768725,0.12926277969986766,48,Q1_low
319b7afc614d,0.7555004610380641,0.7114733521667975,0.798004849977457,0.6444399784457142,0.3555600215542858,92,116,0.7931034482758621,908,0.16825322988405178,0.12602570154423964,48,Q3
31b78c986872,0.6609451336582169,0.6164705509814626,0.7058974182370997,0.8822092937136379,0.11779070628636212,92,116,0.7931034482758621,1167,0.1922543829077449,0.1298869935936654,48,Q2
3200edf45e15,0.5115438588702278,0.4749800220426723,0.5501539279979433,0.9108094265275581,0.08919057347244186,116,116,1.0,533,0.24209714025395906,0.13872849757459466,60,Q1_low
3242ceea2b6d,0.7903717803162545,0.764716048552587,0.8162684773406332,0.5649444861171451,0.4350555138828549,92,116,0.7931034482758621,946,0.16826916167307357,0.12602570154423964,48,Q4_high
32782ba99dc7,0.6572525910418558,0.609871623165754,0.7021930428845369,0.8880582437147938,0.1119417562852062,92,116,0.7931034482758621,1166,0.18960227497097815,0.1298869935936654,48,Q2
3303e6ac1454,0.7779432086995361,0.7552294996925613,0.8023583982512899,0.5831377048207748,0.41686229517922524,116,116,1.0,947,0.17280005206118393,0.08153238466146284,60,Q4_high
3379aac1fb95,0.7380099810899191,0.6866982073400516,0.7895306788586313,0.7195832575472351,0.28041674245276493,92,116,0.7931034482758621,919,0.1975057079514889,0.1298869935936654,48,Q3
3394a59f3871,0.62896802759645,0.5617315316574268,0.7049225073801325,0.8447616982857977,0.15523830171420228,92,116,0.7931034482758621,876,0.16837838488665238,0.12602570154423964,48,Q2
341ef0c2da76,0.5279511887538473,0.4780516415544223,0.5744094913071114,0.7922747279662791,0.20772527203372093,116,116,1.0,421,0.1701647558163052,0.06849739738616376,60,Q1_low
342ef03206a3,0.669701856658219,0.6145729496168915,0.7196819566339603,0.8382010094772588,0.16179899052274116,92,116,0.7931034482758621,1004,0.16919618262339167,0.12602570154423964,48,Q2
343c84605d84,0.6879351752706067,0.6371444811798174,0.7352227756698057,0.7965848502176779,0.2034151497823221,116,116,1.0,918,0.2017554257324874,0.12926277969986766,60,Q2
347c4e3e6233,0.7555004610380641,0.7096750082508125,0.797896322100773,0.6444399784457142,0.3555600215542858,92,116,0.7931034482758621,908,0.16825322988405178,0.12602570154423964,48,Q3
347c809f3195,0.5205155448312214,0.4715388621752819,0.5687730494845417,0.9074036075288877,0.09259639247111229,92,116,0.7931034482758621,483,0.2254675741098688,0.1369721420765514,48,Q1_low
34ae85cb12ac,0.5810075948670845,0.5406874554205379,0.6253237213796342,0.8233949950727547,0.1766050049272453,116,116,1.0,452,0.19893343213042017,0.12804926974154765,60,Q2
34c2d94da700,0.7801110797252239,0.7561950851442345,0.801985584094484,0.5727265380730729,0.42727346192692706,116,116,1.0,951,0.18032549124190572,0.11619695397577931,60,Q4_high
34de111120de,0.5526966528306082,0.5224194610211692,0.5820697843494468,0.9328921835861066,0.0671078164138934,116,116,1.0,964,0.2004222101276171,0.12804926974154765,60,Q1_low
35110d6e897b,0.7555004610380641,0.7104198470222594,0.7987245266070574,0.6444399784457142,0.3555600215542858,92,116,0.7931034482758621,908,0.16825322988405178,0.12602570154423964,48,Q3
35253168c9ba,0.5307782340105751,0.5053620480276931,0.5569847683106608,0.9115907256193115,0.08840927438068846,92,116,0.7931034482758621,884,0.18920949330847092,0.12804926974154765,48,Q1_low
357067b1b2c9,0.7555004610380641,0.703442508630662,0.7955280870877558,0.6444399784457142,0.3555600215542858,92,116,0.7931034482758621,908,0.16825322988405178,0.12602570154423964,48,Q3
3574b180b36d,0.7903717803162545,0.7657435076520024,0.8156042956945153,0.5649444861171451,0.4350555138828549,92,116,0.7931034482758621,946,0.16882098250047775,0.12602570154423964,48,Q4_high
35773831bd9f,0.583784863062504,0.532281192689526,0.6345617374784085,0.8191089837645423,0.18089101623545767,92,116,0.7931034482758621,458,0.1781410927418008,0.12804926974154765,48,Q2
35cb1431e768,0.7178992703653388,0.6724124938139675,0.7618518608647264,0.7486208597245918,0.2513791402754082,116,116,1.0,932,0.23353606604623686,0.1360776392555722,60,Q2
35dabcad5e6a,0.6425583922984429,0.5758059823371069,0.7016945005345628,0.8774125100371327,0.12258748996286728,92,116,0.7931034482758621,906,0.20945174932536312,0.13075619276219785,48,Q2
35de9401de64,0.5813026133909296,0.5383147067279866,0.6349273501134143,0.8207896612936665,0.17921033870633352,116,116,1.0,438,0.21671451856162835,0.1331605294190138,60,Q2
3600aca2e74c,0.5791060930834315,0.5265292474326712,0.6279079296523735,0.8175238394844798,0.18247616051552018,116,116,1.0,434,0.23784803161296894,0.137791541205188,60,Q2
362fa8cb91cb,0.7300326786647096,0.686343728613033,0.7689992650997818,0.695481231221172,0.304518768778828,116,116,1.0,933,0.17083225991825746,0.06938978971302515,60,Q3
365f506721a1,0.7555004610380641,0.7075094360261674,0.79948449844474,0.6444399784457142,0.3555600215542858,92,116,0.7931034482758621,908,0.16825322988405178,0.12602570154423964,48,Q3
367fda42cf50,0.6516116049290381,0.5882548104128991,0.7094365316252524,0.8376337079382236,0.16236629206177644,116,116,1.0,907,0.18700780645276796,0.12804926974154765,60,Q2
36bf2a4f6132,0.5688813089740177,0.5261392366148084,0.6086135655009668,0.8354546400630267,0.16454535993697328,116,116,1.0,475,0.18152002576718754,0.125,60,Q1_low
36c529042fbc,0.7638629436426252,0.7359185575767417,0.7896710702779657,0.6200848999061744,0.37991510009382556,116,116,1.0,965,0.17157567113116953,0.093449039824244,60,Q3
36c6d34d8540,0.5385755868903701,0.49548975549849494,0.5800000609165604,0.8794240452100367,0.1205759547899633,116,116,1.0,517,0.19378039345875775,0.12804926974154765,60,Q1_low
36eac7055318,0.7828690245824244,0.7518299721156697,0.8084170148538843,0.5895220431875794,0.4104779568124206,92,116,0.7931034482758621,954,0.16935298394696033,0.12602570154423964,48,Q4_high
36fcdd838e85,0.5819195005669467,0.5365824436860023,0.6226400648344892,0.8281926938717928,0.17180730612820716,116,116,1.0,451,0.1922637024581972,0.12804926974154765,60,Q2
3750ceb833df,0.52943494991867,0.5056012279998069,0.5521347588394643,0.9072325627065883,0.09276743729341175,92,116,0.7931034482758621,862,0.19889457314098155,0.1303725654977576,48,Q1_low
37c690a2d077,0.5303750232134473,0.5026519906952086,0.5588950542334521,0.8659016956586127,0.13409830434138725,116,116,1.0,574,0.1948330811336751,0.125,60,Q1_low
37e2b1e3c072,0.7779460345550452,0.7553911922384768,0.8012071970953893,0.5821562501671691,0.4178437498328309,116,116,1.0,948,0.1719186319384272,0.07798835796515245,60,Q4_high
37e3d4b81393,0.5569728425247723,0.5088281968019729,0.6043591434599207,0.8535269565847484,0.14647304341525158,92,116,0.7931034482758621,484,0.17946338120780228,0.12926277969986766,48,Q1_low
37e5798727e9,0.780332857934627,0.7605128095743667,0.8030720833578187,0.5711384548181588,0.42886154518184116,116,116,1.0,955,0.17304122095089916,0.0879675474081083,60,Q4_high
382efa06f70b,0.6716460091557359,0.6150340481921411,0.724738329857649,0.8130012189350065,0.18699878106499346,116,116,1.0,904,0.19212612406446478,0.12602570154423964,60,Q2
389890afe30b,0.7226219069590951,0.6800918005247248,0.7663418947769706,0.7168272260970797,0.2831727739029203,116,116,1.0,929,0.1826452584764772,0.125,60,Q3
38ccebd70ed0,0.5316261316249304,0.5020470944717695,0.5594623527897001,0.925219370057875,0.07478062994212498,92,116,0.7931034482758621,930,0.20050633954655026,0.1303725654977576,48,Q1_low
38cee92b065f,0.7159474223879508,0.6742602673051599,0.7648963831121098,0.7537495695441359,0.24625043045586414,116,116,1.0,917,0.1905557892007333,0.12602570154423964,60,Q2
392dad1f301e,0.5534462824323801,0.5293667074423835,0.5766523251553308,0.8994903892950048,0.1005096107049952,116,116,1.0,897,0.19543444088360132,0.12926277969986766,60,Q1_low
3936a2d0b4dc,0.7817884329615022,0.7546380116889192,0.8099720377324059,0.5925730572806767,0.40742694271932334,92,116,0.7931034482758621,948,0.1724914134735652,0.12602570154423964,48,Q4_high
394682cbb820,0.7492404088101721,0.7125770979150275,0.7814954131344455,0.682143335324375,0.317856664675625,116,116,1.0,924,0.20760071341688568,0.1331605294190138,60,Q3
3953f31006f7,0.7592330452454171,0.7228113381522706,0.7901828187488036,0.6564824143684982,0.3435175856315018,92,116,0.7931034482758621,983,0.16972519959737417,0.12602570154423964,48,Q3
39663573c347,0.7596114313885901,0.725985202219869,0.7914523852942852,0.650838419902072,0.34916158009792797,116,116,1.0,946,0.1795067251928694,0.1119005599370183,60,Q3
397213358827,0.7555004610380641,0.7142471695219095,0.7983586435592205,0.6444399784457142,0.3555600215542858,92,116,0.7931034482758621,908,0.16825322988405178,0.12602570154423964,48,Q3
3a2768d8fbe3,0.7744311437073028,0.7534709212375199,0.7975663165547388,0.5923667533359186,0.4076332466640814,116,116,1.0,959,0.17339925683925392,0.0858086035386824,60,Q4_high
3b1fc460c2b7,0.5603126904048092,0.5167329576034091,0.6089406044130568,0.8569596841021314,0.1430403158978686,116,116,1.0,450,0.2044951099458432,0.1303725654977576,60,Q1_low
3b49fdc1c57e,0.6558273592987689,0.6002338295814216,0.7103494096496992,0.8345410870031073,0.16545891299689275,116,116,1.0,912,0.21507216596655734,0.1331605294190138,60,Q2
3b8ff0c4f402,0.7725963702433039,0.7478558259620143,0.7979123816593003,0.6020198373571368,0.3979801626428632,116,116,1.0,952,0.17565031386186666,0.0985172345629283,60,Q4_high
3be50ddfe672,0.546152184111462,0.507705604463621,0.5871110300434637,0.8571731345929254,0.14282686540707457,116,116,1.0,520,0.20290275022663998,0.12926277969986766,60,Q1_low
3c0084c2bc33,0.559785667668873,0.5018100021081539,0.6169750159183472,0.782489248295629,0.21751075170437095,116,116,1.0,404,0.1729407293830217,0.1231725399115782,60,Q1_low
3c0ca844ef5d,0.6395095915362358,0.5831350693033047,0.7008830725763323,0.8468023575843637,0.15319764241563627,116,116,1.0,905,0.1823392056782772,0.12602570154423964,60,Q2
3c205a60d068,0.7748011950534085,0.7516972639090579,0.7971188616482122,0.5903346869334976,0.40966531306650245,116,116,1.0,957,0.17120491254123987,0.0744629813820971,60,Q4_high
3c264c30d42a,0.5692565996087041,0.5099340437356812,0.6296543072619919,0.9064044898463803,0.09359551015361967,116,116,1.0,887,0.17100837739587135,0.09358132652026929,60,Q1_low
3c2d67622f17,0.768397687880242,0.7386685854202003,0.7939039923251725,0.606989612622911,0.39301038737708904,116,116,1.0,949,0.17204660352112672,0.0777025274250942,60,Q4_high
3d3d454f51ab,0.520049649430696,0.4785249600235998,0.5601262760571514,0.894779536121482,0.10522046387851802,116,116,1.0,506,0.18888080697077209,0.12602570154423964,60,Q1_low
3d5dee6bd374,0.607332367627973,0.5454183608438026,0.6650542514280674,0.8696939924319423,0.13030600756805766,116,116,1.0,882,0.17282036327125758,0.09439099197898246,60,Q2
3d7ef3da9ecb,0.44730233401734126,0.4171134830375686,0.47556001059728786,0.9533122070164776,0.046687792983522436,116,116,1.0,586,0.19932437232270186,0.12804926974154765,60,Q1_low
3d7f611a2afe,0.5693248643481531,0.5203433125226362,0.6156123434156753,0.8406712122964195,0.1593287877035805,116,116,1.0,464,0.2103713124012581,0.12926277969986766,60,Q1_low
3d863afd983a,0.7831937230270134,0.7527361148914312,0.813161838230262,0.5873540019375638,0.4126459980624362,92,116,0.7931034482758621,945,0.1685083740252493,0.12602570154423964,48,Q4_high
3effcaa210cf,0.5937647028976805,0.516180188464223,0.666961729093086,0.8828073468365242,0.11719265316347582,92,116,0.7931034482758621,884,0.16945371234416343,0.12602570154423964,48,Q2
3f4acfe86aa1,0.7760717495773866,0.7507224506514966,0.7974141646821234,0.5898108883701689,0.41018911162983107,116,116,1.0,949,0.1731389641800855,0.090202363562213,60,Q4_high
3f4c9f2c4d00,0.7779460345550452,0.7538112427309854,0.8032807118399293,0.5821562501671691,0.4178437498328309,116,116,1.0,948,0.17214008981171336,0.08648170617570605,60,Q4_high
3f505524532b,0.7801110797252239,0.7568397104035681,0.8016445892006879,0.5727265380730729,0.42727346192692706,116,116,1.0,951,0.17224858917958757,0.07610604590272341,60,Q4_high
3f556ddf0ac3,0.7185222753373005,0.6783496268260343,0.7584925304102487,0.7191578961140623,0.28084210388593767,116,116,1.0,931,0.17781424917671662,0.125,60,Q2
3f5799c0ac5d,0.5744642627373177,0.5289462476196817,0.6236895624149135,0.8295322376847387,0.17046776231526128,116,116,1.0,434,0.18734645943649283,0.12602570154423964,60,Q1_low
3f8b39a0a392,0.6578645465371087,0.6188388500451574,0.6948461700127551,0.8861733777148798,0.1138266222851202,116,116,1.0,1177,0.21368132715510055,0.1298869935936654,60,Q2
40480270e732,0.6676219036040277,0.6108536248764099,0.7240925625438084,0.8369754629371914,0.16302453706280862,116,116,1.0,899,0.21527121875809732,0.13075619276219785,60,Q2
4051e0f5970a,0.7180627253849216,0.6701570184936723,0.7586779735100151,0.7198320076790504,0.2801679923209496,116,116,1.0,933,0.18940020243682984,0.125,60,Q2
405d821da3f4,0.5517908275334183,0.4995891009324664,0.6039126763006356,0.8503922205161127,0.14960777948388726,116,116,1.0,427,0.22828943577246516,0.1360776392555722,60,Q1_low
406a6bc15562,0.7180627253849216,0.6752962185470726,0.7615501604904529,0.7198320076790504,0.2801679923209496,116,116,1.0,933,0.1738649674583179,0.08728870926389755,60,Q2
406c54681c86,0.4171301149205029,0.37334642901118087,0.4653987086788076,0.9720201296382049,0.027979870361795056,116,116,1.0,725,0.20873445371885063,0.1298869935936654,60,Q1_low
40ace406bbd5,0.7275757698079626,0.6775979286610739,0.761429056873501,0.7018234847897441,0.2981765152102559,116,116,1.0,927,0.17086398649719595,0.0708621682555056,60,Q3
40bfc3690b70,0.4812879714626597,0.4449557437579097,0.5203247304935646,0.9374445249980158,0.06255547500198422,92,116,0.7931034482758621,573,0.2074942526503416,0.13075619276219785,48,Q1_low
410c5ac01a71,0.6831003025055628,0.6336243534264703,0.7293888062119379,0.810542418370705,0.18945758162929505,116,116,1.0,918,0.2035983849950492,0.12926277969986766,60,Q2
4112fdbe26dc,0.7060838963045578,0.6500057415966104,0.7531985160061356,0.7844111666225233,0.2155888333774767,92,116,0.7931034482758621,935,0.18922760764694468,0.12804926974154765,48,Q2
412d86362096,0.7495941235343837,0.7111362214021307,0.7829213072228578,0.685273003426864,0.31472699657313596,116,116,1.0,920,0.20467456676584475,0.1303725654977576,60,Q3
413ec78a56b2,0.5161793518658332,0.4852816588902682,0.5409472438733348,0.8883226848654341,0.11167731513456591,92,116,0.7931034482758621,619,0.19584405139274044,0.1303725654977576,48,Q1_low
415ed833d65f,0.5565808235337063,0.5069718042590549,0.6102149978931186,0.8369798987726798,0.16302010122732025,116,116,1.0,421,0.21266030205368985,0.1303725654977576,60,Q1_low
421490b75587,0.7744311437073028,0.7493749197226824,0.7977551215204346,0.5923667533359186,0.4076332466640814,116,116,1.0,959,0.17116476934778593,0.07975474875753966,60,Q4_high
422ef22ae34b,0.5879151862405199,0.5382771179348659,0.6409266636576932,0.8140046295211827,0.1859953704788173,92,116,0.7931034482758621,456,0.1940673030088721,0.12926277969986766,48,Q2
42335babf48b,0.7718864965421955,0.7439090095319406,0.7978617224043493,0.6074923530501317,0.3925076469498683,116,116,1.0,948,0.19012988886309168,0.125,60,Q4_high
4239d46569f8,0.5234795240944775,0.4849954389895057,0.5576988121227763,0.889426918705716,0.110573081294284,116,116,1.0,544,0.20221339920746637,0.12926277969986766,60,Q1_low
426b98137bcd,0.7296323082117538,0.6876383079408298,0.7695356634578433,0.6962826997753294,0.3037173002246706,116,116,1.0,929,0.17161107031977307,0.06991596578392464,60,Q3
42977a2e2aa2,0.7885099612545747,0.7625845374270014,0.8153001841287356,0.5785149833539601,0.4214850166460399,92,116,0.7931034482758621,944,0.16885993026493193,0.12602570154423964,48,Q4_high
429c5f41a29d,0.7854052679883132,0.7588067659057058,0.8131901451452619,0.5900261165494114,0.4099738834505886,92,116,0.7931034482758621,938,0.17349223821907986,0.12602570154423964,48,Q4_high
42adb05f4c19,0.7178430750850996,0.674001333741354,0.7592101668819059,0.722072002246369,0.277927997753631,116,116,1.0,933,0.19414441275912092,0.12804926974154765,60,Q2
42ed376b70cc,0.7801110797252239,0.7577115005005765,0.8009366343089712,0.5727265380730729,0.42727346192692706,116,116,1.0,951,0.17090962222574155,0.08021479682707285,60,Q4_high
430a1fe6cc1f,0.7801110797252239,0.7579116494036305,0.8018922728143509,0.5727265380730729,0.42727346192692706,116,116,1.0,951,0.17297709835504038,0.11613737387924425,60,Q4_high
431640b40bde,0.6999829256092639,0.6445780858046627,0.7552272729840604,0.7856192254564243,0.21438077454357574,92,116,0.7931034482758621,928,0.1755766918394722,0.12804926974154765,48,Q2
435754b2a097,0.7711627906145133,0.7433497063036724,0.7974044822984444,0.595273229948004,0.404726770051996,116,116,1.0,954,0.17591657387094048,0.09194952123602815,60,Q4_high
435cfc776601,0.552079192188064,0.4978650778837151,0.5994363652126322,0.8378599747810154,0.16214002521898463,116,116,1.0,418,0.21759450652206913,0.1298869935936654,60,Q1_low
43ace8759dbd,0.5166150818481203,0.4775645662623382,0.5572063965729221,0.8948108296781294,0.10518917032187058,116,116,1.0,516,0.2009860083696348,0.1298869935936654,60,Q1_low
43cd60313665,0.7555004610380641,0.7090612055805045,0.7948424835165392,0.6444399784457142,0.3555600215542858,92,116,0.7931034482758621,908,0.16825322988405178,0.12602570154423964,48,Q3
43ce84ea28c2,0.7881167982364683,0.7621728839963676,0.8150578762384383,0.575071435817106,0.42492856418289404,92,116,0.7931034482758621,944,0.16897859690243014,0.12602570154423964,48,Q4_high
44b609a292c1,0.5603472438986004,0.5065643180992166,0.6093735810665825,0.7787643148539711,0.22123568514602887,116,116,1.0,405,0.18858769822674037,0.12579334412704785,60,Q1_low
45a9b1f46732,0.5714458376718026,0.5244165374309012,0.6168003491805428,0.8333574333766146,0.1666425666233854,116,116,1.0,467,0.17426859362682273,0.09871407354140316,60,Q1_low
45be29dd302f,0.6941419794512851,0.6428760097909387,0.7391078499013669,0.7863286077713856,0.21367139222861442,116,116,1.0,928,0.18716885233747516,0.125,60,Q2
45c7180b8a89,0.7555004610380641,0.7110748662652683,0.7978444284868915,0.6444399784457142,0.3555600215542858,92,116,0.7931034482758621,908,0.16825322988405178,0.12602570154423964,48,Q3
45e40c413abf,0.7725141960044118,0.7441949976680982,0.8002556654298443,0.6140998430443989,0.3859001569556011,116,116,1.0,934,0.17323723555002815,0.0872306177757913,60,Q4_high
45ee47db0b36,0.7782578547220409,0.7573837672406172,0.8012428555329159,0.5807416417154836,0.4192583582845164,116,116,1.0,951,0.17441096557250943,0.1213912912655292,60,Q4_high
45f100216947,0.7411151877801757,0.7090913726247939,0.7716162811886513,0.6900054653342511,0.3099945346657489,116,116,1.0,981,0.1744365444704582,0.0937693207656764,60,Q3
4603192a4486,0.7241446173381922,0.6825587364306964,0.7621695269358664,0.7052893727686221,0.29471062723137786,116,116,1.0,934,0.19276436558969978,0.12804926974154765,60,Q3
46bae806fc34,0.5204513848331777,0.49429531693914314,0.5473258849784544,0.8783322046832249,0.12166779531677507,92,116,0.7931034482758621,622,0.18092039170769983,0.12926277969986766,48,Q1_low
46cd31f478d8,0.7801110797252239,0.7567097327038701,0.8027050776709417,0.5727265380730729,0.42727346192692706,116,116,1.0,951,0.17746456542964584,0.125,60,Q4_high
471abc5be5ba,0.7555004610380641,0.7116282328970435,0.799985007960254,0.6444399784457142,0.3555600215542858,92,116,0.7931034482758621,908,0.16825322988405178,0.12602570154423964,48,Q3
47ad12713a94,0.5682963595934474,0.5094899567139768,0.6143776312767367,0.8461618759196042,0.15383812408039577,92,116,0.7931034482758621,464,0.20469271447629345,0.1303725654977576,48,Q1_low
47d4e5185aec,0.6571163744063356,0.614643257429565,0.7017801936445122,0.8907809477562363,0.10921905224376371,92,116,0.7931034482758621,1187,0.1763159558621121,0.12804926974154765,48,Q2
47dab789e252,0.6588294316481642,0.6198553106874723,0.6942812358060747,0.8828368016594277,0.11716319834057232,116,116,1.0,1169,0.1842432579921734,0.125,60,Q2
4849132fbf50,0.5286774846181767,0.5122649450892264,0.5439565565693404,0.8727038396756848,0.12729616032431523,116,116,1.0,711,0.19237485725103418,0.12926277969986766,60,Q1_low
4860a7c338da,0.7392122423064396,0.6967088257212869,0.7839275662079923,0.7076068643284964,0.2923931356715036,92,116,0.7931034482758621,936,0.17331116817683198,0.12602570154423964,48,Q3
489b54849c63,0.6777187596395353,0.6405470861741915,0.7175260417160831,0.8572670044251738,0.14273299557482622,116,116,1.0,1180,0.2046983823944031,0.1298869935936654,60,Q2
492a0f0f8c54,0.5723342640753712,0.5248778978314634,0.6200480095037142,0.8413633896625875,0.1586366103374125,116,116,1.0,448,0.22871227731716331,0.1360776392555722,60,Q1_low
495196c0b96c,0.5592600507711242,0.5116040843342045,0.6100879837876153,0.8584501999108882,0.14154980008911178,116,116,1.0,441,0.23732028771808647,0.13632467792329256,60,Q1_low
4951c31c3377,0.7012622921951636,0.6628894514228905,0.7356449701057622,0.7920963472637018,0.20790365273629818,116,116,1.0,1105,0.19958971837257106,0.12926277969986766,60,Q2
498e8ec8d6fe,0.7555004610380641,0.7130614087833279,0.7981699512452544,0.6444399784457142,0.3555600215542858,92,116,0.7931034482758621,908,0.16825322988405178,0.12602570154423964,48,Q3
49a4e62c97fe,0.775074238993747,0.7512205437230126,0.7962207260959309,0.5908594063892308,0.40914059361076915,116,116,1.0,959,0.17190332793969726,0.10036362890584655,60,Q4_high
49ab5b7cc3c6,0.7555004610380641,0.7085816672641913,0.7963152918432628,0.6444399784457142,0.3555600215542858,92,116,0.7931034482758621,908,0.16825322988405178,0.12602570154423964,48,Q3
49b273e130f7,0.7864696302009279,0.7534403549379423,0.8143998014708985,0.5828943737226915,0.4171056262773085,92,116,0.7931034482758621,943,0.16953383589500115,0.12602570154423964,48,Q4_high
49eea7f9fdb8,0.5309038303544565,0.48042449856356967,0.5833280784387096,0.8970400300831295,0.10295996991687051,92,116,0.7931034482758621,474,0.18168231188671458,0.12804926974154765,48,Q1_low
4a124e1ed9ca,0.53658682202853,0.4984902473128733,0.5790379589784526,0.8882740144866388,0.11172598551336121,116,116,1.0,505,0.21184418933929966,0.1303725654977576,60,Q1_low
4a3a6b2f3599,0.7555004610380641,0.7091829009502872,0.8024512918671461,0.6444399784457142,0.3555600215542858,92,116,0.7931034482758621,908,0.16825322988405178,0.12602570154423964,48,Q3
4a42f241a965,0.5461984654763073,0.5133141217226843,0.5857306041452248,0.8519261131752387,0.1480738868247613,116,116,1.0,512,0.18655178421087631,0.125,60,Q1_low
4a542fbcb412,0.7744311437073028,0.7517054272807719,0.7992319549809641,0.5923667533359186,0.4076332466640814,116,116,1.0,959,0.18033475420315942,0.125,60,Q4_high
4a5c43f181e5,0.5749805086463999,0.5324896046721337,0.621808348058974,0.8267763739482703,0.1732236260517297,116,116,1.0,464,0.1851637212618435,0.125,60,Q1_low
4a9a8f6896ef,0.711853933745033,0.6642789244459325,0.757225532682488,0.7622249046062944,0.23777509539370556,116,116,1.0,925,0.21605974518816007,0.13075619276219785,60,Q2
4af4101a4ed2,0.5425847672960752,0.5048880837432193,0.5797500515002681,0.8598316601293335,0.14016833987066646,116,116,1.0,527,0.18567220737212214,0.12602570154423964,60,Q1_low
4b19af42cef6,0.5295581856134645,0.48609393228854864,0.5712402555596477,0.894630144867071,0.10536985513292896,116,116,1.0,479,0.20523900167498524,0.13075619276219785,60,Q1_low
4be9a9b75c86,0.7296323082117538,0.6889174635390027,0.7688804513084943,0.6962826997753294,0.3037173002246706,116,116,1.0,929,0.17276527092484614,0.0844065819015284,60,Q3
4c1d8b1f7199,0.57424174392044,0.529424411143188,0.62187181382476,0.8443312915453943,0.15566870845460568,116,116,1.0,448,0.2134501310672114,0.1303725654977576,60,Q1_low
4c849d376332,0.5751046857079538,0.5374799671187381,0.6212624447074263,0.8231120802757323,0.17688791972426765,116,116,1.0,470,0.18735174592417042,0.125,60,Q1_low
4c956ebb270a,0.7750614713699518,0.7415872358501343,0.8061423595115011,0.6114072505783231,0.3885927494216769,92,116,0.7931034482758621,947,0.16915190955020679,0.12602570154423964,48,Q4_high
4ca9c8b36369,0.5750726209437448,0.5322095884401724,0.6203299992030411,0.8237145721811259,0.17628542781887413,116,116,1.0,470,0.1801715476576307,0.125,60,Q1_low
4cbe4f0cd5a1,0.5629853719487673,0.5160856472202339,0.6166662874742548,0.7835624315237213,0.2164375684762787,116,116,1.0,405,0.17335145395102802,0.125,60,Q1_low
4cf9f2b22272,0.7746505908786766,0.7490283021817759,0.7987493076866691,0.5925610103611001,0.4074389896388999,116,116,1.0,955,0.19257880736351113,0.12804926974154765,60,Q4_high
4d025bade328,0.4682725071647466,0.4194311472577716,0.5169074809560908,0.8893677452949578,0.11063225470504223,116,116,1.0,431,0.17962099956149377,0.125,60,Q1_low
4d3ab6375af9,0.7555004610380641,0.7083025611443539,0.7973021752986923,0.6444399784457142,0.3555600215542858,92,116,0.7931034482758621,908,0.16825322988405178,0.12602570154423964,48,Q3
4d5ca6810248,0.7881167982364683,0.7591242233103098,0.8165866882193534,0.575071435817106,0.42492856418289404,92,116,0.7931034482758621,944,0.17497192875946976,0.12602570154423964,48,Q4_high
4d7ce84e9401,0.7540017775918563,0.7248381088779903,0.7809442980597521,0.6511278268788662,0.34887217312113383,116,116,1.0,964,0.17519212330494266,0.125,60,Q3
4daaff78b1ee,0.6586376288470736,0.6192564386425894,0.6962045267733578,0.8785321297740526,0.1214678702259474,116,116,1.0,1165,0.1802571787763406,0.125,60,Q2
4daf4e9aeca8,0.6928989861512796,0.6374609093857166,0.7413903313292229,0.7754879486725305,0.22451205132746954,116,116,1.0,926,0.21731553962464922,0.1303725654977576,60,Q2
4dfc6ab6dda5,0.5836953665047924,0.5308318955509307,0.6335340930058451,0.8240550630287363,0.17594493697126368,92,116,0.7931034482758621,453,0.17949057874155525,0.12804926974154765,48,Q2
4e6c545cab48,0.48132758763696976,0.4473535428258258,0.5178161456748365,0.9380820612905538,0.061917938709446174,92,116,0.7931034482758621,600,0.22543606901176902,0.1369721420765514,48,Q1_low
4f8566c68bba,0.7908783190234073,0.7682808878530789,0.8140780623068442,0.563740207876135,0.436259792123865,92,116,0.7931034482758621,949,0.16895289912393296,0.12602570154423964,48,Q4_high
4f969eb75ed1,0.7801110797252239,0.759658799438069,0.8024199783738125,0.5727265380730729,0.42727346192692706,116,116,1.0,951,0.17186357246112652,0.0739637488719661,60,Q4_high
4fad09c49037,0.7801110797252239,0.7586494365216785,0.8002841507160454,0.5727265380730729,0.42727346192692706,116,116,1.0,951,0.17236919200057685,0.0906263955748004,60,Q4_high
4fb2bee931b5,0.47927654044525686,0.43932196851433036,0.5167373374378904,0.9353978516639014,0.06460214833609856,116,116,1.0,517,0.17105559587260594,0.09338258254034705,60,Q1_low
4fd5d6b84ab4,0.7739050729738967,0.7487948862279319,0.797441349106261,0.586250099351969,0.41374990064803097,116,116,1.0,950,0.17920285754537663,0.125,60,Q4_high
501b8492e03a,0.5698317238354277,0.5138434851588842,0.6170344749118958,0.8046731928731158,0.19532680712688422,116,116,1.0,414,0.2086905802152591,0.13075619276219785,60,Q1_low
502150e46893,0.6549427755484785,0.610356152718822,0.6928758216627237,0.8827015886969358,0.11729841130306418,116,116,1.0,1161,0.19415360700231196,0.12602570154423964,60,Q2
502fc2255295,0.7163760050055297,0.6727852977903427,0.7522749097470429,0.7577431577350123,0.24225684226498767,92,116,0.7931034482758621,1033,0.17442069375452662,0.12804926974154765,48,Q2
503f77772dc9,0.5806557458274821,0.5358975911238011,0.6265523423211083,0.8236744897489525,0.17632551025104748,116,116,1.0,443,0.19996814610441255,0.1303725654977576,60,Q2
50a4613e4876,0.7061766892850357,0.6635539834624915,0.7434972280174229,0.787245550358454,0.212754449641546,92,116,0.7931034482758621,1083,0.1730265317798143,0.12804926974154765,48,Q2
50b936b435a9,0.6067245170504837,0.5449264055948954,0.6631326413241838,0.9101395334812623,0.08986046651873769,116,116,1.0,901,0.20132049169613384,0.12926277969986766,60,Q2
50c4a263b909,0.7801110797252239,0.7569397373667736,0.8011186162484856,0.5727265380730729,0.42727346192692706,116,116,1.0,951,0.1999549045118131,0.12804926974154765,60,Q4_high
514370cf094b,0.7877750936226404,0.7603854002869854,0.8145641160567221,0.5760655253715071,0.4239344746284929,92,116,0.7931034482758621,940,0.1689048603431962,0.12602570154423964,48,Q4_high
516c3f68b4ea,0.7638629436426252,0.7331124084599482,0.7910530660110686,0.6200848999061744,0.37991510009382556,116,116,1.0,965,0.1720667037327326,0.0816100437118909,60,Q3
51bd1e2c64ac,0.558099514951026,0.510000788046676,0.6123662134574253,0.8331524966151661,0.1668475033848339,116,116,1.0,417,0.21532429069096007,0.1303725654977576,60,Q1_low
51c42b2ae938,0.742464438831386,0.6943340297073911,0.7872356614754186,0.7043958123438,0.2956041876562,92,116,0.7931034482758621,918,0.2114746958584938,0.1331605294190138,48,Q3
51cb174c4c2d,0.5779484006438979,0.5390469702285471,0.6212525303665176,0.8195950349163692,0.1804049650836308,116,116,1.0,468,0.18170877359137497,0.125,60,Q1_low
520635a7564c,0.726103757404451,0.6861577081498789,0.7619608619577065,0.7365485487189128,0.26345145128108716,92,116,0.7931034482758621,1039,0.18014879268599238,0.12804926974154765,48,Q3
5208ebcbfdaf,0.7601931251194681,0.7216335625334979,0.7952897472154988,0.662147456286551,0.33785254371344897,92,116,0.7931034482758621,954,0.182574177842441,0.12804926974154765,48,Q3
52541210555c,0.7742372357998902,0.746072898370312,0.8007566732156527,0.5989300096646588,0.4010699903353412,116,116,1.0,945,0.20708078068044009,0.1303725654977576,60,Q4_high
529df30f6ff3,0.7157378475842012,0.6701242992215677,0.761617176994689,0.7345848823126392,0.2654151176873608,116,116,1.0,925,0.21212221583807297,0.1303725654977576,60,Q2
52d49d445b7a,0.7745208989287247,0.7373856597642741,0.8093215747441077,0.6286383053256867,0.37136169467431335,92,116,0.7931034482758621,933,0.19911597225878386,0.1303725654977576,48,Q4_high
530b695102db,0.6698513606548678,0.6169374560971771,0.7171233918344695,0.8492741237786284,0.15072587622137157,92,116,0.7931034482758621,1041,0.2397527888669896,0.1398829391672975,48,Q2
5333c0ee2293,0.6743709215495507,0.625504458875347,0.7264127439481288,0.8159724215386019,0.18402757846139806,116,116,1.0,901,0.19689443752344793,0.12926277969986766,60,Q2
538d36019bf8,0.7801110797252239,0.7573102945268294,0.8034452924642564,0.5727265380730729,0.42727346192692706,116,116,1.0,951,0.18605705515218215,0.125,60,Q4_high
53c1985940c4,0.7313040273393547,0.6907310366801915,0.7691984788298657,0.7227560358677916,0.2772439641322084,116,116,1.0,931,0.22155127584012876,0.13075619276219785,60,Q3
53f53181b923,0.7141872795403524,0.6697432346431377,0.7565702374384466,0.7620073135417343,0.23799268645826566,116,116,1.0,922,0.1981427801903243,0.12926277969986766,60,Q2
542ba520d2d4,0.62683233315757,0.5620858924648522,0.692927280088061,0.8532693679956902,0.1467306320043098,116,116,1.0,884,0.17345570890978212,0.125,60,Q2
542d95c3420c,0.7208695893086154,0.6702770085198068,0.7656835318635368,0.7517633214422064,0.24823667855779363,92,116,0.7931034482758621,959,0.22951548284386833,0.13872849757459466,48,Q3
54ad2624ad8d,0.7098356927595274,0.6599923369025236,0.7547175497246077,0.7607683576807024,0.2392316423192976,116,116,1.0,925,0.2159548049119011,0.1303725654977576,60,Q2
54ca63b8d226,0.6500131312970648,0.6079450431542371,0.6868594148336133,0.8952881901748734,0.10471180982512662,116,116,1.0,1189,0.20852813757013453,0.12926277969986766,60,Q2
554ec9af79a3,0.5234723476479186,0.5011442443108575,0.5443365413766185,0.8978783185701207,0.10212168142987932,92,116,0.7931034482758621,822,0.18680793642010127,0.12926277969986766,48,Q1_low
556c009b3ad1,0.5730294738530948,0.5159439336585451,0.626499683101827,0.8402031958927924,0.15979680410720765,92,116,0.7931034482758621,461,0.1845749882871992,0.12926277969986766,48,Q1_low
556f3aab5379,0.5737370538833085,0.5218536348684928,0.6304707137299974,0.846977150797018,0.15302284920298204,92,116,0.7931034482758621,448,0.1919544746062646,0.1298869935936654,48,Q1_low
558eaef5a93e,0.5701368117550542,0.528874912730147,0.6175696304496355,0.8381747966645992,0.16182520333540085,116,116,1.0,466,0.19963207200825925,0.12804926974154765,60,Q1_low
55962ea5863f,0.6631147688956418,0.6119928697119761,0.7135009131403752,0.8517369559689228,0.14826304403107715,92,116,0.7931034482758621,1012,0.1964625225293686,0.1298869935936654,48,Q2
55aaf516ab86,0.5760948694020603,0.5283998104546147,0.6282170004463717,0.8025201216479735,0.19747987835202652,116,116,1.0,419,0.17163374482475244,0.0923680307517748,60,Q1_low
55c683136817,0.7779460345550452,0.7550906653568529,0.802394497788602,0.5821562501671691,0.4178437498328309,116,116,1.0,948,0.18852426952101092,0.125,60,Q4_high
55ed34c0229c,0.7825918685965998,0.7531246286680972,0.8086330996878776,0.589915504483385,0.41008449551661497,92,116,0.7931034482758621,952,0.16884255892419076,0.12602570154423964,48,Q4_high
5656509a0434,0.7652266053969743,0.7351239613485802,0.7936072075887001,0.6282725514267735,0.3717274485732265,116,116,1.0,946,0.19225707101256043,0.12804926974154765,60,Q4_high
567c41667649,0.7328895871098986,0.7029596731173047,0.7640189860631584,0.7029406030412192,0.2970593969587808,116,116,1.0,1026,0.18392238251683504,0.125,60,Q3
56cc12af0086,0.7492597829957602,0.706392229525468,0.7881318415066527,0.6794168194866596,0.32058318051334045,92,116,0.7931034482758621,975,0.18606445707914784,0.12926277969986766,48,Q3
5769e8c88621,0.5686107743540679,0.52337814547962,0.6145968180825631,0.8410871603843101,0.15891283961568992,116,116,1.0,468,0.21634058742713608,0.13075619276219785,60,Q1_low
57979b6c7892,0.7054355522092552,0.6611323240575582,0.7488901020434628,0.7505356460736143,0.24946435392638566,116,116,1.0,933,0.18323785989123687,0.125,60,Q2
5873a9630cd9,0.5387669961684496,0.5075244468017057,0.5726983897724929,0.85436846598821,0.14563153401178996,116,116,1.0,538,0.19827111099218825,0.12804926974154765,60,Q1_low
5873d429b5d1,0.4727117130416168,0.4441604491338719,0.49990434943950895,0.9489504019247132,0.05104959807528675,92,116,0.7931034482758621,638,0.1725278150110751,0.12602570154423964,48,Q1_low
58794f5c0252,0.7742372357998902,0.7501799660646746,0.7983824493624619,0.5989300096646588,0.4010699903353412,116,116,1.0,945,0.20743980747017637,0.1298869935936654,60,Q4_high
588605308533,0.7555004610380641,0.7132036100728832,0.7992488804414936,0.6444399784457142,0.3555600215542858,92,116,0.7931034482758621,908,0.16825322988405178,0.12602570154423964,48,Q3
58a82d84c83e,0.5235518184502189,0.5068532178081067,0.538578296297853,0.8830472236836815,0.11695277631631851,92,116,0.7931034482758621,773,0.17503382179121973,0.12804926974154765,48,Q1_low
5903ada934dd,0.7817575015877422,0.7524665129734259,0.8069174702004236,0.5921489424604268,0.4078510575395732,92,116,0.7931034482758621,951,0.1684146510398213,0.12602570154423964,48,Q4_high
590bb88150ba,0.5576047392106231,0.5093850922165967,0.6062510286281695,0.8646386273538696,0.13536137264613035,116,116,1.0,459,0.23456415266178968,0.1331605294190138,60,Q1_low
595b82ccbb1c,0.6949356422783596,0.6503574566623542,0.7418834152200078,0.7752989265684898,0.22470107343151025,116,116,1.0,919,0.22053814050596823,0.1360776392555722,60,Q2
596030fef93e,0.7312487391180633,0.6888831302454813,0.7735354813497081,0.725431428799332,0.274568571200668,116,116,1.0,921,0.19875205071865223,0.1298869935936654,60,Q3
5962a065f6c5,0.7145882971209869,0.6723726873238263,0.7572121802139254,0.7276465606846104,0.2723534393153896,116,116,1.0,930,0.18108990090438656,0.125,60,Q2
59635aff0e13,0.7543618607469195,0.7194728114443217,0.7859447148166481,0.6687026496121793,0.3312973503878207,116,116,1.0,932,0.2216545029873217,0.13075619276219785,60,Q3
59782fa6a28a,0.7661147473513471,0.7379870299863412,0.7915494303151058,0.6216038290332357,0.37839617096676426,116,116,1.0,953,0.1735570573970511,0.1179346997111312,60,Q4_high
5983d3bde094,0.5662889266007561,0.5212628652764939,0.6094304583419548,0.8375235969454702,0.16247640305452982,116,116,1.0,474,0.18658725640543286,0.125,60,Q1_low
5986012ee787,0.6728954541125229,0.6221168850713925,0.7203774566007602,0.8422594250520826,0.15774057494791738,92,116,0.7931034482758621,996,0.1809326291564548,0.12926277969986766,48,Q2
598c0d226bec,0.7540089434802996,0.7136967901071404,0.7973165391143473,0.6727294905773968,0.32727050942260316,92,116,0.7931034482758621,926,0.17114357426754936,0.12602570154423964,48,Q3
59bc02a55e17,0.5479302006062132,0.49907121067039656,0.5973199312658269,0.8566069659420719,0.14339303405792814,116,116,1.0,449,0.21861176775434904,0.13075619276219785,60,Q1_low
59d3bc8fb718,0.5649634528345903,0.5172680422746837,0.6133982045687186,0.8493225911697009,0.15067740883029912,116,116,1.0,465,0.2127260189829437,0.1298869935936654,60,Q1_low
59fa47970b6f,0.7555004610380641,0.7124956756599532,0.7978679222223805,0.6444399784457142,0.3555600215542858,92,116,0.7931034482758621,908,0.16825322988405178,0.12602570154423964,48,Q3
5a654343818a,0.5835327788208535,0.5377514307977913,0.6332043090520338,0.8142963141785301,0.1857036858214699,116,116,1.0,431,0.21684906302787424,0.1360776392555722,60,Q2
5a9fe3123268,0.7547298213658368,0.7101691908319916,0.7940517232372674,0.67034556292562,0.32965443707438,92,116,0.7931034482758621,930,0.16915174870302194,0.12602570154423964,48,Q3
5ac8104496cc,0.7642090986732105,0.7348049958248223,0.7873296162209887,0.6130736448521529,0.3869263551478471,116,116,1.0,974,0.173537070993276,0.125,60,Q3
5ad67bdb9fc2,0.7801110797252239,0.7580336059687751,0.8010857611422346,0.5727265380730729,0.42727346192692706,116,116,1.0,951,0.17104344905450813,0.06864234430962875,60,Q4_high
5ae5aeb06988,0.780332857934627,0.7589533922553515,0.8014539593166745,0.5711384548181588,0.42886154518184116,116,116,1.0,955,0.17180444102994843,0.08930666765981345,60,Q4_high
5b676e170a58,0.7555004610380641,0.7085788020637095,0.7978777486509769,0.6444399784457142,0.3555600215542858,92,116,0.7931034482758621,908,0.16825322988405178,0.12602570154423964,48,Q3
5bdded78b387,0.7357422834131073,0.694335122682382,0.7726606259336319,0.709536710112974,0.29046328988702597,116,116,1.0,933,0.20296456394324056,0.1298869935936654,60,Q3
5bfa8b11cec9,0.5058189210572782,0.47416575462718386,0.5399397367595351,0.9077980926559781,0.0922019073440219,116,116,1.0,548,0.2072518475814182,0.1303725654977576,60,Q1_low
5c3b7f17cb78,0.5455405653546009,0.5116420656707757,0.5792871118163383,0.8501841323384975,0.14981586766150246,116,116,1.0,523,0.19601305964398083,0.12602570154423964,60,Q1_low
5c7020274acb,0.7801110797252239,0.7580637298893641,0.7996113568525652,0.5727265380730729,0.42727346192692706,116,116,1.0,951,0.1710256998307514,0.07681835518966215,60,Q4_high
5d0feb2b95e8,0.5854450877262495,0.5269490690406092,0.6378679544450487,0.8285482828283611,0.17145171717163887,92,116,0.7931034482758621,444,0.22990425952815494,0.13872849757459466,48,Q2
5d15feff4d5e,0.6677646650610038,0.612048103694145,0.7199510714808846,0.808265259423076,0.19173474057692397,116,116,1.0,904,0.1801704148675202,0.125,60,Q2
5d3a9ab3cadd,0.7617963731377129,0.7313998261359758,0.7874187512714116,0.6246748277524716,0.37532517224752837,116,116,1.0,972,0.17416382245798775,0.125,60,Q3
5d74a384e959,0.762701208568102,0.733865648472873,0.7906760849823873,0.6378108593161106,0.3621891406838894,116,116,1.0,944,0.2261935323007765,0.1298869935936654,60,Q3
5d93ed99436d,0.564647270007387,0.5146899233531147,0.6152323651720827,0.8307860714405134,0.16921392855948658,116,116,1.0,427,0.17358432451326847,0.09638348795112225,60,Q1_low
5d9fd5f438aa,0.7573923827931824,0.7315549479658475,0.7860287243013064,0.6388848285952916,0.3611151714047084,116,116,1.0,978,0.18168567875960798,0.125,60,Q3
5e051bff8b77,0.5350302117056255,0.5162651088004143,0.5527681301135603,0.887837269113102,0.11216273088689799,116,116,1.0,808,0.21728600600442263,0.1298869935936654,60,Q1_low
5e052ac91c7f,0.5139623471234787,0.45585691385675603,0.5613348634310918,0.9669213233205206,0.03307867667947939,116,116,1.0,975,0.188485623817952,0.12804926974154765,60,Q1_low
5e0e23d339d8,0.7590689565371227,0.7271092595657017,0.7884328243470865,0.6425807893404001,0.3574192106595999,116,116,1.0,941,0.22031027102972683,0.1360776392555722,60,Q3
5e413b312a4a,0.5677091623701616,0.5081985502016358,0.6211302177637167,0.8483107787645464,0.1516892212354536,92,116,0.7931034482758621,440,0.1748261420212847,0.12804926974154765,48,Q1_low
5e481646a06c,0.5949835638646287,0.5403667089296051,0.6472761851575768,0.8155665227039065,0.1844334772960935,92,116,0.7931034482758621,435,0.22984435069573553,0.1398829391672975,48,Q2
5e76d6e5dbbb,0.4926003537743866,0.44643620245727106,0.54291469660908,0.9239708671525019,0.07602913284749813,92,116,0.7931034482758621,510,0.1687204616875563,0.12602570154423964,48,Q1_low
5e779c615732,0.5494281836942361,0.4955576473335349,0.60273819329167,0.7329449955234589,0.26705500447654107,116,116,1.0,399,0.17037359095164137,0.0724120919731968,60,Q1_low
5e85692c81e3,0.7838401360024075,0.7524049403797144,0.8145395143797991,0.5928469686619775,0.4071530313380225,92,116,0.7931034482758621,940,0.1782137715298492,0.12804926974154765,48,Q4_high
5eb0d57e5ebf,0.560331868878276,0.5062194544718195,0.6162973062954605,0.786139352398972,0.21386064760102796,116,116,1.0,404,0.17036009319574327,0.06689952762467595,60,Q1_low
5eb77d95369c,0.7642090986732105,0.7388592190487203,0.791033321647117,0.6130736448521529,0.3869263551478471,116,116,1.0,974,0.17248314345077814,0.0747726722534118,60,Q3
5ed5579861fb,0.7574029727049466,0.7124438933063006,0.798663503904745,0.6788451030937449,0.3211548969062551,92,116,0.7931034482758621,919,0.21711010367637107,0.1369721420765514,48,Q3
5f1c089c5b18,0.7525697395586971,0.7233863013480379,0.7784817066835659,0.654010931892753,0.34598906810724706,116,116,1.0,986,0.18653953506901602,0.125,60,Q3
5f700545e946,0.5741115239889665,0.5291619602882032,0.6175760987033924,0.8295959692001782,0.1704040307998218,116,116,1.0,466,0.20050682199777423,0.12804926974154765,60,Q1_low
5fd4027fdbfc,0.6377404592918579,0.5974592991802439,0.6745466583365977,0.9065116789408425,0.0934883210591575,116,116,1.0,1172,0.20360125799539197,0.12926277969986766,60,Q2
5fdbfc847ecc,0.5876252403622274,0.5349683161374544,0.6462171677800803,0.8258227791704796,0.17417722082952036,92,116,0.7931034482758621,439,0.1982105813798911,0.1298869935936654,48,Q2
5ff909819ad2,0.5830844821255239,0.540725993872439,0.6283161124315023,0.8171562507747071,0.1828437492252929,116,116,1.0,438,0.21196564048743854,0.13075619276219785,60,Q2
60032d08fe7c,0.6679157026229612,0.6291470368284999,0.7031810005656516,0.8545791658819523,0.14542083411804774,116,116,1.0,1122,0.247713345613294,0.14161525639396874,60,Q2
600dad4df0ca,0.7625195046256931,0.7348078691829905,0.7879119599546184,0.6302183494491547,0.36978165055084533,116,116,1.0,974,0.1728817196449726,0.125,60,Q3
603c48d74afe,0.7801110797252239,0.757907936036746,0.8023703081169091,0.5727265380730729,0.42727346192692706,116,116,1.0,951,0.18622630634480808,0.12602570154423964,60,Q4_high
6060f43dc008,0.6928794192456904,0.6456897225108638,0.7338972724348694,0.8146160171385181,0.18538398286148194,92,116,0.7931034482758621,1043,0.22201245391866467,0.13872849757459466,48,Q2
606b6d4b931e,0.530217046328281,0.47510333530022586,0.5809246828768043,0.882287789650481,0.11771221034951895,116,116,1.0,435,0.22312270722197775,0.1331605294190138,60,Q1_low
608f4ac6c9e9,0.7757236253994376,0.7435759941400208,0.8040415094428799,0.609713755939533,0.39028624406046697,92,116,0.7931034482758621,954,0.16880719099566346,0.12602570154423964,48,Q4_high
60bff3fb7b25,0.715095455902237,0.6703180598155654,0.757417405733913,0.7512023170037466,0.24879768299625338,116,116,1.0,926,0.18179987073629877,0.125,60,Q2
60d8f9a0c810,0.5592007528089075,0.5225866254980149,0.5996724055246724,0.8454922984109056,0.15450770158909444,116,116,1.0,485,0.19295239244883228,0.12926277969986766,60,Q1_low
60de46492870,0.7782819237392017,0.7541551134777554,0.8027355466160532,0.5810685287649938,0.4189314712350062,116,116,1.0,952,0.17222003860899887,0.088109877418933,60,Q4_high
60edbfa3c029,0.5835965739890502,0.5364385523648949,0.6229295899569773,0.8136676593477129,0.1863323406522871,116,116,1.0,434,0.22629683006671494,0.137791541205188,60,Q2
610c4089f89a,0.5191862762525625,0.47270364710760554,0.5698626333138834,0.902605548435202,0.09739445156479798,92,116,0.7931034482758621,470,0.19278821009447414,0.1298869935936654,48,Q1_low
61122b0514ba,0.6732010620979619,0.6248166252655496,0.7185740450314735,0.8053108745842424,0.19468912541575756,116,116,1.0,929,0.1785537804828918,0.125,60,Q2
61565249aeab,0.5762758285805234,0.5341761573899015,0.622159603094315,0.8259792734693361,0.17402072653066392,116,116,1.0,461,0.20837530893444434,0.1298869935936654,60,Q1_low
616f82abb2cc,0.780332857934627,0.7586371281606252,0.8002727044660023,0.571138454818159,0.42886154518184105,116,116,1.0,955,0.17507383643613766,0.0976017248743415,60,Q4_high
623d3192d46f,0.5806611058228438,0.5315385618853914,0.6271075501040181,0.8111758475251667,0.1888241524748333,116,116,1.0,428,0.194013482093097,0.12602570154423964,60,Q2
625c9d38b08d,0.7730531904323724,0.7395443512400106,0.8085329665910289,0.6248836135528573,0.37511638644714274,92,116,0.7931034482758621,934,0.19790162328698147,0.1303725654977576,48,Q4_high
6319e262c292,0.7801110797252239,0.7585193593523011,0.8024033789058009,0.5727265380730729,0.42727346192692706,116,116,1.0,951,0.1710357018185897,0.07400752573124655,60,Q4_high
632dae81c229,0.5645272647095431,0.5132670526881813,0.6136139187443326,0.8467372608332827,0.1532627391667173,116,116,1.0,441,0.2138088423197411,0.1303725654977576,60,Q1_low
635cee745389,0.5776463869254695,0.5258728480542444,0.6274281302972385,0.8205834953000734,0.17941650469992665,116,116,1.0,432,0.2103365965846213,0.1301762419046534,60,Q1_low
63d119a9ae77,0.5563132101059,0.5039812265197101,0.6021040258405032,0.8468120213229903,0.15318797867700973,116,116,1.0,436,0.223409006806534,0.1331605294190138,60,Q1_low
641a8fafd408,0.5566920642050611,0.5064196850884075,0.6008546717311622,0.8513295854998758,0.1486704145001242,92,116,0.7931034482758621,486,0.18117934938579427,0.12926277969986766,48,Q1_low
64c7531f1f28,0.7782819237392017,0.7555363346697845,0.8026644371012357,0.5810685287649938,0.4189314712350062,116,116,1.0,952,0.1740222462029169,0.125,60,Q4_high
64efa984a94d,0.767083642227045,0.7199334647576463,0.8092661017456649,0.6264379930833317,0.3735620069166683,92,116,0.7931034482758621,917,0.16825322988405178,0.12602570154423964,48,Q4_high
64fc66aa07e7,0.7555004610380641,0.7048622730624701,0.8005884862696637,0.6444399784457142,0.3555600215542858,92,116,0.7931034482758621,908,0.16825322988405178,0.12602570154423964,48,Q3
651ef23a64b5,0.7473059792050025,0.708836363020258,0.7858835092067741,0.682744483711157,0.31725551628884296,116,116,1.0,926,0.23536910272972614,0.1398829391672975,60,Q3
6522e5ba2b3f,0.49802161919805776,0.4371305473340946,0.5629097229199443,0.8771989814532166,0.12280101854678338,92,116,0.7931034482758621,426,0.18148526583587068,0.12926277969986766,48,Q1_low
6533b64edc25,0.7296323082117538,0.6877803181056711,0.7711523837337366,0.6962826997753294,0.3037173002246706,116,116,1.0,929,0.17235330720565242,0.0769835230040397,60,Q3
656eeb676cdb,0.7714287173608924,0.7432093809279562,0.7975393907129826,0.6053028747731007,0.39469712522689926,116,116,1.0,953,0.17478551686955054,0.1095506911775435,60,Q4_high
657014435d6d,0.6670784082766833,0.621576985700386,0.7021896738999506,0.8681733274623241,0.13182667253767588,92,116,0.7931034482758621,1143,0.19098473827335985,0.1303725654977576,48,Q2
658178b67bf3,0.6945610170476474,0.6471825546058019,0.7413927122388602,0.7750214483116035,0.22497855168839653,116,116,1.0,934,0.18226502597137342,0.125,60,Q2
6583e0805e7c,0.7779460345550452,0.7544973931395434,0.8020451885605847,0.5821562501671691,0.4178437498328309,116,116,1.0,948,0.17724892634035533,0.11605500057891745,60,Q4_high
65cb2dd6fa98,0.7555004610380641,0.708643847891203,0.802967762400824,0.6444399784457142,0.3555600215542858,92,116,0.7931034482758621,908,0.16825322988405178,0.12602570154423964,48,Q3
6604b4c4d1c0,0.5736034262901605,0.5397101430849344,0.60903414160531,0.9271340627248971,0.07286593727510293,116,116,1.0,1063,0.21435355960255148,0.1303725654977576,60,Q1_low
6645a4dfbd91,0.7567683385537122,0.712637093035754,0.7924085359896533,0.6641923615097206,0.3358076384902794,92,116,0.7931034482758621,926,0.1693681027352817,0.12602570154423964,48,Q3
669353f8cfe2,0.7296323082117538,0.6828063988298608,0.7653599406756056,0.6962826997753294,0.3037173002246706,116,116,1.0,929,0.18963467524720273,0.12602570154423964,60,Q3
670ca52a24c4,0.5744761870280273,0.5273730065432134,0.6243279258314764,0.8382038524753996,0.16179614752460036,116,116,1.0,439,0.23375921567204214,0.1360776392555722,60,Q1_low
6733fbd31501,0.7067408316529615,0.6604285532939598,0.753556162151958,0.7537988105940518,0.24620118940594815,116,116,1.0,917,0.19668195025103005,0.12804926974154765,60,Q2
677514850e7f,0.7296323082117538,0.6841483081069851,0.7687629977383784,0.6962826997753294,0.3037173002246706,116,116,1.0,929,0.17672861324908692,0.0992322211135288,60,Q3
677ae3988090,0.7674601282807745,0.7409827067132203,0.7906421452756849,0.614541634047014,0.385458365952986,116,116,1.0,968,0.1749262931728267,0.125,60,Q4_high
681a0fb72dbe,0.7671428289857912,0.7372481038714854,0.7929269852664195,0.6119398877826226,0.38806011221737735,116,116,1.0,956,0.19983854697816558,0.12926277969986766,60,Q4_high
68776187c8ba,0.7279923691352537,0.6837043262464364,0.7671274779885761,0.7009377208843194,0.2990622791156806,116,116,1.0,930,0.17722285843601904,0.10053150716418624,60,Q3
68a892c595f5,0.6805691277063752,0.6308979116671967,0.7279766034924505,0.7918338689049251,0.20816613109507487,116,116,1.0,942,0.17633735979724868,0.125,60,Q2
68a8c9b61b17,0.7300326786647096,0.6899724161997749,0.7673595801924574,0.6954812312211719,0.3045187687788281,116,116,1.0,933,0.1773551157170286,0.125,60,Q3
68b6fd698529,0.7190573214835922,0.6748741889839063,0.7615458190975656,0.7141042017306461,0.28589579826935385,116,116,1.0,931,0.18376530306435696,0.125,60,Q3
68d79b53f463,0.7275757698079626,0.6847299343933796,0.7649552631161545,0.7018234847897441,0.2981765152102559,116,116,1.0,927,0.17055994990251525,0.07087509712084225,60,Q3
69011e800eb9,0.5157758339047817,0.4682410240590164,0.5611405979955927,0.832442351590796,0.16755764840920395,116,116,1.0,433,0.1749882507594978,0.125,60,Q1_low
691e8e23f63c,0.7279923691352537,0.6807943609283169,0.7688943416195227,0.7009377208843194,0.2990622791156806,116,116,1.0,930,0.17379939019099194,0.10208342403995854,60,Q3
693bdc5482b2,0.7781191106497496,0.7538594420376248,0.8021865888531038,0.5863465040720076,0.4136534959279924,116,116,1.0,949,0.2023450576195006,0.12804926974154765,60,Q4_high
6956805cbab1,0.553385755716488,0.5121080352032978,0.5944304019300632,0.858471890285259,0.14152810971474095,116,116,1.0,481,0.21770219366452911,0.1303725654977576,60,Q1_low
6960ed5d6de0,0.7680876710674602,0.7409206363916603,0.7922961477684604,0.6116091357749469,0.3883908642250531,116,116,1.0,958,0.17244398328589725,0.10357629755298975,60,Q4_high
698a5a0b0180,0.5269779912951444,0.506449732953617,0.5456396827978323,0.8718002105282884,0.12819978947171162,116,116,1.0,645,0.19183041487314878,0.12804926974154765,60,Q1_low
698ffcfd5c17,0.5147017246091561,0.48383272921890497,0.5390676262308978,0.8957626567204091,0.10423734327959089,116,116,1.0,583,0.20214066307760298,0.12926277969986766,60,Q1_low
69a10a57c25c,0.7555004610380641,0.7098819572067129,0.8033241018601044,0.6444399784457142,0.3555600215542858,92,116,0.7931034482758621,908,0.16825322988405178,0.12602570154423964,48,Q3
6a436ef76f42,0.6512298028169802,0.5851760743319367,0.7115422716497939,0.8405782386225948,0.15942176137740516,92,116,0.7931034482758621,896,0.18889596595425454,0.1298869935936654,48,Q2
6ac133213139,0.7642352703137641,0.7233408045027067,0.8016705713264644,0.6480527132911108,0.3519472867088892,92,116,0.7931034482758621,940,0.17060902523279883,0.12602570154423964,48,Q4_high
6ac9288c0439,0.7779432086995361,0.7555917429047986,0.8009154613105327,0.5831377048207749,0.41686229517922513,116,116,1.0,947,0.17321129409381933,0.0946962890968497,60,Q4_high
6b0f31498997,0.7194109950618051,0.6855033211993976,0.7500756769866123,0.7442322670175008,0.2557677329824992,116,116,1.0,1057,0.18380386371316396,0.125,60,Q3
6ba29906b135,0.7801110797252239,0.7568502074924693,0.8007967328354051,0.5727265380730729,0.42727346192692706,116,116,1.0,951,0.18387903603907046,0.125,60,Q4_high
6bb78072c4d9,0.7840319988233379,0.7557295732978934,0.813994862126655,0.5921140127094933,0.40788598729050674,92,116,0.7931034482758621,939,0.17488442928111406,0.12602570154423964,48,Q4_high
6bcbd207f61e,0.5592667247853922,0.5058875457671996,0.6084951664042167,0.8600656295635032,0.1399343704364968,116,116,1.0,442,0.18635092830430677,0.125,60,Q1_low
6be0519abc97,0.7271190926535249,0.6845089304250356,0.7659880449459807,0.7294218732983149,0.27057812670168513,116,116,1.0,911,0.21631623500079733,0.137791541205188,60,Q3
6c209161d059,0.7685165124137461,0.7397713001629495,0.7970144497226784,0.6291618621150401,0.3708381378849599,116,116,1.0,932,0.2041810859399121,0.12926277969986766,60,Q4_high
6c64d3594b2f,0.5469550968759445,0.5056185935102404,0.5968927236016623,0.871965170459257,0.12803482954074297,92,116,0.7931034482758621,491,0.18653134452954076,0.12926277969986766,48,Q1_low
6ca433da2afd,0.52624962624917,0.4836089477798751,0.5661413409983916,0.8832953003481282,0.1167046996518718,116,116,1.0,486,0.1911334869330418,0.12804926974154765,60,Q1_low
6cd49f0a7b70,0.48144809300443575,0.45387562867632075,0.5061707381659862,0.9330065212922567,0.0669934787077433,116,116,1.0,619,0.1994843119421526,0.12804926974154765,60,Q1_low
6d3351835cfd,0.7300326786647096,0.6917531659197852,0.7731134675920619,0.6954812312211719,0.3045187687788281,116,116,1.0,933,0.17134220839828024,0.06954559493292264,60,Q3
6d4f6dd0facc,0.7908783190234073,0.7662797044773361,0.8147704800462018,0.563740207876135,0.436259792123865,92,116,0.7931034482758621,949,0.16832355340419938,0.12602570154423964,48,Q4_high
6d8dc5c078a6,0.7562789578406479,0.7223268055902083,0.78424617073947,0.6484080577359785,0.35159194226402146,116,116,1.0,964,0.1733002228056208,0.09398552516174845,60,Q3
6d911ca91be6,0.7736498465841362,0.7469200723763565,0.7944610016103496,0.5952678539903473,0.4047321460096527,116,116,1.0,951,0.17222921737599034,0.10255940943674795,60,Q4_high
6ddeea366a2c,0.6659246670922704,0.6174857509815939,0.7095897710721,0.8596537514319549,0.14034624856804512,92,116,0.7931034482758621,1107,0.18350339591281542,0.12926277969986766,48,Q2
6df2e1505715,0.5528682832440817,0.5317754849513718,0.5752419089866766,0.8932885862909374,0.10671141370906256,116,116,1.0,887,0.19416625620335135,0.12602570154423964,60,Q1_low
6e401f2a9523,0.5735568393540378,0.4952642340951724,0.6398972218277347,0.901139511047593,0.09886048895240696,92,116,0.7931034482758621,879,0.1681709713158999,0.12602570154423964,48,Q1_low
6e64a48355b2,0.7709766924284872,0.7368821731194171,0.8081417382256373,0.637119632327972,0.362880367672028,92,116,0.7931034482758621,933,0.1864033097016202,0.12804926974154765,48,Q4_high
6e6eab40deec,0.735270738176844,0.6825046364022802,0.7852586527378803,0.7287645041077089,0.2712354958922911,92,116,0.7931034482758621,929,0.20824899952039233,0.1303725654977576,48,Q3
6e9ece07d046,0.7742372357998902,0.7498551711315369,0.7995440053475101,0.5989300096646588,0.4010699903353412,116,116,1.0,945,0.21165779698842874,0.1298869935936654,60,Q4_high
6ee919e97fed,0.5825147766430339,0.5360199855323452,0.6290786478208694,0.8227073771838167,0.1772926228161833,116,116,1.0,438,0.22792352258734244,0.1338504560261654,60,Q2
6fa1a0e70cf3,0.484113991510308,0.4473585224851694,0.5236365033030635,0.9358216082517881,0.06417839174821194,92,116,0.7931034482758621,582,0.22444526257486822,0.1369721420765514,48,Q1_low
6fe68f9d14eb,0.7401482154651937,0.7012766516215054,0.7768062115386268,0.6992500553179414,0.3007499446820586,92,116,0.7931034482758621,985,0.16987242328163776,0.12602570154423964,48,Q3
705bcdef1b7b,0.7213589063378367,0.6654682295860155,0.7726374125111162,0.7488165900624948,0.2511834099375052,92,116,0.7931034482758621,922,0.1689483996082961,0.12602570154423964,48,Q3
706c34d4c150,0.6278780961980943,0.5779067113347628,0.6772659043433883,0.9028609821830493,0.09713901781695067,92,116,0.7931034482758621,1092,0.18150997981290015,0.12926277969986766,48,Q2
707832701211,0.7742728637950304,0.7487264207823857,0.796860229763619,0.5843292176101933,0.4156707823898067,116,116,1.0,957,0.1730976089703108,0.10354206968651145,60,Q4_high
709f9cbe285b,0.7801110797252239,0.7594291147721264,0.7981217885792058,0.5727265380730729,0.42727346192692706,116,116,1.0,951,0.17169298619789966,0.09398234761894456,60,Q4_high
70b54322c382,0.5228071903509178,0.5059519810210894,0.5377582191974578,0.882530835790855,0.117469164209145,116,116,1.0,716,0.2251700482239534,0.13516147462000566,60,Q1_low
713b74a9fb64,0.558679329895603,0.5128904843096544,0.6010726403188463,0.8541058329867267,0.1458941670132733,116,116,1.0,471,0.21035362220270487,0.12804926974154765,60,Q1_low
7193b0fe6e86,0.48279664535474237,0.4494017937767207,0.5162970842101418,0.9352404535729053,0.0647595464270947,116,116,1.0,575,0.1991862528909478,0.12926277969986766,60,Q1_low
719a9e51357d,0.7555004610380641,0.7106430954094638,0.7963280718258482,0.6444399784457142,0.3555600215542858,92,116,0.7931034482758621,908,0.16825322988405178,0.12602570154423964,48,Q3
71aadca9a1f9,0.7628062367214864,0.7246166308421308,0.8022909806813274,0.6585702402366093,0.34142975976339074,92,116,0.7931034482758621,930,0.208674141053356,0.1331605294190138,48,Q3
71e0541594df,0.5736463767910874,0.5272325081216074,0.615715596807868,0.8370701296108436,0.1629298703891564,116,116,1.0,462,0.22967549933701362,0.13615864432015284,60,Q1_low
722371fc7f84,0.7567683385537122,0.7126643705610632,0.7981342214750309,0.6641923615097206,0.3358076384902794,92,116,0.7931034482758621,926,0.16840632913105144,0.12602570154423964,48,Q3
72f03c9c6a3c,0.5267112018933325,0.5022996217065511,0.5549727226144736,0.9156154497356762,0.08438455026432379,92,116,0.7931034482758621,888,0.19440874127535004,0.1303725654977576,48,Q1_low
730e693b3e59,0.7738984817737532,0.7455946574401219,0.7982165581908172,0.6073252245768128,0.3926747754231872,116,116,1.0,934,0.22389949112304555,0.1360776392555722,60,Q4_high
731ed25df393,0.7628498660023034,0.7304712823450347,0.790544541500068,0.6398721740890266,0.36012782591097336,116,116,1.0,948,0.1782840918804166,0.125,60,Q3
7411bb97428c,0.7630760758414638,0.7382643851599175,0.788194982046465,0.62397094834702,0.37602905165297995,116,116,1.0,970,0.17246344179780232,0.10945045645210635,60,Q3
744d812928f2,0.5238524759718232,0.5100882570314793,0.5400127754599379,0.8780506112409384,0.12194938875906158,92,116,0.7931034482758621,720,0.19387435298678582,0.1298869935936654,48,Q1_low
74792b1f8eb1,0.7273920219324093,0.687531930254298,0.7664167052354917,0.703099783828059,0.29690021617194096,116,116,1.0,927,0.18663894129399997,0.125,60,Q3
74a79ea42b6f,0.5616758937336873,0.5161938933556182,0.6106174114440269,0.8361076648856574,0.16389233511434265,116,116,1.0,435,0.2120841584116582,0.1298869935936654,60,Q1_low
74e5810062f7,0.5791279087878848,0.5316684668775277,0.6259218248302243,0.8131740273458009,0.1868259726541991,116,116,1.0,424,0.2034562263607758,0.12926277969986766,60,Q2
74f9c2d8bf59,0.49753720495610315,0.45990389142992655,0.5331931359115962,0.9169029460331665,0.08309705396683353,92,116,0.7931034482758621,568,0.18038075909106163,0.12804926974154765,48,Q1_low
752d618dc1b0,0.7840319988233379,0.7528904268491635,0.8147560032641447,0.5921140127094933,0.40788598729050674,92,116,0.7931034482758621,939,0.17242267165034406,0.12602570154423964,48,Q4_high
753ea2ec3b76,0.749712669497748,0.7098832243003813,0.7882807809919927,0.6834413574691031,0.31655864253089694,116,116,1.0,927,0.20808737964222693,0.13075619276219785,60,Q3
75404aa12fd8,0.720581110720527,0.6742434414784311,0.760990777596299,0.7229986757996173,0.2770013242003827,116,116,1.0,928,0.21002646878028525,0.13075619276219785,60,Q3
755c6850dcd3,0.5750356873635794,0.5287765877791103,0.6234863540244336,0.8179834779555547,0.1820165220444453,116,116,1.0,425,0.19024675165201624,0.12602570154423964,60,Q1_low
755fea7b75a3,0.7605378124428794,0.7299694798966387,0.7889984390599896,0.6292512327386676,0.37074876726133243,116,116,1.0,954,0.20418409415440167,0.12804926974154765,60,Q3
75900d8cc2dd,0.514127655998788,0.4951883696543994,0.5317628019423903,0.9028663457006828,0.0971336542993172,116,116,1.0,716,0.19388337018880952,0.12733423532585844,60,Q1_low
75c7b8884890,0.7698005297416907,0.737121712873477,0.7985265259494201,0.6165457963803309,0.3834542036196691,116,116,1.0,942,0.20149931071664506,0.1291881642051132,60,Q4_high
75e758c2a32f,0.7008409482363546,0.6569914440749838,0.7477751166999698,0.7763212588623448,0.22367874113765518,116,116,1.0,926,0.19577515554904093,0.1285653763456403,60,Q2
75e92e2eda3d,0.546181215683039,0.500771534352822,0.5905748253047153,0.8630299570858233,0.1369700429141767,116,116,1.0,455,0.1815701848635757,0.125,60,Q1_low
75fd0b80ffd0,0.7279923691352537,0.6823647386779752,0.7691069394336768,0.7009377208843194,0.2990622791156806,116,116,1.0,930,0.17097418150150842,0.06833454729759035,60,Q3
764be62be920,0.7903717803162545,0.7626356980108004,0.8159109783056873,0.5649444861171451,0.4350555138828549,92,116,0.7931034482758621,946,0.17023322676730115,0.12602570154423964,48,Q4_high
76d0ace7fd0f,0.7834570190741654,0.7525306316649502,0.8137921852419567,0.5938478438462594,0.40615215615374056,92,116,0.7931034482758621,937,0.17076523861882634,0.12602570154423964,48,Q4_high
77373a6e718a,0.5923679638064869,0.5365412081835647,0.6498340541989948,0.7938803418975147,0.20611965810248534,92,116,0.7931034482758621,417,0.17481553617751724,0.12804926974154765,48,Q2
773eea8792e4,0.7555004610380641,0.7100428306030564,0.8024877843453189,0.6444399784457142,0.3555600215542858,92,116,0.7931034482758621,908,0.16825322988405178,0.12602570154423964,48,Q3
77912914b944,0.5550951329428211,0.5132577920661711,0.5988474358703664,0.8595660306938538,0.14043396930614616,116,116,1.0,477,0.18274081103604473,0.125,60,Q1_low
779cf618a90b,0.7742372357998902,0.7465221811182485,0.7989225522858803,0.5989300096646588,0.4010699903353412,116,116,1.0,945,0.21705859224628746,0.1298869935936654,60,Q4_high
779f44957904,0.5020653588178372,0.47251793596318015,0.5342689945586195,0.9101835156953602,0.08981648430463984,116,116,1.0,553,0.19009209229150045,0.125,60,Q1_low
77c18a818920,0.7680876710674602,0.739854755944008,0.7928036770168381,0.6116091357749469,0.3883908642250531,116,116,1.0,958,0.18312715611427835,0.125,60,Q4_high
77c5e38faadb,0.7125889471963539,0.6691411056622875,0.7539845508976883,0.7424447784236694,0.2575552215763306,116,116,1.0,919,0.18663396360186912,0.12804926974154765,60,Q2
77c9ef9318de,0.6323935997703396,0.5853746284686817,0.6830780235998145,0.9280671005326908,0.07193289946730919,92,116,0.7931034482758621,1217,0.22849608127082008,0.1398829391672975,48,Q2
7809098aec21,0.7296323082117538,0.6873465227802441,0.7731346910678913,0.6962826997753294,0.3037173002246706,116,116,1.0,929,0.17074638282899113,0.06659100228181535,60,Q3
7809d11ff6e3,0.7801110797252239,0.7580870206314055,0.8036206063879984,0.5727265380730729,0.42727346192692706,116,116,1.0,951,0.17205556484913107,0.09110626400669755,60,Q4_high
784c628c4979,0.6904707893386748,0.647842735797579,0.7356334790411542,0.7948450162117233,0.20515498378827668,116,116,1.0,929,0.21416967235225962,0.13075619276219785,60,Q2
784e244ec319,0.5449707452722387,0.512363235764011,0.5822203748639275,0.8581711609853939,0.14182883901460608,116,116,1.0,529,0.18805679675547332,0.12602570154423964,60,Q1_low
789c40faa0f7,0.7100340778776953,0.6531148654085085,0.7586593939913642,0.7698023645568131,0.23019763544318694,92,116,0.7931034482758621,930,0.18671668027158325,0.1298869935936654,48,Q2
78a5b9abfdf9,0.5727962140164498,0.5246446313326912,0.6241192975562203,0.8371079153065858,0.1628920846934142,92,116,0.7931034482758621,469,0.17836851116821104,0.12804926974154765,48,Q1_low
7940ffccef4f,0.7778679753441327,0.7437478653598073,0.8102271302890677,0.6146542746300486,0.3853457253699514,92,116,0.7931034482758621,931,0.19299816223913432,0.1298869935936654,48,Q4_high
796ae60079e2,0.673671634669239,0.6173119579492244,0.7276602485135724,0.8212202210607887,0.17877977893921126,116,116,1.0,931,0.1864298059113344,0.125,60,Q2
798c2fcc2ab4,0.7555004610380641,0.7076713732504871,0.7990179965319573,0.6444399784457142,0.3555600215542858,92,116,0.7931034482758621,908,0.16825322988405178,0.12602570154423964,48,Q3
799c5c35fccb,0.7068338733200471,0.6650033326796309,0.7423158007440405,0.7636562632817616,0.23634373671823838,116,116,1.0,1043,0.18143211740249582,0.125,60,Q2
79cf3ff76ed2,0.7509357516242277,0.7195469027194491,0.7783378488390319,0.6583014127546484,0.3416985872453516,116,116,1.0,976,0.17519854423687606,0.125,60,Q3
7a023b9a699a,0.5775898434980016,0.5316667458599222,0.6308633328541718,0.8020549863106768,0.19794501368932316,116,116,1.0,420,0.17105622063858159,0.07682012488647695,60,Q1_low
7a07ae29f537,0.7261801000848895,0.6907644550826829,0.7676361474602369,0.734040305311852,0.26595969468814795,116,116,1.0,946,0.20158647196577642,0.12926277969986766,60,Q3
7a4e0eb8c32f,0.7122690535970281,0.6602091891234971,0.7690374100104811,0.760492745001661,0.23950725499833903,92,116,0.7931034482758621,910,0.2212948726813685,0.1369721420765514,48,Q2
7a6b07697541,0.576482049218277,0.5370788473088997,0.6182276284241266,0.826964279080601,0.173035720919399,116,116,1.0,458,0.1902017237450876,0.12926277969986766,60,Q1_low
7a7b7824babf,0.7555004610380641,0.7101066362119474,0.8041555456506128,0.6444399784457142,0.3555600215542858,92,116,0.7931034482758621,908,0.16825322988405178,0.12602570154423964,48,Q3
7aaabd2325c6,0.7544915912663189,0.7056527803768419,0.7924934124242295,0.6724839586134802,0.3275160413865198,92,116,0.7931034482758621,930,0.1818821196367407,0.12926277969986766,48,Q3
7ad9a1a05ead,0.6531394224878615,0.5985703687541943,0.7136832279983593,0.8367951471304368,0.1632048528695632,116,116,1.0,891,0.19541583237669144,0.12804926974154765,60,Q2
7b410e7b46b2,0.7555004610380641,0.7067496555985208,0.7979852336824393,0.6444399784457142,0.3555600215542858,92,116,0.7931034482758621,908,0.16825322988405178,0.12602570154423964,48,Q3
7baeb45178c4,0.5807457994255814,0.5375938792448886,0.6261932442660088,0.822697198826482,0.17730280117351804,116,116,1.0,441,0.20335915305333546,0.1298869935936654,60,Q2
7bf5cb69bf52,0.6524746458862843,0.6043282897115873,0.7040671575711688,0.9042854119078214,0.09571458809217859,92,116,0.7931034482758621,1209,0.18800137339586268,0.12926277969986766,48,Q2
7c0b09e460e5,0.594903523083499,0.5548996489551251,0.6324260327846383,0.9221513325607201,0.07784866743927987,92,116,0.7931034482758621,1125,0.17577163043681798,0.12804926974154765,48,Q2
7c462204416f,0.7250193420354282,0.6797981069247228,0.7635951647525978,0.7047385236531157,0.29526147634688427,116,116,1.0,933,0.17559307076043348,0.11047481194986536,60,Q3
7c4faec0f1ae,0.7382214873581745,0.7035392266286179,0.7775478106406176,0.7123060473165538,0.2876939526834462,116,116,1.0,924,0.21164154300856583,0.1298869935936654,60,Q3
7c5b2c3f4cdb,0.7340645566603944,0.6911371714247804,0.7730305803116477,0.7164787203548162,0.2835212796451838,116,116,1.0,926,0.24514127512871065,0.1398829391672975,60,Q3
7c8ae8f5dde6,0.6675652437543745,0.6047537949067181,0.7256426779078811,0.8362243981591726,0.1637756018408274,92,116,0.7931034482758621,920,0.16982239331349544,0.12602570154423964,48,Q2
7caf1cebc3d2,0.669994497964019,0.6135811691484563,0.7201892203176291,0.81413731534417,0.18586268465583,116,116,1.0,914,0.21906145785121517,0.13075619276219785,60,Q2
7cd883d65b06,0.7725141960044118,0.743998111921173,0.7986106655332276,0.6140998430443989,0.3859001569556011,116,116,1.0,934,0.20109612184469372,0.12804926974154765,60,Q4_high
7d27ee19b524,0.7689183155980784,0.7408414169171447,0.7943118386019953,0.5972780264794972,0.40272197352050276,116,116,1.0,959,0.17324370617622883,0.10995937475921536,60,Q4_high
7d701e7dd42e,0.7185222753373005,0.6730474774553631,0.7574569750628616,0.7191578961140624,0.28084210388593756,116,116,1.0,931,0.17216404364012144,0.1056300217940455,60,Q2
7db9bbbeb2c8,0.7659286942376247,0.7347575577824813,0.7943963870306693,0.6253749953775559,0.3746250046224441,116,116,1.0,938,0.22024448396875265,0.13268716447160805,60,Q4_high
7deb0c02eec8,0.7779460345550452,0.7558643733323778,0.8026124115840593,0.582156250167169,0.417843749832831,116,116,1.0,948,0.17180313182118553,0.0702402650279226,60,Q4_high
7e72f88d518a,0.780332857934627,0.7603132571057007,0.7987419522021671,0.5711384548181588,0.42886154518184116,116,116,1.0,955,0.17650016494068518,0.125,60,Q4_high
7f8742e67e56,0.7881167982364683,0.7594864833215267,0.815664526281395,0.575071435817106,0.42492856418289404,92,116,0.7931034482758621,944,0.18103163767875197,0.12804926974154765,48,Q4_high
804bcbd361e3,0.6823548288464936,0.6299316881007121,0.7301759532871679,0.7980610138510077,0.2019389861489923,116,116,1.0,917,0.2148883150841637,0.13075619276219785,60,Q2
8072cddaca3f,0.7555004610380641,0.7086047855971243,0.7965367336358858,0.6444399784457142,0.3555600215542858,92,116,0.7931034482758621,908,0.16825322988405178,0.12602570154423964,48,Q3
80cf2e3fb6b9,0.5523550186237824,0.4939345373379553,0.6112951876448331,0.8739898281571944,0.1260101718428056,92,116,0.7931034482758621,444,0.2087833177251683,0.13075619276219785,48,Q1_low
817c0799af95,0.7434167517644577,0.7022564748158197,0.7790258072124783,0.6968683522117923,0.30313164778820767,92,116,0.7931034482758621,985,0.17890485137725265,0.12926277969986766,48,Q3
8181105cbee5,0.757410494309802,0.7214335777442221,0.7868075084651611,0.6646848460983625,0.33531515390163746,116,116,1.0,929,0.24067946365425544,0.1360776392555722,60,Q3
8213ed529268,0.7833106093995322,0.7494778812799406,0.8123313179768937,0.597925777294882,0.40207422270511795,92,116,0.7931034482758621,938,0.17654020127858638,0.12804926974154765,48,Q4_high
824f5ede2834,0.6794622181243108,0.6302745044561967,0.722605366538244,0.8185980838646905,0.18140191613530954,116,116,1.0,952,0.20522601647794597,0.12804926974154765,60,Q2
8279397a028d,0.7779460345550452,0.7545551985875648,0.8028943590724921,0.582156250167169,0.417843749832831,116,116,1.0,948,0.21505843353960247,0.1329979783598908,60,Q4_high
829200b4ab94,0.6682900125624817,0.6163833309262834,0.7212613909917234,0.8297947981967296,0.17020520180327037,116,116,1.0,927,0.208966235642082,0.12964404041402688,60,Q2
82f1d36fe1f8,0.674264659377955,0.6162634376264196,0.7236086159719763,0.8048682398599899,0.1951317601400101,116,116,1.0,905,0.18925126074151005,0.125,60,Q2
82fb43ac175a,0.5489034988522499,0.5133185888890919,0.5874483149835351,0.8548866539097891,0.14511334609021087,116,116,1.0,506,0.18429981556729375,0.125,60,Q1_low
83e807d083f2,0.780332857934627,0.7596727442337405,0.79924985588811,0.5711384548181588,0.42886154518184116,116,116,1.0,955,0.17229074691842344,0.0950869564444914,60,Q4_high
840844dd0afa,0.7555004610380641,0.7053224665721387,0.8001128248013596,0.6444399784457142,0.3555600215542858,92,116,0.7931034482758621,908,0.16825322988405178,0.12602570154423964,48,Q3
844ab8bb2f7e,0.5827304930730244,0.5378274393217055,0.6323251948804398,0.8210874931100185,0.1789125068899815,116,116,1.0,440,0.22039655868147484,0.1331605294190138,60,Q2
845c36347272,0.6666939646393024,0.6278116845592858,0.7025147522673235,0.8662571659624468,0.13374283403755316,116,116,1.0,1168,0.19500425260006785,0.12804926974154765,60,Q2
84ca097d3107,0.6010519912021838,0.5407077247404712,0.6612378411230101,0.8700480328851874,0.1299519671148126,116,116,1.0,883,0.17083867980129755,0.08864119849713555,60,Q2
8510bd06628a,0.7702227616932643,0.7400719561073064,0.798973673662827,0.6204751831400785,0.37952481685992145,116,116,1.0,932,0.182324829387496,0.125,60,Q4_high
852730ce9995,0.5927864693562566,0.5358969541330771,0.6473579073102358,0.7915237638088953,0.20847623619110467,92,116,0.7931034482758621,417,0.17008979750242706,0.12602570154423964,48,Q2
854b835c4459,0.7476243357670405,0.7125474526362897,0.7834989014169799,0.6889664851298399,0.31103351487016007,116,116,1.0,923,0.22380682626855894,0.137791541205188,60,Q3
854d751c7f96,0.7779460345550452,0.7542169656869835,0.8020631264465619,0.582156250167169,0.417843749832831,116,116,1.0,948,0.19731857206729705,0.12926277969986766,60,Q4_high
854f70d2c56a,0.582254165884461,0.5362135501550851,0.6290352625102789,0.8164616171199399,0.18353838288006008,116,116,1.0,434,0.21375654114796855,0.1360776392555722,60,Q2
85ac92085461,0.7903717803162545,0.7661885767610644,0.8160409008192775,0.5649444861171451,0.4350555138828549,92,116,0.7931034482758621,946,0.18176126793240574,0.12926277969986766,48,Q4_high
85ad96acad9e,0.7903717803162545,0.7643098171100002,0.8174314695149858,0.5649444861171451,0.4350555138828549,92,116,0.7931034482758621,946,0.1682406553316261,0.12602570154423964,48,Q4_high
85f32c060421,0.7760717495773866,0.7529712677681063,0.7993293959574819,0.5898108883701689,0.41018911162983107,116,116,1.0,949,0.17417211704541907,0.0859459869124608,60,Q4_high
860405b85a51,0.5404154768323685,0.48567108936416087,0.5870029485999312,0.760035877188458,0.239964122811542,116,116,1.0,405,0.17836159281906436,0.125,60,Q1_low
860c24709bc5,0.7013343840115374,0.6510264296846568,0.7508938858523303,0.7771821062340318,0.22281789376596817,116,116,1.0,919,0.17925230895912947,0.125,60,Q2
864da380b8da,0.7801110797252239,0.756797432838191,0.8025968222085585,0.572726538073073,0.42727346192692695,116,116,1.0,951,0.17924947088940327,0.12602570154423964,60,Q4_high
86b2e3d1ed17,0.5473254801034112,0.49761119399083265,0.5898914786032767,0.8580760324851747,0.14192396751482528,92,116,0.7931034482758621,506,0.17630891935006118,0.12602570154423964,48,Q1_low
86ed033dff57,0.7748351278065104,0.7477579363053876,0.7990129278880409,0.5930348505137659,0.4069651494862341,116,116,1.0,948,0.20482914267052726,0.1298869935936654,60,Q4_high
8701386a8ecb,0.6613868832765029,0.6243934373356396,0.6975344371498381,0.8752552755810555,0.12474472441894446,116,116,1.0,1162,0.17848266990214337,0.125,60,Q2
8708896efdc0,0.6217865432896813,0.5584658919458957,0.6822942229766437,0.8503412109169357,0.1496587890830643,116,116,1.0,875,0.17476726131834977,0.125,60,Q2
870ce6ff6bec,0.524841357859289,0.4691089685015297,0.5809920675641317,0.8642400803932834,0.13575991960671663,116,116,1.0,422,0.20065022236827904,0.12926277969986766,60,Q1_low
8758b9112998,0.7402026732163323,0.7024656872186941,0.7754320708045899,0.6886171250725899,0.3113828749274101,116,116,1.0,939,0.22837697941649637,0.13075619276219785,60,Q3
87607d05000e,0.5625759097104761,0.5024068109149706,0.6226235022719093,0.85810046753721,0.14189953246278997,92,116,0.7931034482758621,442,0.17989328914178648,0.12602570154423964,48,Q1_low
87a671dadd79,0.5455216111538882,0.5019715410543274,0.5871886209719221,0.8724285933333389,0.1275714066666611,116,116,1.0,473,0.20091869352460673,0.1298869935936654,60,Q1_low
87b105ed70c6,0.764428417410969,0.7355503365770383,0.7928037251084747,0.6281013483745137,0.3718986516254863,116,116,1.0,942,0.19294879970223938,0.12602570154423964,60,Q4_high
87e0b56ba652,0.7197023893552874,0.6864685978007602,0.7501732969851083,0.7270233125016854,0.2729766874983146,116,116,1.0,1033,0.18463873662241956,0.125,60,Q3
87e17719b591,0.5777864173730634,0.5267582271105663,0.6290912168662278,0.8112320423274341,0.18876795767256593,116,116,1.0,427,0.18645656761966795,0.12602570154423964,60,Q1_low
882516b12301,0.7555004610380641,0.7055600909591546,0.7970603123148166,0.6444399784457142,0.3555600215542858,92,116,0.7931034482758621,908,0.16825322988405178,0.12602570154423964,48,Q3
88534b3a970b,0.7769313977991498,0.7424582824829791,0.8065057820748424,0.6103579993405214,0.3896420006594786,92,116,0.7931034482758621,942,0.16882899180482003,0.12602570154423964,48,Q4_high
8881abe07db8,0.6979048900441822,0.6567233580070018,0.7426239388457385,0.7843337592983054,0.2156662407016946,116,116,1.0,926,0.1911192691856684,0.12804926974154765,60,Q2
888d2cec4116,0.5815276599441135,0.5397946226561211,0.6240160420171518,0.8271798487862388,0.17282015121376115,116,116,1.0,454,0.1836370427484149,0.125,60,Q2
88b9ce31b03e,0.5824398519098918,0.5485409522988095,0.6135570319295153,0.9189267148387219,0.0810732851612781,116,116,1.0,1062,0.19413785253235752,0.12602570154423964,60,Q2
891c44a1582b,0.7903717803162545,0.7642994068485851,0.8151951945398309,0.5649444861171451,0.4350555138828549,92,116,0.7931034482758621,946,0.18519742241441373,0.12926277969986766,48,Q4_high
89446801d542,0.652323036061712,0.6047799834657025,0.6968580778565621,0.8978872515675411,0.10211274843245888,92,116,0.7931034482758621,1181,0.17750576990758418,0.12926277969986766,48,Q2
89ac25141742,0.7346034611260496,0.6911089581171479,0.7847777647292213,0.7311855238103813,0.26881447618961873,92,116,0.7931034482758621,926,0.2066343854410659,0.1331605294190138,48,Q3
89cc417dcd98,0.7555004610380641,0.7083202781948424,0.7974111128411981,0.6444399784457142,0.3555600215542858,92,116,0.7931034482758621,908,0.16825322988405178,0.12602570154423964,48,Q3
89ce38debe35,0.5950833866791763,0.563313749765277,0.627612969587885,0.9108517108101979,0.08914828918980211,116,116,1.0,1082,0.18894964027824143,0.125,60,Q2
8a0268f51447,0.5782928560886634,0.5358295194873914,0.6214273049843047,0.8211937169209227,0.1788062830790773,116,116,1.0,464,0.17963112849993132,0.125,60,Q2
8a2fea65c9f5,0.5421413025377746,0.49008063355461734,0.5937755358469772,0.8726328668010246,0.1273671331989754,116,116,1.0,440,0.20126002587708372,0.1298869935936654,60,Q1_low
8a821dac946e,0.7247634549402545,0.6804997865668447,0.763088711014882,0.732422067446031,0.267577932553969,116,116,1.0,919,0.19777023301714014,0.12804926974154765,60,Q3
8aa8effa78f4,0.7686526368120911,0.7397918463329443,0.79567167564714,0.627751452811708,0.37224854718829203,116,116,1.0,934,0.1901033769599157,0.12602570154423964,60,Q4_high
8aec44220e63,0.561346115774889,0.5074122105576648,0.616663349068505,0.7686363139990118,0.23136368600098822,116,116,1.0,401,0.18602636948134865,0.125,60,Q1_low
8aff0b2e417d,0.5909131940182352,0.5377770718773563,0.642805105092299,0.8163987810600362,0.18360121893996384,92,116,0.7931034482758621,445,0.20612322355895973,0.13075619276219785,48,Q2
8ba05599e31e,0.504780311037716,0.45645104002786413,0.5557071794459939,0.834539466135335,0.16546053386466497,116,116,1.0,429,0.1806925839185939,0.125,60,Q1_low
8bae5cbe12c2,0.7547298213658368,0.7156042325208419,0.7926795967355064,0.67034556292562,0.32965443707438,92,116,0.7931034482758621,930,0.1745977040453606,0.12602570154423964,48,Q3
8bb0471e4d9b,0.7803675411464627,0.7483557923105549,0.8069428665392286,0.5977212669461692,0.4022787330538308,92,116,0.7931034482758621,941,0.16880809675960537,0.12602570154423964,48,Q4_high
8bf397a6ba8b,0.6258663838348424,0.5605480113262644,0.6846866776309778,0.8494365104224869,0.1505634895775131,116,116,1.0,885,0.1701126111458621,0.06700908150624295,60,Q2
8c2cbd4500c3,0.5306407488091641,0.4646785307393503,0.6048679809137416,0.7515570627397704,0.2484429372602296,92,116,0.7931034482758621,390,0.18993019663875976,0.1298869935936654,48,Q1_low
8c36f946fa39,0.5466610652155133,0.5067537554594521,0.5889801756218099,0.8546568842407878,0.14534311575921222,116,116,1.0,506,0.19580139093953025,0.12804926974154765,60,Q1_low
8c42dfba7e2c,0.7801110797252239,0.7553277370043238,0.8016213845955574,0.572726538073073,0.42727346192692695,116,116,1.0,951,0.17084379215341672,0.0706364608262514,60,Q4_high
8c5a917970c0,0.7517537580241801,0.721756385365393,0.7801007021881623,0.6508174444660678,0.3491825555339322,116,116,1.0,986,0.17734638528134222,0.125,60,Q3
8cd8f03b3b76,0.681726537452446,0.6241878738784297,0.7351760176767362,0.8222870579561006,0.17771294204389942,92,116,0.7931034482758621,1001,0.1712701809633668,0.12602570154423964,48,Q2
8d481d463b81,0.6227725630253493,0.548993343634787,0.6926685367718197,0.8620920395056377,0.13790796049436227,92,116,0.7931034482758621,883,0.17806483727664915,0.12804926974154765,48,Q2
8d5c7356c7ae,0.7187455368419644,0.6823748678313644,0.7481672160090956,0.7518797993028944,0.2481202006971056,116,116,1.0,1054,0.20107369091271096,0.12926277969986766,60,Q2
8d6c32d34649,0.543772059050104,0.5125851178950865,0.5736436997592986,0.9370205942197057,0.06297940578029426,116,116,1.0,955,0.23359234160907974,0.1360776392555722,60,Q1_low
8d9047d9e23a,0.7496380526431751,0.7144705952322721,0.7833447587361532,0.6722237217254345,0.32777627827456546,116,116,1.0,935,0.2350935527412875,0.1360776392555722,60,Q3
8dbc7b583363,0.7682654974369612,0.735898672645396,0.7962977819763223,0.6296209484904314,0.3703790515095686,116,116,1.0,928,0.18867796753954955,0.125,60,Q4_high
8de4ac5ba199,0.5373655509284444,0.507555946584044,0.5664091430949454,0.8610013451270004,0.13899865487299956,116,116,1.0,558,0.18029297117313456,0.125,60,Q1_low
8dea7f07dac4,0.7438468722055955,0.7069418010739026,0.776600037260067,0.6900829697856485,0.30991703021435146,116,116,1.0,944,0.22884488322883423,0.137791541205188,60,Q3
8dec77e08a8a,0.675805648386498,0.6204774383374456,0.732104503094011,0.8244105079936127,0.1755894920063873,92,116,0.7931034482758621,893,0.20312966724356177,0.13075619276219785,48,Q2
8e14085ada58,0.7640097102042012,0.7419893234819775,0.7916353460456461,0.6201133680795552,0.3798866319204448,116,116,1.0,974,0.1742559343226782,0.125,60,Q3
8f0c0fcea9e9,0.774703984595227,0.746279237585447,0.7991019235294717,0.6029922840873908,0.3970077159126092,116,116,1.0,942,0.1787106004623194,0.12252697457764064,60,Q4_high
8faedede5298,0.7782578547220409,0.7544927305748582,0.8021975874770709,0.5807416417154836,0.4192583582845164,116,116,1.0,951,0.17325886115805933,0.0908555286581965,60,Q4_high
8fd21eb5464c,0.6147244650146477,0.5779010532069526,0.6562213891303001,0.9179924813912154,0.08200751860878464,116,116,1.0,1154,0.19597529745628472,0.12926277969986766,60,Q2
9009f5684dde,0.7744311437073028,0.7504203093761443,0.7972212990491832,0.5923667533359186,0.4076332466640814,116,116,1.0,959,0.175128496899491,0.10171855262652205,60,Q4_high
90415aa5d0ee,0.723995009533777,0.6825850192918973,0.7607052421635958,0.7113193298197786,0.28868067018022137,116,116,1.0,932,0.1780343593750027,0.125,60,Q3
904905eec60a,0.7207887801186378,0.6759830199252435,0.7609454550493411,0.7175575149235837,0.28244248507641634,116,116,1.0,929,0.18998110433814921,0.125,60,Q3
904d8b960b74,0.7831937230270134,0.7511720435286814,0.8118553651055354,0.5873540019375639,0.41264599806243607,92,116,0.7931034482758621,945,0.16856437994404136,0.12602570154423964,48,Q4_high
90810ea0ff9b,0.5644743288963754,0.5143221714884609,0.6116290616917438,0.9731733903191221,0.02682660968087791,116,116,1.0,1145,0.23513247810208365,0.1324207152202204,60,Q1_low
908350ab2caf,0.6033346933632098,0.5387024766154341,0.6638413594743231,0.8824136021786168,0.11758639782138325,116,116,1.0,886,0.17253721874881153,0.125,60,Q2
909db8d51dc1,0.7691178689046299,0.7435133721323282,0.7920134332892613,0.61017795930556,0.38982204069444004,116,116,1.0,957,0.17981539445326936,0.125,60,Q4_high
90c411818fce,0.7877750936226404,0.76062819079697,0.8159698761638269,0.5760655253715071,0.4239344746284929,92,116,0.7931034482758621,940,0.1688601378391985,0.12602570154423964,48,Q4_high
90d576829ebe,0.6261913830076106,0.5795608414268195,0.6688110126464004,0.9267754023424529,0.07322459765754707,92,116,0.7931034482758621,1188,0.1747877689630295,0.12825642743141996,48,Q2
90fae3cb2b63,0.5629774589603934,0.5121848926718704,0.6119672441846508,0.8123078275051305,0.18769217249486947,116,116,1.0,416,0.19822495317229957,0.1298869935936654,60,Q1_low
913be26623af,0.7380066708047666,0.6965845428664315,0.7734263118712564,0.7058322203204018,0.2941677796795982,92,116,0.7931034482758621,989,0.17817212156235854,0.12804926974154765,48,Q3
914463eb1a00,0.7724818811194848,0.7459883656390991,0.795939097919192,0.5993910357778593,0.40060896422214065,116,116,1.0,955,0.18021034303397057,0.125,60,Q4_high
914df0b2f084,0.5613375201646108,0.5070827712994453,0.6108958612984289,0.8399363158910419,0.1600636841089581,116,116,1.0,444,0.17640123795342771,0.11631670691455351,60,Q1_low
915c7c5eecee,0.5184401197686477,0.4801833697768773,0.5650179016690932,0.9033888201036488,0.09661117989635115,116,116,1.0,502,0.1967854614043323,0.12804926974154765,60,Q1_low
918bec003a5a,0.7439231134614919,0.7088985271439668,0.771792458717915,0.6707147431693036,0.3292852568306964,116,116,1.0,980,0.17357056588859862,0.10447099337455254,60,Q3
91bf2483dec9,0.7694731724162731,0.7419006891702702,0.7935457919100557,0.6032193655244916,0.3967806344755084,116,116,1.0,960,0.18077117248308666,0.1111099036069722,60,Q4_high
920ee7edf4e7,0.7801110797252239,0.757944237283733,0.8018297285078233,0.572726538073073,0.42727346192692695,116,116,1.0,951,0.1760793883566191,0.125,60,Q4_high
9212441d3249,0.7042404103221831,0.6601741061200683,0.7436704323994757,0.7968170802109573,0.20318291978904268,92,116,0.7931034482758621,1115,0.1735078849379661,0.12602570154423964,48,Q2
924e9595f3b7,0.7751429426417428,0.7428482265096646,0.8057344962057276,0.6111314082121642,0.38886859178783584,92,116,0.7931034482758621,948,0.17168632774186343,0.12602570154423964,48,Q4_high
92b1d2a9b4ca,0.7555004610380641,0.7091144440645497,0.799404234695542,0.6444399784457142,0.3555600215542858,92,116,0.7931034482758621,908,0.16825322988405178,0.12602570154423964,48,Q3
92cc558a2906,0.6807121619264158,0.6331865972376722,0.7263307432299426,0.8387553362195449,0.1612446637804551,92,116,0.7931034482758621,1117,0.20683182023906868,0.1303725654977576,48,Q2
932635948923,0.5942467112565855,0.5447113295226381,0.6474267230975955,0.7986687374021924,0.20133126259780765,92,116,0.7931034482758621,422,0.17886956553755493,0.12926277969986766,48,Q2
93893467e75f,0.7259014202189898,0.6798795735105941,0.7663452460462965,0.7074628883032424,0.29253711169675756,116,116,1.0,931,0.18249930687088606,0.125,60,Q3
93b5a7ad7841,0.5421647964119474,0.4898447434297278,0.5972079965130415,0.7784803903415245,0.2215196096584755,116,116,1.0,406,0.17647081359326297,0.125,60,Q1_low
93b72c304c4f,0.7813150551294434,0.7452147287476492,0.8096379042904509,0.6012265043757232,0.3987734956242768,92,116,0.7931034482758621,936,0.1748657665992008,0.12804926974154765,48,Q4_high
94028e3486fe,0.4657243841738625,0.4307208097824609,0.5003583138050258,0.9435537224300775,0.05644627756992249,116,116,1.0,559,0.22208575949406215,0.137791541205188,60,Q1_low
945dc6c9f157,0.745981809830112,0.7044964048623625,0.7838060142886938,0.6900064046209123,0.30999359537908766,92,116,0.7931034482758621,982,0.2099453278034307,0.1303725654977576,48,Q3
94af6ce4d14b,0.7439216642646165,0.703090681431912,0.7800001857437845,0.6980414225536946,0.3019585774463054,116,116,1.0,916,0.2020435520602737,0.1298869935936654,60,Q3
94bb3f4d0a82,0.785636910535449,0.7555649605298043,0.8121321100811589,0.5849949800084255,0.41500501999157446,92,116,0.7931034482758621,940,0.1890858243941201,0.1298869935936654,48,Q4_high
94d5dfbb39b0,0.5864027505608524,0.5242407527595234,0.6466002341395424,0.913900225925586,0.08609977407441405,116,116,1.0,928,0.20234459966252952,0.12926277969986766,60,Q2
94f376ab2363,0.7722887464981647,0.7483541719248795,0.7978182075795556,0.6055806347673934,0.39441936523260657,116,116,1.0,940,0.18337657353440315,0.11260616564858475,60,Q4_high
95a8fff11cfd,0.6975149544183542,0.6579147109382635,0.7364051706147566,0.8117575774837233,0.18824242251627665,92,116,0.7931034482758621,1117,0.20373358546990983,0.1303725654977576,48,Q2
967983ad37da,0.7555004610380641,0.7041586531084888,0.7945416982662463,0.6444399784457142,0.3555600215542858,92,116,0.7931034482758621,908,0.16825322988405178,0.12602570154423964,48,Q3
9685c0135dbd,0.5733260148969365,0.5144161936449212,0.6289037733936769,0.9042397319432413,0.09576026805675875,116,116,1.0,890,0.17834864638326203,0.125,60,Q1_low
96ded29b2784,0.5539565945970479,0.5094501435068572,0.6055713098860103,0.8561071201349176,0.14389287986508237,116,116,1.0,441,0.17074853879778715,0.0726094059698225,60,Q1_low
9716ee35235b,0.780332857934627,0.7610632216745112,0.8016961160408368,0.5711384548181588,0.42886154518184116,116,116,1.0,955,0.1721824635717235,0.09924606180923695,60,Q4_high
97312029e58a,0.766269331303921,0.7386946162133533,0.7914625838693461,0.6202532310432057,0.37974676895679427,116,116,1.0,951,0.1714705181945607,0.09515290562881046,60,Q4_high
97397b5013e5,0.5762204245735189,0.5328392750760896,0.630671041353227,0.8409898489772719,0.15901015102272809,116,116,1.0,440,0.20328793696358657,0.12926277969986766,60,Q1_low
97696e3dff5a,0.7768605952409066,0.7447760113561568,0.8053300222260312,0.6066343984958987,0.39336560150410127,92,116,0.7931034482758621,957,0.17079874639339773,0.12602570154423964,48,Q4_high
977cf245ae54,0.5833565236760807,0.5379241121063549,0.6272693732102355,0.8259283716723733,0.17407162832762668,116,116,1.0,447,0.20905317053012407,0.1298869935936654,60,Q2
978c7f2d68d9,0.5658431545447689,0.5174654029080042,0.6161291795971917,0.7805057756868125,0.21949422431318755,116,116,1.0,406,0.1824623297965512,0.125,60,Q1_low
97a2a24cf1ac,0.6952522282642183,0.660234321109216,0.7300367085769776,0.7960804413216421,0.20391955867835787,116,116,1.0,1090,0.20145925060408912,0.12926277969986766,60,Q2
97b2a63f0dba,0.7139919549520235,0.6711751995344877,0.7553495341719666,0.753964380122838,0.24603561987716205,116,116,1.0,933,0.22340828764850446,0.1360776392555722,60,Q2
980aef90df6a,0.5219581952516358,0.5031001882662521,0.5403726710423483,0.8930441797969071,0.10695582020309291,92,116,0.7931034482758621,790,0.17856379381114848,0.12804926974154765,48,Q1_low
980cf7e1c461,0.4743819312513721,0.4292584403659164,0.5163361195608421,0.9300612754021552,0.06993872459784478,116,116,1.0,478,0.2359548801225628,0.1360776392555722,60,Q1_low
9854ff7b6372,0.7885099612545747,0.7578915653502653,0.8149901178703212,0.5785149833539601,0.4214850166460399,92,116,0.7931034482758621,944,0.17945521965622327,0.12926277969986766,48,Q4_high
989023c5016d,0.7748073699334465,0.748035759282251,0.7978303691903459,0.5960791933832064,0.40392080661679364,116,116,1.0,947,0.17446665079262486,0.11586987959627751,60,Q4_high
989272e48a84,0.7661066339486847,0.7249588300138162,0.8051261788549268,0.6528775107573447,0.3471224892426553,92,116,0.7931034482758621,928,0.20053961104538268,0.13075619276219785,48,Q4_high
9893b542403c,0.7694381261640857,0.7468587591954303,0.7961376522044092,0.6118590908972446,0.38814090910275545,116,116,1.0,950,0.19279138854268166,0.12602570154423964,60,Q4_high
98f372ae08e4,0.7654695073615583,0.7309730982960656,0.7950317725592848,0.6263190376522806,0.3736809623477194,116,116,1.0,945,0.1882232562227521,0.125,60,Q4_high
98f8d1bcd007,0.6116024043532032,0.5676099669385154,0.6525350391894384,0.9229275805036664,0.07707241949633359,92,116,0.7931034482758621,1155,0.17717664115790857,0.12804926974154765,48,Q2
99903eba6199,0.488981681342728,0.46241321311545414,0.5162871168924634,0.9343672063426676,0.06563279365733243,116,116,1.0,631,0.23375725192529348,0.13804334888894287,60,Q1_low
9990b3a98e69,0.7704369461160049,0.7434944046054849,0.7952445565597716,0.6146492691072643,0.38535073089273575,116,116,1.0,944,0.2050040319714916,0.12926277969986766,60,Q4_high
99b858319551,0.5755286012412396,0.5303720561285266,0.6207100120195529,0.8393213229510303,0.16067867704896965,116,116,1.0,451,0.18865035962683274,0.12707203865836325,60,Q1_low
9a26b5a93ff9,0.7779460345550452,0.7561783028133037,0.8011097329446571,0.582156250167169,0.417843749832831,116,116,1.0,948,0.20318933600302277,0.1298869935936654,60,Q4_high
9a4ec2498fe7,0.486271857358316,0.4569722696375475,0.518430513860806,0.9366233314825139,0.06337666851748613,116,116,1.0,575,0.2334453541022167,0.137791541205188,60,Q1_low
9a8af4347353,0.656156181784273,0.6092978643539403,0.6917158638089045,0.8876344412812214,0.11236555871877862,116,116,1.0,1167,0.18865184992794023,0.12602570154423964,60,Q2
9aa5612d579c,0.58317192332317,0.5362088647323141,0.6321127170143955,0.8201776793344618,0.17982232066553816,116,116,1.0,439,0.22531974375404848,0.1331605294190138,60,Q2
9ad50b703b4c,0.7370222783549134,0.6883225774113506,0.7801531841854021,0.7221129881068473,0.2778870118931527,92,116,0.7931034482758621,926,0.18916304591780678,0.1298869935936654,48,Q3
9ae09d31529b,0.780332857934627,0.7588322140309718,0.8015307990396675,0.5711384548181588,0.42886154518184116,116,116,1.0,955,0.17210610718385067,0.0859661844389071,60,Q4_high
9b4f07de6629,0.5629240966103739,0.5160824185871198,0.6146288486008668,0.8429179256557103,0.15708207434428967,116,116,1.0,435,0.20131690072460126,0.12926277969986766,60,Q1_low
9b5b77e19dd0,0.5566783930056062,0.5106009977396052,0.600647325459203,0.8506207622066703,0.14937923779332973,92,116,0.7931034482758621,489,0.16939788135503797,0.12602570154423964,48,Q1_low
9b5cf58da426,0.44248940932194647,0.4124741969955087,0.47073127972067313,0.9590264708492353,0.04097352915076469,116,116,1.0,607,0.20803004242946205,0.1303725654977576,60,Q1_low
9b6d37e31710,0.7782819237392017,0.7549587545791764,0.8021111005134136,0.5810685287649938,0.4189314712350062,116,116,1.0,952,0.17418010427963607,0.1129976136613637,60,Q4_high
9b9a18717f99,0.690981558515168,0.6333178284677567,0.7501164683986228,0.7992225580824659,0.2007774419175341,92,116,0.7931034482758621,914,0.1691134616021629,0.12602570154423964,48,Q2
9c0a2ddca15c,0.48185496799864913,0.4340215941598044,0.5276435589546846,0.9196871846221029,0.08031281537789714,116,116,1.0,465,0.17984439816789513,0.125,60,Q1_low
9c6d091c87de,0.5463653438554222,0.5141317284808709,0.5760407104281461,0.9361619466874217,0.0638380533125783,116,116,1.0,975,0.2125249501295179,0.1303725654977576,60,Q1_low
9c9ff750e24a,0.6865705163093605,0.6378737605300977,0.7432369449355184,0.7991751820262933,0.20082481797370666,116,116,1.0,931,0.19637268029571067,0.1298869935936654,60,Q2
9ca67a24e647,0.5491911653685639,0.4923084098841798,0.6070600139843911,0.7308268813335702,0.2691731186664298,116,116,1.0,395,0.16996287197217327,0.06252233271309093,60,Q1_low
9ce01b926a20,0.5815513660398701,0.5324616462399335,0.629665538361101,0.8120011094535119,0.1879988905464881,116,116,1.0,430,0.20536685787260428,0.1298869935936654,60,Q2
9cf2a95b1d8a,0.751032859199723,0.7123688297288799,0.7845992383046165,0.6710980712748413,0.32890192872515867,116,116,1.0,938,0.21965491908913087,0.13075619276219785,60,Q3
9d57808c377b,0.7824937809564324,0.7509299112883826,0.8087081211299403,0.5907973288803512,0.4092026711196488,92,116,0.7931034482758621,951,0.16845662792470126,0.12602570154423964,48,Q4_high
9da6e684fed0,0.5652778796724885,0.5198341059196211,0.6105621478930533,0.8483578617631141,0.15164213823688588,116,116,1.0,468,0.20814998171795765,0.13075619276219785,60,Q1_low
9db96874b0c6,0.7757236253994376,0.7433298120172915,0.8064437755385757,0.609713755939533,0.39028624406046697,92,116,0.7931034482758621,954,0.1687170134076937,0.12602570154423964,48,Q4_high
9dcbb83d63cd,0.7456958106239375,0.6981340947075965,0.7888250672751572,0.7048324300525113,0.2951675699474887,92,116,0.7931034482758621,918,0.2253278893188082,0.13872849757459466,48,Q3
9dfc7e3049ba,0.7467053941702512,0.7007074228794062,0.7946044526671041,0.6893302274163513,0.3106697725836487,92,116,0.7931034482758621,931,0.16917059176098967,0.12602570154423964,48,Q3
9e5ccc66f56e,0.7761755966899065,0.742006380189048,0.8053758228069284,0.615127963189147,0.384872036810853,92,116,0.7931034482758621,937,0.17018506454608182,0.12602570154423964,48,Q4_high
9f0bf9ecd1ae,0.6660895350217433,0.6156467119184038,0.7168467600122808,0.8118884340014169,0.18811156599858314,116,116,1.0,907,0.21108224736470363,0.13075619276219785,60,Q2
9f82b111e936,0.7779460345550452,0.7518772702821566,0.7987925411046588,0.582156250167169,0.417843749832831,116,116,1.0,948,0.1844709059230449,0.125,60,Q4_high
9f8399293a5b,0.719787631680783,0.6850855191312789,0.7506807443479879,0.7303280357244053,0.2696719642755947,116,116,1.0,1027,0.1758405464233797,0.1140393573328091,60,Q3
9fb024e9a9cd,0.6999095342812293,0.64842894542912,0.750440059139162,0.7647822167364657,0.23521778326353426,116,116,1.0,921,0.22741175647530817,0.1360776392555722,60,Q2
9fb9ce095950,0.5777110967897614,0.5265963434808578,0.6294836900885468,0.829534551278902,0.17046544872109803,92,116,0.7931034482758621,466,0.1926360046552452,0.1298869935936654,48,Q1_low
9fc087f1e5ac,0.767083642227045,0.7266301477199223,0.8046157518490237,0.6264379930833317,0.3735620069166683,92,116,0.7931034482758621,917,0.16825322988405178,0.12602570154423964,48,Q4_high
9fd56954127c,0.7555004610380641,0.7100557559689561,0.7986549623362702,0.6444399784457142,0.3555600215542858,92,116,0.7931034482758621,908,0.16825322988405178,0.12602570154423964,48,Q3
a00e12064313,0.6722263369008052,0.6352940769280294,0.7092739146860607,0.8620327408904587,0.13796725910954133,116,116,1.0,1164,0.18002212946082158,0.125,60,Q2
a02bf4d776da,0.7739386166321814,0.7384175556709037,0.8104041879231324,0.631892501468143,0.368107498531857,92,116,0.7931034482758621,926,0.18069481709853677,0.12804926974154765,48,Q4_high
a02ec2c24943,0.7423224171530833,0.7006298915087101,0.782168209665554,0.702871342784763,0.29712865721523696,116,116,1.0,926,0.20901848075601784,0.1298869935936654,60,Q3
a055ffa0f755,0.7164505930392245,0.6731647425964697,0.7548540015738278,0.7597159156087064,0.24028408439129356,92,116,0.7931034482758621,1001,0.1785790879974882,0.12804926974154765,48,Q2
a123364dd912,0.7877750936226404,0.7606347128545349,0.813864238939294,0.5760655253715071,0.4239344746284929,92,116,0.7931034482758621,940,0.17210947475607127,0.12602570154423964,48,Q4_high
a19a0c235ae8,0.6474897422398496,0.6091993022204524,0.691540283764829,0.9006411998350884,0.09935880016491161,116,116,1.0,1174,0.19688117947209954,0.12926277969986766,60,Q2
a1e4a44d6fad,0.7182670433678582,0.677978552390129,0.7613631687405029,0.725464046425613,0.274535953574387,116,116,1.0,929,0.19976515148755328,0.12804926974154765,60,Q2
a1f2d43b3ade,0.7691187939300228,0.7402998128724407,0.7925659386892835,0.6029375264252795,0.39706247357472046,116,116,1.0,965,0.17273729475494243,0.08164575884402481,60,Q4_high
a224f1cb8d3f,0.7300326786647096,0.6870899681497576,0.7703400716236731,0.695481231221172,0.304518768778828,116,116,1.0,933,0.20120541867687866,0.1298869935936654,60,Q3
a22c77279555,0.5184506793047575,0.46733835867741064,0.5598294377345848,0.90110875069331,0.09889124930669002,92,116,0.7931034482758621,502,0.17859590145599533,0.12804926974154765,48,Q1_low
a26577b601f2,0.6892902355672377,0.6476436044703879,0.7274766469442938,0.8038308846503645,0.19616911534963555,116,116,1.0,1087,0.19857696519776982,0.12926277969986766,60,Q2
a2895c2ee0c7,0.7565478914362961,0.7207628839888391,0.7900456074353928,0.6649654093878494,0.3350345906121506,116,116,1.0,932,0.2088109528533587,0.1303725654977576,60,Q3
a2899c841fc7,0.5500802931380192,0.5256045475712022,0.5752131815450985,0.9019268616284514,0.09807313837154863,116,116,1.0,902,0.2019557703157292,0.1298869935936654,60,Q1_low
a2a7394dd0b2,0.5286048650462694,0.5083306043758111,0.5500460097411201,0.8667362298986668,0.13326377010133317,116,116,1.0,630,0.19246440364154946,0.12804926974154765,60,Q1_low
a31cf338e318,0.6997974045081403,0.6522646750678417,0.7402168086611761,0.7512504736273101,0.24874952637268988,116,116,1.0,938,0.18024822826811132,0.11288725432046265,60,Q2
a34a1ea0035b,0.6206442623686336,0.5791202824793166,0.6640309572515308,0.9212973109946019,0.07870268900539812,116,116,1.0,1161,0.19726846608671003,0.1274901073389598,60,Q2
a36044a3f4c4,0.7555004610380641,0.7063110495493942,0.7992124922599474,0.6444399784457142,0.3555600215542858,92,116,0.7931034482758621,908,0.16825322988405178,0.12602570154423964,48,Q3
a369ea8f8860,0.739491874928665,0.7001764456998629,0.7810482400021457,0.7124205982407914,0.2875794017592086,116,116,1.0,918,0.21595162069334026,0.1303725654977576,60,Q3
a36ad60b0851,0.7543999007085209,0.7214245193826153,0.7882029611532879,0.6556082285736465,0.34439177142635347,116,116,1.0,933,0.21525059609220543,0.13075619276219785,60,Q3
a3ab36dd727e,0.7831937230270134,0.7570569938655585,0.8097662907499503,0.5873540019375639,0.41264599806243607,92,116,0.7931034482758621,945,0.16837288350971358,0.12602570154423964,48,Q4_high
a3c1ffc80582,0.5540675386274913,0.5183946880500959,0.5921538366716402,0.9288069860652808,0.07119301393471922,92,116,0.7931034482758621,1026,0.18290552891341413,0.1298869935936654,48,Q1_low
a3c99e45d0e2,0.757244999968144,0.7268606832077346,0.7829078930031376,0.6407530186758048,0.3592469813241952,116,116,1.0,972,0.17801314310781075,0.125,60,Q3
a42b61f11204,0.7555004610380641,0.7051146324703139,0.7999605094914161,0.6444399784457142,0.3555600215542858,92,116,0.7931034482758621,908,0.16825322988405178,0.12602570154423964,48,Q3
a48e49b7644d,0.7555004610380641,0.7108960629816617,0.7951983164576771,0.6444399784457142,0.3555600215542858,92,116,0.7931034482758621,908,0.16825322988405178,0.12602570154423964,48,Q3
a4e1d9bf2ada,0.7205656522689855,0.6679477973427804,0.7689555988895197,0.7522401088038096,0.24775989119619035,92,116,0.7931034482758621,922,0.18372599167734538,0.12926277969986766,48,Q3
a55ed16576bd,0.7555004610380641,0.7097247127128398,0.7987516479085011,0.6444399784457142,0.3555600215542858,92,116,0.7931034482758621,908,0.16825322988405178,0.12602570154423964,48,Q3
a57fb5f9eb38,0.712244202678277,0.671099835380108,0.7567310298442449,0.7399947248496738,0.26000527515032623,116,116,1.0,934,0.18966097948412933,0.12602570154423964,60,Q2
a5bbf9986cdf,0.5693875940678821,0.5225524181345554,0.6217444198781348,0.805940661949515,0.19405933805048503,116,116,1.0,414,0.2172446000212254,0.13075619276219785,60,Q1_low
a5cac1e1138f,0.7339840758327031,0.6920408322466503,0.776604501823121,0.7241554025704791,0.27584459742952094,116,116,1.0,920,0.20244535002058417,0.12804926974154765,60,Q3
a5df96189195,0.7748011950534085,0.74997104005517,0.7963446810057554,0.5903346869334976,0.40966531306650245,116,116,1.0,957,0.17365811217593888,0.0878623373221678,60,Q4_high
a691f167bcd1,0.49577466660959757,0.4534710027640638,0.5367020777549139,0.9207627994705782,0.07923720052942185,116,116,1.0,517,0.2118957456574586,0.1303725654977576,60,Q1_low
a6ac64bcbf02,0.7694381261640857,0.7406117125866883,0.7951572226948422,0.6118590908972446,0.38814090910275545,116,116,1.0,950,0.17509318688736383,0.11444781371277124,60,Q4_high
a6dee822b480,0.7337980432460363,0.6896191988991363,0.7703121670430471,0.7169580044374179,0.28304199556258214,116,116,1.0,926,0.22100000493494196,0.13075619276219785,60,Q3
a7a6e3eb56e7,0.6146363725552566,0.5461073188410153,0.6721945826203377,0.8573617223557102,0.14263827764428982,116,116,1.0,867,0.1717840037068185,0.0828513667617963,60,Q2
a7ae76c0d2a6,0.683083029086392,0.6446656639540578,0.7138346868143406,0.8417297355284937,0.15827026447150627,116,116,1.0,1166,0.180720418076516,0.125,60,Q2
a7daf6eb16b1,0.7653833158222139,0.7384943115632867,0.7925451595414307,0.6248298596386093,0.37517014036139074,116,116,1.0,955,0.18708391962859341,0.12602570154423964,60,Q4_high
a7e5f85ff20f,0.7704369461160049,0.7415629722298973,0.7972460914089393,0.6146492691072643,0.38535073089273575,116,116,1.0,944,0.21027586830448958,0.1303725654977576,60,Q4_high
a820a419197b,0.5348449267760262,0.4875280673835678,0.5791110826183644,0.874326259714227,0.12567374028577305,92,116,0.7931034482758621,508,0.1824890142146494,0.12804926974154765,48,Q1_low
a82ee19220b5,0.7782578547220409,0.7539207553424649,0.7988745492158826,0.5807416417154836,0.4192583582845164,116,116,1.0,951,0.17144014646944453,0.07508517202970165,60,Q4_high
a84b99e202c0,0.5683786369249756,0.5236945025895381,0.6239004233258251,0.838710603512506,0.16128939648749396,116,116,1.0,441,0.23997316670861693,0.137791541205188,60,Q1_low
a87a8ae903d8,0.7881167982364683,0.7622101675639541,0.8135028517044183,0.575071435817106,0.42492856418289404,92,116,0.7931034482758621,944,0.1707055835783248,0.12602570154423964,48,Q4_high
a88511f918eb,0.5825887366160981,0.5355632914573709,0.6254696996012448,0.8156998254512813,0.18430017454871872,116,116,1.0,433,0.20419307886614074,0.12926277969986766,60,Q2
a8a057bb0be7,0.7555004610380641,0.7052527268022224,0.7958892896438458,0.6444399784457142,0.3555600215542858,92,116,0.7931034482758621,908,0.16825322988405178,0.12602570154423964,48,Q3
a8eb9d33e165,0.57777348062145,0.5361402451527174,0.6202255531733807,0.82326155490782,0.17673844509217995,116,116,1.0,462,0.1902004494374777,0.12602570154423964,60,Q1_low
a8fc3ec464b7,0.7714516815481212,0.729891333995846,0.8048139995210585,0.6365885844521045,0.36341141554789547,92,116,0.7931034482758621,930,0.20342473085962476,0.13075619276219785,48,Q4_high
a93ea6176c1a,0.5805735536866607,0.5299990207642665,0.6239076898403376,0.9517220241834808,0.04827797581651916,116,116,1.0,1156,0.19971613411532785,0.12926277969986766,60,Q2
a96994f10702,0.6841008321177259,0.6358955531241777,0.7356552773862112,0.7907706886813991,0.2092293113186009,116,116,1.0,913,0.21311086648555724,0.1303725654977576,60,Q2
a98622a0b9b5,0.5825712711118607,0.5321855180417802,0.6295434548085128,0.8221794035935572,0.17782059640644277,116,116,1.0,444,0.2149915446515332,0.1298869935936654,60,Q2
a9e4c769b7fd,0.7555004610380641,0.7081981148288968,0.7994059783809832,0.6444399784457142,0.3555600215542858,92,116,0.7931034482758621,908,0.16825322988405178,0.12602570154423964,48,Q3
aa0519f48bfd,0.7555004610380641,0.7086955158716852,0.7977817755825909,0.6444399784457142,0.3555600215542858,92,116,0.7931034482758621,908,0.16825322988405178,0.12602570154423964,48,Q3
aa1545bb620d,0.5841562189291362,0.5387920806715844,0.631178259627844,0.8198137258054634,0.1801862741945366,116,116,1.0,438,0.2170458644253864,0.1298869935936654,60,Q2
aa1f2568fa3a,0.6575819297998353,0.6091683585849265,0.7028205952622938,0.8869712124839214,0.11302878751607859,92,116,0.7931034482758621,1167,0.2104133394931438,0.1369721420765514,48,Q2
aa8d7516e477,0.7555004610380641,0.7086348304379188,0.7971535304424038,0.6444399784457142,0.3555600215542858,92,116,0.7931034482758621,908,0.16825322988405178,0.12602570154423964,48,Q3
aa8d988e0704,0.7210813019499369,0.6797477687886243,0.7558295161040025,0.7385441160617443,0.2614558839382557,116,116,1.0,941,0.21502593696795252,0.13075619276219785,60,Q3
aa982feba760,0.5293483171595259,0.4788449662567957,0.5872099186367761,0.8417512331828054,0.15824876681719457,116,116,1.0,410,0.17038537737098794,0.07201087193248865,60,Q1_low
aabba8c4f44c,0.7555004610380641,0.7103248486637453,0.8042078903605621,0.6444399784457142,0.3555600215542858,92,116,0.7931034482758621,908,0.16825322988405178,0.12602570154423964,48,Q3
aae5f01389df,0.670271015129054,0.6124228742718372,0.7251761627628863,0.8130349734879659,0.18696502651203406,116,116,1.0,908,0.20550021501932053,0.1303725654977576,60,Q2
ab3987df782e,0.7660602748279687,0.7357912657028557,0.7981710767374786,0.6314161309198889,0.3685838690801111,116,116,1.0,935,0.22058447547728088,0.13075619276219785,60,Q4_high
ab3b0016d63b,0.7532197982419402,0.7218849547637065,0.779909641550576,0.6465844033885568,0.3534155966114432,116,116,1.0,983,0.17254088642441306,0.125,60,Q3
ab453134cb42,0.5739079054799052,0.5303077634319447,0.6172598649029121,0.8428095331218955,0.15719046687810445,116,116,1.0,452,0.21889220779099008,0.1303725654977576,60,Q1_low
ab5513e96b2b,0.6800641418632994,0.6288981522205768,0.7342553241500994,0.8000293267080998,0.19997067329190021,116,116,1.0,909,0.21371198685790263,0.12926277969986766,60,Q2
abb0333f1826,0.7686477646742641,0.7407221638606171,0.7929989806052365,0.6048921241428067,0.3951078758571933,116,116,1.0,958,0.1741160385708925,0.09383299500507244,60,Q4_high
abda5f691cba,0.521107927388008,0.4817236918312338,0.5646916825769415,0.8878994426715424,0.11210055732845758,116,116,1.0,511,0.18785001564951911,0.125,60,Q1_low
ac960e11925a,0.7639921661153091,0.7328033742222014,0.7917808952480588,0.6281042952972962,0.37189570470270383,116,116,1.0,949,0.1828825271851825,0.125,60,Q3
aca22c0b754d,0.780332857934627,0.7589792134015153,0.803441885538782,0.571138454818159,0.42886154518184105,116,116,1.0,955,0.1725485796326567,0.08367191396065166,60,Q4_high
acc4253dbc82,0.7109721795778655,0.6643328972151541,0.7557199161095515,0.7459889490777106,0.25401105092228937,116,116,1.0,922,0.1841983109497232,0.125,60,Q2
acd00ac824ed,0.7523302317073496,0.7081709511239292,0.7893500555380506,0.6838767983978375,0.31612320160216245,92,116,0.7931034482758621,943,0.19998483324308344,0.1303725654977576,48,Q3
acf33d393ade,0.6210932811985851,0.5757749736824445,0.6615101090956095,0.9438210857851315,0.056178914214868536,116,116,1.0,1249,0.21223926566363394,0.1303725654977576,60,Q2
acfa78c8f6a8,0.7402392719193892,0.7023859305956219,0.7747401834484333,0.6953814692684562,0.30461853073154377,116,116,1.0,939,0.23892388234002615,0.13872849757459466,60,Q3
ad3b6f16d17d,0.7607230520353208,0.7285617540176739,0.7917502499442539,0.6433090905742035,0.3566909094257965,116,116,1.0,936,0.2240011034503095,0.1360776392555722,60,Q3
ad813e3739b0,0.5338409577929785,0.4841355505184944,0.5824952711529605,0.7684505584830471,0.2315494415169529,116,116,1.0,410,0.16996283909168966,0.06252133687822298,60,Q1_low
ad9c45dd25dc,0.7739050729738967,0.7466333966425921,0.7988009111068254,0.5862500993519689,0.4137499006480311,116,116,1.0,950,0.17341850381553434,0.0757229660744733,60,Q4_high
ade7b83b1363,0.7840319988233379,0.7505261800828398,0.8106441305210554,0.5921140127094933,0.40788598729050674,92,116,0.7931034482758621,939,0.16883889700286192,0.12602570154423964,48,Q4_high
adf5bd6fa3c7,0.7782578547220409,0.7561338825155933,0.8026538432672493,0.5807416417154836,0.4192583582845164,116,116,1.0,951,0.17125179814447428,0.07307719155815545,60,Q4_high
adfd0f09ddb9,0.7768605952409066,0.7464565027815863,0.8046273696351953,0.6066343984958987,0.39336560150410127,92,116,0.7931034482758621,957,0.1688711439065125,0.12602570154423964,48,Q4_high
ae094633ca15,0.775843257691701,0.7508473877454593,0.8023997313883537,0.5915786324949913,0.4084213675050087,116,116,1.0,947,0.17670967806856283,0.11021776650553,60,Q4_high
ae43b8766052,0.5059435882721894,0.471656085600027,0.5364091445886717,0.9073950972906518,0.09260490270934818,116,116,1.0,545,0.1980088987893043,0.1298869935936654,60,Q1_low
ae768f372948,0.770851908181123,0.7418532307186051,0.8002581233936672,0.6202442122696116,0.3797557877303884,116,116,1.0,934,0.19420723847497431,0.12804926974154765,60,Q4_high
ae7a94e69d1d,0.7249954623112174,0.672840539838853,0.7744693201068341,0.7464486714355832,0.25355132856441676,92,116,0.7931034482758621,924,0.2003716624021442,0.1303725654977576,48,Q3
aeada7c26863,0.7188562942466462,0.6739477275136188,0.7597274337391968,0.7531445948379434,0.24685540516205662,116,116,1.0,930,0.21779332541439306,0.1331605294190138,60,Q3
aed7cfb24f16,0.7877750936226404,0.7594556988752844,0.8166308424515495,0.5760655253715071,0.4239344746284929,92,116,0.7931034482758621,940,0.1865488696486689,0.12926277969986766,48,Q4_high
aeeaad69448f,0.7903717803162545,0.763102226869096,0.8161684917669325,0.5649444861171451,0.4350555138828549,92,116,0.7931034482758621,946,0.17743049478591186,0.12602570154423964,48,Q4_high
aef421a03f0a,0.5473933118877891,0.521824989574117,0.5728525023432869,0.9094149213511291,0.09058507864887089,116,116,1.0,904,0.20387812867759275,0.1303725654977576,60,Q1_low
af122816ed12,0.5821740748967343,0.5348379901682446,0.6297333330715823,0.8175317829820408,0.18246821701795923,116,116,1.0,437,0.21040895689373837,0.1298869935936654,60,Q2
af36451ff757,0.7555004610380641,0.7117592785152524,0.8013072363900826,0.6444399784457142,0.3555600215542858,92,116,0.7931034482758621,908,0.16825322988405178,0.12602570154423964,48,Q3
af464bdf5059,0.5623422245653972,0.5208432362439193,0.6091054827237827,0.8395332313816479,0.16046676861835207,116,116,1.0,481,0.19483806485225472,0.12804926974154765,60,Q1_low
af47b0a976d4,0.7743305262350417,0.7505644245544746,0.7951034643519487,0.5919830260315435,0.4080169739684565,116,116,1.0,951,0.1719934236984454,0.10026307579664395,60,Q4_high
af63c4ead3ab,0.4788811290950244,0.4362203294811412,0.5241521408272617,0.9226651658193552,0.0773348341806448,116,116,1.0,475,0.20954739425696342,0.1303725654977576,60,Q1_low
afcd6d236398,0.2934146476270786,0.27438739494745734,0.31395639524951996,0.9817523491099854,0.018247650890014566,116,116,1.0,398,0.19237235909271383,0.12804926974154765,60,Q1_low
b004e6282254,0.5810413690742053,0.5233450342884632,0.6330789792824758,0.8285193668924028,0.1714806331075972,92,116,0.7931034482758621,437,0.19523858885182852,0.1298869935936654,48,Q2
b0530887123f,0.5796293980969304,0.5382425108845323,0.622228002648852,0.8238655863813018,0.1761344136186982,116,116,1.0,458,0.19808104662496995,0.12804926974154765,60,Q2
b05ca82d6cb1,0.7527175714274241,0.713197532408036,0.7984258195685167,0.6777940921459216,0.32220590785407843,92,116,0.7931034482758621,927,0.18009508015121053,0.12804926974154765,48,Q3
b05dcb7ded9d,0.6403176082721993,0.5691166213160255,0.7030673072963342,0.8394452488583473,0.16055475114165274,92,116,0.7931034482758621,879,0.19864409005296277,0.1303725654977576,48,Q2
b075d5f984ae,0.7555004610380641,0.7091863034566372,0.7983127946934536,0.6444399784457142,0.3555600215542858,92,116,0.7931034482758621,908,0.16825322988405178,0.12602570154423964,48,Q3
b0d2c4162458,0.6803643530731194,0.6318279625057287,0.7276185183521507,0.8088346520174245,0.19116534798257545,116,116,1.0,934,0.21875134581932382,0.1331605294190138,60,Q2
b153a9ea702d,0.7555004610380641,0.7099955434102448,0.7995710858139599,0.6444399784457142,0.3555600215542858,92,116,0.7931034482758621,908,0.16825322988405178,0.12602570154423964,48,Q3
b19e7ad79c06,0.601620337571678,0.5291128962283733,0.6744715858341908,0.8656008871757912,0.1343991128242088,92,116,0.7931034482758621,871,0.1681123975123109,0.12602570154423964,48,Q2
b1dc6eebbe38,0.7016002358801653,0.6533661090795109,0.7481548183653802,0.7633842900968244,0.2366157099031756,116,116,1.0,925,0.21284186754366838,0.1360776392555722,60,Q2
b1f21eaad4c0,0.5812612456283465,0.5363215096712521,0.6313045635506568,0.8238941232131266,0.1761058767868734,116,116,1.0,447,0.20877385456080186,0.1298869935936654,60,Q2
b255670e63f0,0.7555004610380641,0.7117463570337321,0.7996052474412387,0.6444399784457142,0.3555600215542858,92,116,0.7931034482758621,908,0.16825322988405178,0.12602570154423964,48,Q3
b262aed1217e,0.7106488649863201,0.6707084169996353,0.7417915346219536,0.7475709974050134,0.2524290025949866,116,116,1.0,1024,0.21015401688503588,0.1303725654977576,60,Q2
b2746ab55779,0.6198950385549901,0.579063001349042,0.6620744673098227,0.9227309569603913,0.07726904303960869,92,116,0.7931034482758621,1167,0.1801935485824824,0.12804926974154765,48,Q2
b2d86452adc2,0.5823302570707988,0.5348329125538048,0.6301770372876258,0.8114745271937436,0.18852547280625642,116,116,1.0,428,0.21990470594765305,0.137791541205188,60,Q2
b2e27bcd3631,0.7877750936226404,0.7572542597908085,0.8146486317188575,0.5760655253715071,0.4239344746284929,92,116,0.7931034482758621,940,0.16829848744523368,0.12602570154423964,48,Q4_high
b300ec3ab709,0.5621229516483977,0.5192873915203011,0.6161370266092147,0.8448840676166326,0.1551159323833674,92,116,0.7931034482758621,479,0.17796347073263122,0.12804926974154765,48,Q1_low
b32d7d16ecbb,0.7555004610380641,0.7073596017976631,0.8055992280070924,0.6444399784457142,0.3555600215542858,92,116,0.7931034482758621,908,0.16825322988405178,0.12602570154423964,48,Q3
b38820b6c407,0.7097244527825253,0.6591440035916387,0.7520977953585882,0.7708930557565129,0.2291069442434871,116,116,1.0,932,0.22012329880750867,0.1331605294190138,60,Q2
b38c8408d846,0.5670631689003235,0.5182900858223979,0.6231486711575596,0.8014796068241478,0.19852039317585224,116,116,1.0,413,0.19601990054025634,0.12839335259332565,60,Q1_low
b39c5ed8fba2,0.5597996089316591,0.5097618686954204,0.613194800680057,0.7892922762419475,0.21070772375805247,116,116,1.0,404,0.17976400059818834,0.125,60,Q1_low
b42de17b2962,0.4294609675773765,0.37837082995137544,0.4820646249168277,0.9554037379994545,0.04459626200054545,92,116,0.7931034482758621,462,0.18193486658751853,0.1298869935936654,48,Q1_low
b440c4bccc88,0.7678544597007539,0.7418366181245717,0.7921373503738999,0.613330058636201,0.38666994136379895,116,116,1.0,968,0.1740470114648612,0.125,60,Q4_high
b44615b20a99,0.5130919898695075,0.4610397841337095,0.5700030374006047,0.9468033522551492,0.05319664774485078,116,116,1.0,882,0.19582394438826997,0.12804926974154765,60,Q1_low
b44a68ea9070,0.7033416951195293,0.6574989780014696,0.7503956941300414,0.7574570044343621,0.24254299556563785,116,116,1.0,926,0.20193380114120102,0.1298869935936654,60,Q2
b493160c1a22,0.5811998802740802,0.5317783472933271,0.6265823548681458,0.8116561050881403,0.18834389491185966,116,116,1.0,430,0.19138910578058616,0.12804926974154765,60,Q2
b4bf86e03d9d,0.7662048803826811,0.7387357753998802,0.7961274178504242,0.6156594339791686,0.38434056602083144,116,116,1.0,945,0.18193846980596,0.125,60,Q4_high
b4f341a70721,0.5020259811051986,0.4786945031315106,0.5267949045030642,0.9138683623198134,0.08613163768018661,116,116,1.0,628,0.23052453495626699,0.13872849757459466,60,Q1_low
b51cdf8c33a5,0.7593156343616106,0.7234056009580626,0.7901579479925519,0.6533649495345272,0.3466350504654728,92,116,0.7931034482758621,974,0.17674206340005486,0.12602570154423964,48,Q3
b573f5830e30,0.7259014202189898,0.6853138432728809,0.7665733092500222,0.7074628883032424,0.29253711169675756,116,116,1.0,931,0.19145028607467163,0.12926277969986766,60,Q3
b58ebe74a5fe,0.6889957041115495,0.6540925682366441,0.7219761411106213,0.806885057425532,0.19311494257446804,116,116,1.0,1112,0.18959691994317068,0.12602570154423964,60,Q2
b5afb85b6058,0.7723111639947504,0.7374051238361313,0.8033173943190121,0.6203350986761458,0.3796649013238542,92,116,0.7931034482758621,958,0.16840744215941453,0.12602570154423964,48,Q4_high
b5c571ab3a9c,0.5598812778998171,0.5110024920394977,0.6050659221465424,0.8372155513309394,0.1627844486690606,116,116,1.0,431,0.1848729485444812,0.125,60,Q1_low
b5c86d80487d,0.7296323082117538,0.68853016393021,0.7615971016423798,0.6962826997753294,0.3037173002246706,116,116,1.0,929,0.1714222398380839,0.07126869769007894,60,Q3
b5e847ab4167,0.5660100000636025,0.5134985338863493,0.6179507027099908,0.7895942768709758,0.21040572312902417,116,116,1.0,407,0.18886985510907897,0.12602570154423964,60,Q1_low
b62bc155602d,0.780332857934627,0.7587424932937716,0.8019396809878009,0.5711384548181588,0.42886154518184116,116,116,1.0,955,0.1713282411580547,0.06937750844760406,60,Q4_high
b6550c7aff7a,0.5098271233838106,0.48698837106509335,0.5313178389420352,0.9055510884239246,0.09444891157607538,92,116,0.7931034482758621,760,0.21172245663569525,0.13075619276219785,48,Q1_low
b6796363a898,0.773648703053779,0.7416363543984793,0.8008689632783649,0.6160653609105335,0.38393463908946646,92,116,0.7931034482758621,965,0.16876770345525383,0.12602570154423964,48,Q4_high
b68ba710dc68,0.7821336110181266,0.7510724621562532,0.8085041766618378,0.5912294726961603,0.40877052730383967,92,116,0.7931034482758621,945,0.16855503658196044,0.12602570154423964,48,Q4_high
b6b00ee798f0,0.7782578547220409,0.7554875480621419,0.8015273082347639,0.5807416417154836,0.4192583582845164,116,116,1.0,951,0.18245905346452798,0.125,60,Q4_high
b6beec7592ba,0.5325037646247812,0.513230995995578,0.5517261351083118,0.8859899510325201,0.1140100489674799,92,116,0.7931034482758621,824,0.1733565204595865,0.12804926974154765,48,Q1_low
b6f586e15fc0,0.4762593709226905,0.44283432340199264,0.510535917178755,0.9363290667962583,0.06367093320374173,116,116,1.0,548,0.21224291319222685,0.13189012113929238,60,Q1_low
b700b13f96c9,0.5572830563120315,0.5106299316440311,0.5978701874418253,0.9568987006027144,0.043101299397285575,92,116,0.7931034482758621,1128,0.22384229964403313,0.14161525639396874,48,Q1_low
b734b9ae2532,0.7532197982419402,0.7249558310838591,0.7803474234477253,0.6465844033885568,0.3534155966114432,116,116,1.0,983,0.1729565472106889,0.125,60,Q3
b7f058902680,0.6010519912021838,0.5426084181915586,0.6621479057327775,0.8700480328851873,0.12995196711481272,116,116,1.0,883,0.17173425599539865,0.0998455591256999,60,Q2
b7f05ed150b5,0.6120541638870104,0.5497534196589876,0.6705689545443274,0.8542624013328592,0.14573759866714076,116,116,1.0,872,0.1749891819606953,0.1208019097155338,60,Q2
b8277d98a691,0.6914161601330712,0.6469844111239708,0.7312499627943425,0.8175827190043534,0.18241728099564658,92,116,0.7931034482758621,1098,0.1807497918475213,0.12804926974154765,48,Q2
b8294716a840,0.5035157902958559,0.4688112656409086,0.5365887772132295,0.9081210799290864,0.09187892007091358,116,116,1.0,547,0.19553705662326476,0.12804926974154765,60,Q1_low
b83a095428ec,0.569451949988528,0.5205019965287417,0.6160773332580027,0.8300375769071174,0.16996242309288256,116,116,1.0,426,0.1913585796035795,0.12804926974154765,60,Q1_low
b86c389c5deb,0.5827268770819111,0.5329761649554912,0.6244769071904004,0.8110786900092469,0.18892130999075307,116,116,1.0,428,0.19964102010386134,0.12806287284173995,60,Q2
b886fc0d853b,0.5381825921226853,0.48517595194234714,0.5873755105616884,0.7546205548549965,0.24537944514500354,116,116,1.0,407,0.17093556461524215,0.08939354128095535,60,Q1_low
b8a11614090a,0.7366765054243293,0.6955953972968256,0.7752734524479203,0.7054922242543278,0.2945077757456722,116,116,1.0,930,0.22090976841021615,0.13075619276219785,60,Q3
b8a22dd54838,0.6286007905263044,0.579043401183875,0.6808597675511171,0.9038922559389357,0.09610774406106426,92,116,0.7931034482758621,1058,0.19302051415661228,0.13075619276219785,48,Q2
b8a32e9375c2,0.7555004610380641,0.7104479399745123,0.8020014364038042,0.6444399784457142,0.3555600215542858,92,116,0.7931034482758621,908,0.16825322988405178,0.12602570154423964,48,Q3
b921d5bab57d,0.7640355680329209,0.7347127545318516,0.7917787035230367,0.6371909880468338,0.36280901195316617,116,116,1.0,937,0.20212418541524496,0.12804926974154765,60,Q3
b967b59b1d65,0.5575989498667553,0.5188849516298571,0.5938160139495493,0.8437729709631236,0.15622702903687635,116,116,1.0,494,0.185352534222483,0.125,60,Q1_low
b9939ab84aab,0.772556668118121,0.7443226103756416,0.7987757269790245,0.6039438597187862,0.39605614028121383,116,116,1.0,945,0.18033887728681205,0.125,60,Q4_high
b99446564f14,0.7502911964702451,0.7176697300550524,0.7798451442461759,0.6543483292377201,0.3456516707622799,116,116,1.0,973,0.19222572100638116,0.12804926974154765,60,Q3
b9b3ee196186,0.7725107134746059,0.7495654081913797,0.7973453002180906,0.5936992456031351,0.40630075439686486,116,116,1.0,949,0.22530323580473158,0.1337094166163572,60,Q4_high
b9bcf41a7338,0.50589187682906,0.4719874836419119,0.5379505313847252,0.9094219688590698,0.09057803114093022,116,116,1.0,554,0.2039543115086061,0.12926277969986766,60,Q1_low
b9e3bac5f0c0,0.724515971414355,0.6804408019236061,0.7630707691419377,0.741663642167994,0.25833635783200604,116,116,1.0,920,0.20468243320874233,0.13075619276219785,60,Q3
b9e89dee9d5c,0.7782819237392017,0.7543931672378794,0.8008672865690326,0.5810685287649938,0.4189314712350062,116,116,1.0,952,0.17726789488544104,0.125,60,Q4_high
ba11f8e8c376,0.6637352116799501,0.619773584757267,0.7074233597321508,0.8741569565303865,0.1258430434696135,92,116,0.7931034482758621,1144,0.16963668182371183,0.12602570154423964,48,Q2
bb17da2c8071,0.5700215798791386,0.5188314868183923,0.6223551550449588,0.7993066831785258,0.20069331682147418,116,116,1.0,411,0.21141060925087027,0.13075619276219785,60,Q1_low
bb7768d6748c,0.7801110797252239,0.7594382320202099,0.8007705602290817,0.572726538073073,0.42727346192692695,116,116,1.0,951,0.17350423667441736,0.09504207325532565,60,Q4_high
bb85e31eaae0,0.7555004610380641,0.7067024040167401,0.8004796064504589,0.6444399784457142,0.3555600215542858,92,116,0.7931034482758621,908,0.16825322988405178,0.12602570154423964,48,Q3
bbb167581c9e,0.7779460345550452,0.7545272658426689,0.799386229941161,0.582156250167169,0.417843749832831,116,116,1.0,948,0.17883427745070304,0.12189351255205655,60,Q4_high
bc545c5cf25a,0.5442016368911693,0.5211795605328144,0.5674927230745922,0.8908074821537942,0.10919251784620576,116,116,1.0,867,0.18987935097635802,0.12602570154423964,60,Q1_low
bc642c031ee7,0.4660522187353819,0.42920204154425984,0.4972136600171036,0.9538355090854849,0.04616449091451513,92,116,0.7931034482758621,622,0.22180874338540993,0.1369721420765514,48,Q1_low
bc68824d6652,0.7652132731655392,0.7354316658110684,0.7932763293767598,0.6335682651187408,0.36643173488125924,116,116,1.0,939,0.20984753538464954,0.13075619276219785,60,Q4_high
bc727066fa74,0.7026607246694067,0.6538676241123836,0.744290475732914,0.7665463177412343,0.23345368225876573,116,116,1.0,923,0.17421330598758955,0.125,60,Q2
bcd097d21189,0.758331120740568,0.7181300845413068,0.7985323511164042,0.6712901290946717,0.3287098709053283,92,116,0.7931034482758621,917,0.21109070970378194,0.13075619276219785,48,Q3
bcf249ffa024,0.5219842780549467,0.4726530727949757,0.565852389929513,0.804438542917546,0.19556145708245398,116,116,1.0,429,0.17122577415673385,0.0989594048887885,60,Q1_low
bd4d77b820c6,0.7782819237392017,0.7545265567809093,0.7991691143345788,0.5810685287649938,0.4189314712350062,116,116,1.0,952,0.17382554799030764,0.1113225206664092,60,Q4_high
bd56d83d073c,0.7782819237392017,0.754794687489385,0.8010346761019974,0.5810685287649938,0.4189314712350062,116,116,1.0,952,0.19047637014136448,0.12602570154423964,60,Q4_high
bd94adadec86,0.576923059278531,0.5300225402753964,0.6242278430388483,0.8366932357026807,0.16330676429731927,116,116,1.0,442,0.22915404695096894,0.1360776392555722,60,Q1_low
bdf0b223fc53,0.7534807643678818,0.7181377716908288,0.7850370742007392,0.6727428026055892,0.32725719739441084,116,116,1.0,934,0.19464360411438472,0.12602570154423964,60,Q3
be5921ef5796,0.6928731363997216,0.6437225760228154,0.7374108616519709,0.797821427878481,0.20217857212151902,116,116,1.0,930,0.2117421203077946,0.1303725654977576,60,Q2
be82d43f76b5,0.6254792683990475,0.5679140140102639,0.686598028642324,0.8752426233817034,0.12475737661829656,116,116,1.0,910,0.2176371248973697,0.1303725654977576,60,Q2
be8a20851a34,0.7659402085587644,0.7329998697504682,0.7983737041933715,0.6373807600126511,0.3626192399873489,92,116,0.7931034482758621,958,0.16983010404893306,0.12602570154423964,48,Q4_high
beac7e884b18,0.5009499630246989,0.4743345012470497,0.5268541305346892,0.9105503885549352,0.0894496114450648,116,116,1.0,597,0.2203956075972651,0.1331605294190138,60,Q1_low
bebf8040b09b,0.778858103650332,0.7459807023260627,0.8079214591597785,0.6029297487861154,0.3970702512138846,92,116,0.7931034482758621,946,0.16867345001073963,0.12602570154423964,48,Q4_high
bf21ab2e0c7f,0.7325199033121736,0.6889252017476263,0.7742518574707521,0.7207477623807785,0.27925223761922147,116,116,1.0,924,0.2206766262675894,0.1303725654977576,60,Q3
bfb524429703,0.7570558568398994,0.7113738895394416,0.7964671081553532,0.6636839347905964,0.3363160652094036,92,116,0.7931034482758621,929,0.1690627015141961,0.12602570154423964,48,Q3
bfbf73619675,0.5828586949302249,0.537540403516965,0.635877892166611,0.8112825739090753,0.18871742609092468,116,116,1.0,431,0.19864555310366433,0.1298869935936654,60,Q2
bfc18129008b,0.594088920143988,0.5383158978457587,0.6442108448150369,0.7973327399955285,0.20266726000447155,92,116,0.7931034482758621,422,0.18613345664730882,0.12926277969986766,48,Q2
bfc6ad384ba5,0.566096507385215,0.5128324949563435,0.6202272775094725,0.8242648860171244,0.17573511398287556,116,116,1.0,424,0.21163909654751964,0.1303725654977576,60,Q1_low
bfe2b6d573f7,0.48592408181378444,0.4314939019340962,0.5353567562256849,0.8677974549845952,0.13220254501540485,116,116,1.0,435,0.17761920208105939,0.125,60,Q1_low
c035e0d909e8,0.7693499048299111,0.7449550755011094,0.796569131546309,0.6128014765790849,0.3871985234209151,116,116,1.0,946,0.18798719662134555,0.12602570154423964,60,Q4_high
c040dc586452,0.5942010523281764,0.5361179692286254,0.6447403252264012,0.8167443677288484,0.1832556322711516,92,116,0.7931034482758621,433,0.21498246124179657,0.1331605294190138,48,Q2
c05727b8d1bf,0.756766562162145,0.7281325490267777,0.7813698058813804,0.6405360491067275,0.35946395089327254,116,116,1.0,967,0.17428587533018985,0.125,60,Q3
c0e13174d425,0.7555004610380641,0.7093406250604343,0.8018543692360991,0.6444399784457142,0.3555600215542858,92,116,0.7931034482758621,908,0.16825322988405178,0.12602570154423964,48,Q3
c0f4ea8d3262,0.5701487174131997,0.5224189420475921,0.616981682054168,0.844478174572555,0.15552182542744497,116,116,1.0,450,0.21800271826394854,0.13373291028794554,60,Q1_low
c10b7ed034ec,0.7555004610380641,0.714145542058731,0.7997829622706645,0.6444399784457142,0.3555600215542858,92,116,0.7931034482758621,908,0.16825322988405178,0.12602570154423964,48,Q3
c13748efef8d,0.5932559404449077,0.5374571452656102,0.6461834048828738,0.7963151122911372,0.20368488770886284,92,116,0.7931034482758621,421,0.17156139041334462,0.12602570154423964,48,Q2
c15ef2d5a9c0,0.7574790902276252,0.7116237198443719,0.7993319462997959,0.6769091351358847,0.3230908648641153,92,116,0.7931034482758621,922,0.21859563293231463,0.1369721420765514,48,Q3
c195a47a1a41,0.6561329603074264,0.5981676723326566,0.7140379815814009,0.836176365002624,0.16382363499737596,116,116,1.0,889,0.20689073394633056,0.12926277969986766,60,Q2
c1f28a766459,0.5207834795468106,0.4654766046602654,0.5713420402233086,0.8844492683307345,0.11555073166926555,116,116,1.0,433,0.21878858731055012,0.1331605294190138,60,Q1_low
c20c5a39f782,0.7003614929973708,0.6577690186854391,0.7448730486640994,0.7541208372292166,0.24587916277078337,116,116,1.0,931,0.17393423860386528,0.125,60,Q2
c215343072b7,0.7721542463940312,0.745865415997997,0.7963780569005113,0.5939421026076175,0.4060578973923825,116,116,1.0,954,0.1890543457296726,0.125,60,Q4_high
c25195951c34,0.4868523003234138,0.44767405141253624,0.5213361722443366,0.9289215187034044,0.07107848129659555,116,116,1.0,531,0.20738390047175279,0.1303725654977576,60,Q1_low
c2a449f3aa13,0.7579531181491328,0.7225291028225238,0.7864940219786212,0.6510405038972482,0.3489594961027518,116,116,1.0,958,0.17756661095783657,0.125,60,Q3
c2a5e6736cf8,0.6749265723408342,0.6373972243083037,0.7127520626366071,0.8476998662900715,0.15230013370992845,116,116,1.0,1149,0.2133451829461226,0.1329599611220492,60,Q2
c2d6ff5cf1ce,0.5830775528629083,0.5362788903267539,0.629573600094518,0.8165628733889199,0.18343712661108014,116,116,1.0,437,0.22924160973298013,0.13554756993949946,60,Q2
c30df82bc273,0.7633596513635519,0.7338155369164838,0.7916239937844378,0.6369240457752353,0.3630759542247647,116,116,1.0,934,0.1862881808536267,0.12602570154423964,60,Q3
c3d41fcbbffc,0.5219842780549467,0.47628177532951765,0.5742146461284836,0.804438542917546,0.19556145708245398,116,116,1.0,429,0.17362586627954898,0.10124725473729004,60,Q1_low
c40d12166c3d,0.7691187939300228,0.7450217356486724,0.7930242093999603,0.6029375264252795,0.39706247357472046,116,116,1.0,965,0.20790447193843536,0.13075619276219785,60,Q4_high
c49746e3b12e,0.7619471287213962,0.733598234563469,0.7873122463082068,0.6159785555581602,0.38402144444183983,116,116,1.0,967,0.17152897670223446,0.085663030895665,60,Q3
c4ac9f1c7cdd,0.5813056446353351,0.535479546069876,0.630536387157885,0.9654960875781133,0.03450391242188666,92,116,0.7931034482758621,1237,0.20394105909657745,0.13075619276219785,48,Q2
c5106e6951de,0.7696728177614294,0.742670709881745,0.7943522267161505,0.6109603765640069,0.3890396234359931,116,116,1.0,953,0.17683148908497345,0.125,60,Q4_high
c52b4fa97083,0.735760555352992,0.6967863936690066,0.7698895635269934,0.6966172553692777,0.30338274463072235,116,116,1.0,952,0.2066266070487009,0.12926277969986766,60,Q3
c57b8d91f032,0.5761841011177997,0.5120742511883237,0.6327577330497641,0.8967734240309237,0.10322657596907625,116,116,1.0,880,0.17289310350146223,0.116714095606214,60,Q1_low
c6c3f0825e9a,0.5755477195031882,0.5307559021742457,0.6139633062612064,0.8247118982645892,0.17528810173541076,116,116,1.0,466,0.18582390186326478,0.125,60,Q1_low
c70028c7277b,0.777942517345993,0.7548573647460688,0.8036750223250414,0.587130927205489,0.412869072794511,116,116,1.0,943,0.19645983074579956,0.12804926974154765,60,Q4_high
c76ab10af3f5,0.7555004610380641,0.7129736450840514,0.8008641773364565,0.6444399784457142,0.3555600215542858,92,116,0.7931034482758621,908,0.16825322988405178,0.12602570154423964,48,Q3
c7845805e7e1,0.739109632857405,0.704102681242329,0.7672738897208469,0.692480149530209,0.307519850469791,116,116,1.0,1012,0.187495362921141,0.12602570154423964,60,Q3
c7b13135d384,0.5581276665884729,0.5139203213102959,0.602747591476925,0.8644803575813932,0.1355196424186068,116,116,1.0,469,0.21297412606967678,0.1360776392555722,60,Q1_low
c8422346a1c3,0.7801110797252239,0.7570467450416694,0.8021706682267741,0.5727265380730729,0.42727346192692706,116,116,1.0,951,0.17971719652286883,0.125,60,Q4_high
c847041698b0,0.7782819237392017,0.7538380189197839,0.8023604081114999,0.5810685287649938,0.4189314712350062,116,116,1.0,952,0.18106292760292245,0.125,60,Q4_high
c88b7cbaab96,0.5724835506403616,0.5256404580257982,0.6237589863808461,0.837491873596538,0.16250812640346202,116,116,1.0,434,0.19635806140293616,0.12804926974154765,60,Q1_low
c8b87d4f303b,0.7434834672519608,0.7100508548732568,0.7772997845107529,0.6882960811893698,0.3117039188106302,116,116,1.0,959,0.20032025244968113,0.12830986886059315,60,Q3
c8fe42b2921b,0.7782578547220409,0.7545242483075135,0.8010924365130806,0.5807416417154835,0.4192583582845165,116,116,1.0,951,0.18018714720935466,0.125,60,Q4_high
c8ffe2ff33be,0.5140045044852183,0.46561913916641234,0.5638852971993592,0.9098470024174984,0.09015299758250161,92,116,0.7931034482758621,487,0.19839223991373509,0.13075619276219785,48,Q1_low
c987682a0c89,0.7460052815550757,0.701371925139502,0.7838355094613594,0.6909831160613827,0.30901688393861726,92,116,0.7931034482758621,928,0.20500512451151284,0.13075619276219785,48,Q3
c9c9f1d47e77,0.7908783190234073,0.7674100195990241,0.8141999017074298,0.563740207876135,0.436259792123865,92,116,0.7931034482758621,949,0.168514350703978,0.12602570154423964,48,Q4_high
c9de9295bb5d,0.5450194744807746,0.5148947309794066,0.5786966826320826,0.8561808390422492,0.14381916095775082,116,116,1.0,532,0.19500139463248192,0.12804926974154765,60,Q1_low
ca74fd8ebbba,0.768555372637622,0.7347439703541724,0.7946182732676492,0.6281779463869651,0.3718220536130349,116,116,1.0,935,0.22413015072092304,0.1360776392555722,60,Q4_high
ca8466e7eaed,0.7877750936226404,0.7572003802754667,0.8137083382046508,0.5760655253715071,0.4239344746284929,92,116,0.7931034482758621,940,0.16957816838964013,0.12602570154423964,48,Q4_high
cabefb62050a,0.7903717803162545,0.7643973249685163,0.8163006059022045,0.5649444861171451,0.4350555138828549,92,116,0.7931034482758621,946,0.16827494999744497,0.12602570154423964,48,Q4_high
cb23c39b3226,0.775843257691701,0.751734858724898,0.8022414043439805,0.5915786324949913,0.4084213675050087,116,116,1.0,947,0.17778064722889672,0.125,60,Q4_high
cb40fa4e04f3,0.7734179380583355,0.7346091096232416,0.8078622491348317,0.6276619953940465,0.37233800460595345,92,116,0.7931034482758621,933,0.18881705305668536,0.1298869935936654,48,Q4_high
cba94fd13cf4,0.693098426622639,0.6445978900164924,0.7422867668091263,0.7924544951008419,0.20754550489915813,116,116,1.0,933,0.19572383826944065,0.12804926974154765,60,Q2
cc41551e4363,0.7509601015428082,0.719406775398897,0.7803770786060927,0.6566229790021658,0.3433770209978342,116,116,1.0,969,0.17689890710047568,0.125,60,Q3
cc6e5cf840b8,0.6967775021516055,0.6573258028529946,0.7371768584577229,0.800253711664687,0.19974628833531305,116,116,1.0,1092,0.20467827080823728,0.1298869935936654,60,Q2
cc79a583ad2a,0.5782928560886634,0.534885849223295,0.6285485729568738,0.8211937169209227,0.1788062830790773,116,116,1.0,464,0.18763115180620943,0.12602570154423964,60,Q2
ccaf0e89b92d,0.6620294336655882,0.6073137364017847,0.7117908167566805,0.8163566269938286,0.1836433730061714,116,116,1.0,902,0.19243262691563331,0.12804926974154765,60,Q2
ccf098a8e364,0.7100796509090554,0.6699468544417568,0.750409841796209,0.7805726507663173,0.21942734923368268,92,116,0.7931034482758621,1090,0.1821020859598905,0.1298869935936654,48,Q2
cd40342c1d7d,0.7801110797252239,0.7573383366700412,0.8015258896052155,0.5727265380730729,0.42727346192692706,116,116,1.0,951,0.18341381374115814,0.125,60,Q4_high
cd77a9bd378c,0.5530061314369551,0.515528527562474,0.5888066200241319,0.8476012794014013,0.1523987205985987,116,116,1.0,512,0.1790907084189031,0.125,60,Q1_low
cd999108ca3b,0.7746505908786766,0.7531543822074859,0.7973278714752576,0.5925610103611001,0.4074389896388999,116,116,1.0,955,0.1731985749665292,0.0900016735278563,60,Q4_high
cddf3406926c,0.7300326786647096,0.6901020530488122,0.7638711045299066,0.695481231221172,0.304518768778828,116,116,1.0,933,0.17218742515005706,0.08430632127113445,60,Q3
ce05c748454f,0.7672599054541039,0.7345388213252589,0.7919026639221642,0.6223009897889574,0.3776990102110426,116,116,1.0,940,0.1826557912092687,0.125,60,Q4_high
ce1d79ec7247,0.5761177479944112,0.5304645924072363,0.6225204598837861,0.8294308596626041,0.1705691403373959,116,116,1.0,459,0.20610242523785974,0.1298869935936654,60,Q1_low
ce300d82f677,0.7555004610380641,0.7125589027267594,0.800392541773962,0.6444399784457142,0.3555600215542858,92,116,0.7931034482758621,908,0.16825322988405178,0.12602570154423964,48,Q3
ced9a2f50e6a,0.6177326916177501,0.5633894993700427,0.6797934524801277,0.8575387092588711,0.1424612907411289,116,116,1.0,884,0.17014782254721364,0.0675399877951622,60,Q2
ceece08ec30c,0.7782578547220409,0.7545184990903049,0.8033580377552243,0.5807416417154835,0.4192583582845165,116,116,1.0,951,0.18088639293543735,0.125,60,Q4_high
ceeda54e1b5b,0.7296323082117538,0.6895990824276286,0.7684731828868875,0.6962826997753294,0.3037173002246706,116,116,1.0,929,0.1854684209361016,0.125,60,Q3
cef38354125d,0.780332857934627,0.7600473236023462,0.8000335429333427,0.5711384548181588,0.42886154518184116,116,116,1.0,955,0.1824610318272572,0.12602570154423964,60,Q4_high
cf0e8bf0f5d3,0.7683573092043415,0.7382301635460342,0.7950079731549144,0.6205034393907849,0.3794965606092151,116,116,1.0,942,0.19387272360041846,0.12602570154423964,60,Q4_high
cf4bb1da7185,0.5278373699602159,0.47769962104577746,0.5775996752487974,0.8831227668447497,0.11687723315525034,116,116,1.0,443,0.20222012159592312,0.1303725654977576,60,Q1_low
cf521863dd22,0.5477779721492259,0.5276107097340208,0.5672006520905389,0.8835238453281722,0.11647615467182781,116,116,1.0,853,0.19406984735254987,0.12602570154423964,60,Q1_low
cfd55ee04865,0.7110732017347544,0.6653773581214645,0.7508192510514436,0.7696743115531895,0.23032568844681045,116,116,1.0,925,0.22516819879353722,0.13075619276219785,60,Q2
cfdbf4934ead,0.7555004610380641,0.707190419078836,0.7927844223974874,0.6444399784457142,0.3555600215542858,92,116,0.7931034482758621,908,0.16825322988405178,0.12602570154423964,48,Q3
d0088820131f,0.6951453321516154,0.6488955539093968,0.7426317340489728,0.7906100395479536,0.2093899604520464,116,116,1.0,925,0.1862630842260074,0.12602570154423964,60,Q2
d02d5af35ee5,0.7134631035458239,0.6778417352348983,0.7459942161349365,0.7397438371868021,0.26025616281319786,116,116,1.0,1042,0.21345769532839282,0.1298869935936654,60,Q2
d0454d7a7ad0,0.7555004610380641,0.7079814643870548,0.7957899280991607,0.6444399784457142,0.3555600215542858,92,116,0.7931034482758621,908,0.16825322988405178,0.12602570154423964,48,Q3
d04ef2e0c992,0.6985468573008061,0.6506155041585805,0.7422346110230295,0.7822639551488586,0.2177360448511414,116,116,1.0,916,0.20844516572170718,0.1303725654977576,60,Q2
d05a94edf752,0.5886517516607113,0.5272088809479134,0.649347885163532,0.8899825030249742,0.11001749697502583,116,116,1.0,886,0.17083859702440257,0.08772794071762575,60,Q2
d078ba8c5f9a,0.7779460345550452,0.7549424185789751,0.8020280461771633,0.582156250167169,0.417843749832831,116,116,1.0,948,0.17406236523106003,0.08121825274139495,60,Q4_high
d0b9d4ff24d9,0.4967494989909835,0.4585493483199289,0.5387891621506048,0.9166819352969069,0.08331806470309311,116,116,1.0,503,0.22733191953386178,0.1331605294190138,60,Q1_low
d0c29e417818,0.5664941723767305,0.5181333989948322,0.617101113678159,0.8285566649288187,0.17144333507118126,116,116,1.0,435,0.20930329585380303,0.13075619276219785,60,Q1_low
d0e063bfa731,0.7621278264752831,0.7298726817194676,0.7909500156758342,0.6387720838722222,0.3612279161277778,116,116,1.0,947,0.21272268398703723,0.13075619276219785,60,Q3
d10b02f13579,0.7751137035728397,0.7513133399786034,0.7985807560191966,0.5828090559975536,0.4171909440024464,116,116,1.0,959,0.17408775937271417,0.125,60,Q4_high
d168f1e0983b,0.772556668118121,0.7460256883177756,0.7952055469249449,0.6039438597187862,0.39605614028121383,116,116,1.0,945,0.1739107785685584,0.0885902296985057,60,Q4_high
d1a897843b0d,0.7504072647021147,0.7148778808771733,0.7848738441687122,0.6770767111416255,0.3229232888583745,116,116,1.0,928,0.20474799069429167,0.1303725654977576,60,Q3
d209b182fc10,0.5750726209437448,0.5319011736307202,0.6170838195038733,0.8237145721811259,0.17628542781887413,116,116,1.0,470,0.18716748895807617,0.12602570154423964,60,Q1_low
d2191bad412b,0.7511819888997027,0.7200566439725385,0.7816525402013164,0.6525809552575849,0.34741904474241514,116,116,1.0,984,0.18304791845497576,0.125,60,Q3
d26da039e50f,0.7053893277814417,0.6612040231412227,0.7487363091877336,0.7814666551631746,0.2185333448368254,116,116,1.0,935,0.20869877196759923,0.1303725654977576,60,Q2
d29e7f55b9a6,0.7555004610380641,0.7008735184244858,0.7962102771972888,0.6444399784457142,0.3555600215542858,92,116,0.7931034482758621,908,0.16825322988405178,0.12602570154423964,48,Q3
d2bfb03c0e1a,0.6718638072949358,0.621897547659452,0.7304374778590845,0.8024099559245992,0.19759004407540082,116,116,1.0,905,0.19277003874541412,0.12804926974154765,60,Q2
d2dc6c524acf,0.6844696408823476,0.6347461104623616,0.7275978952543177,0.8159700916732835,0.1840299083267165,116,116,1.0,946,0.20355244345785414,0.12804926974154765,60,Q2
d32394928f18,0.7722887464981647,0.7466163154999227,0.7982049848537484,0.6055806347673934,0.39441936523260657,116,116,1.0,940,0.1756874290173451,0.125,60,Q4_high
d32458ba0b75,0.7659286942376247,0.7360905449281988,0.7956947609185917,0.6253749953775559,0.3746250046224441,116,116,1.0,938,0.230248830278095,0.1353165444894574,60,Q4_high
d3c954c4b045,0.5825887366160981,0.5338662753250056,0.6388960812371273,0.8156998254512813,0.18430017454871872,116,116,1.0,433,0.21671351283606566,0.13075619276219785,60,Q2
d4379462da61,0.775074238993747,0.7534402725967351,0.7977087093900587,0.5908594063892308,0.40914059361076915,116,116,1.0,959,0.17127705665391643,0.08647838355242454,60,Q4_high
d509ae409da0,0.7758347017739106,0.7496267765346767,0.8017792232059597,0.5954425964922873,0.40455740350771274,116,116,1.0,944,0.21392582068701266,0.1331605294190138,60,Q4_high
d5196c54fae6,0.5781243051196931,0.5253745108652871,0.6252817795277239,0.8035268877523184,0.1964731122476816,116,116,1.0,423,0.20510208277807881,0.1298869935936654,60,Q2
d5310b2ac190,0.7555004610380641,0.7086513860885001,0.7966259346475144,0.6444399784457142,0.3555600215542858,92,116,0.7931034482758621,908,0.16825322988405178,0.12602570154423964,48,Q3
d55933797b56,0.5639258942929052,0.5131287654050082,0.617705643241071,0.8246046088271858,0.17539539117281422,116,116,1.0,419,0.222445521776286,0.1360776392555722,60,Q1_low
d5d5f72b0659,0.7570558568398994,0.7120269566256633,0.7961311844399933,0.6636839347905964,0.3363160652094036,92,116,0.7931034482758621,929,0.1693892346032364,0.12602570154423964,48,Q3
d5d83dbdbaf8,0.5814943332129441,0.5360862866383109,0.6289289446246618,0.8275878505016586,0.17241214949834138,116,116,1.0,444,0.2328435263367412,0.1383122137622371,60,Q2
d6015ccd6f2a,0.7782819237392017,0.7551815819555918,0.8020463305493949,0.5810685287649938,0.4189314712350062,116,116,1.0,952,0.17243570403183897,0.09420797499621865,60,Q4_high
d645f5dc9ebd,0.5042332773691487,0.4814148467084247,0.5282301550937013,0.9249832191853782,0.07501678081462182,92,116,0.7931034482758621,817,0.212871845018801,0.1331605294190138,48,Q1_low
d6539915be23,0.5805035056725145,0.5254400128208231,0.6321758864130873,0.8384700445278117,0.1615299554721883,92,116,0.7931034482758621,432,0.22012943974780277,0.1369721420765514,48,Q2
d65a19c3860e,0.5937939604000072,0.5549669870963622,0.6336099664017265,0.9283950239387183,0.07160497606128169,92,116,0.7931034482758621,1137,0.19293608165564738,0.1303725654977576,48,Q2
d686cc911636,0.5785618029379608,0.528386554848188,0.6217812166441103,0.8267114266632043,0.1732885733367957,116,116,1.0,443,0.21078123842237922,0.13075619276219785,60,Q2
d6a5c98da0e8,0.7725107134746059,0.7424897029414903,0.7959500087312785,0.5936992456031351,0.40630075439686486,116,116,1.0,949,0.19196857905532067,0.12602570154423964,60,Q4_high
d6d8a0d737e8,0.6911543636949756,0.6379506165220477,0.7424172981118963,0.7803380641537307,0.21966193584626925,116,116,1.0,907,0.21063741114095264,0.1303725654977576,60,Q2
d746a23dc601,0.6991631722333961,0.6540554771764379,0.7458881047492923,0.7612915971003529,0.23870840289964712,116,116,1.0,934,0.17303163033286445,0.12278539876360414,60,Q2
d765fcf9098b,0.5631159886188268,0.5156059283966985,0.6125836878360031,0.8458200105457349,0.15417998945426514,92,116,0.7931034482758621,485,0.1836459521096178,0.1298869935936654,48,Q1_low
d7d03e129816,0.7555004610380641,0.7090092770892982,0.7975145040387984,0.6444399784457142,0.3555600215542858,92,116,0.7931034482758621,908,0.16825322988405178,0.12602570154423964,48,Q3
d82126a35001,0.7760717495773866,0.7510083901758583,0.8045367642827242,0.5898108883701688,0.4101891116298312,116,116,1.0,949,0.1985774308092515,0.12804926974154765,60,Q4_high
d868ad6d18ee,0.5608935141381587,0.5132541055252562,0.6087439454559483,0.8415793051762664,0.15842069482373355,116,116,1.0,435,0.20884374354098129,0.1303725654977576,60,Q1_low
d8cd9e580184,0.6623710138553061,0.6125002573014937,0.7176096162760199,0.8319914198978035,0.16800858010219655,116,116,1.0,894,0.20118230111074062,0.12804926974154765,60,Q2
d8f5426a1dc0,0.7555004610380641,0.7088235956347938,0.7981218658776056,0.6444399784457142,0.3555600215542858,92,116,0.7931034482758621,908,0.16825322988405178,0.12602570154423964,48,Q3
d955684efcf0,0.746051083378248,0.6960257918023072,0.7905441434996152,0.6901824930951173,0.30981750690488274,92,116,0.7931034482758621,924,0.17315760310111628,0.12602570154423964,48,Q3
d981137bec70,0.7779460345550452,0.7547719302650584,0.8001337247693809,0.582156250167169,0.417843749832831,116,116,1.0,948,0.17199584218499192,0.0742477740544045,60,Q4_high
d9e27533bbe0,0.775843257691701,0.7486065932135546,0.8006612949798426,0.5915786324949913,0.4084213675050087,116,116,1.0,947,0.1762929266161391,0.125,60,Q4_high
da02afbd72f3,0.5360046807963583,0.4887752215424976,0.5830188808932641,0.9776792150365856,0.022320784963414386,116,116,1.0,1180,0.26087445417324967,0.1398829391672975,60,Q1_low
da2423b00cc2,0.5291240435212491,0.5018930375943874,0.5582782389429329,0.9269028188145475,0.0730971811854525,92,116,0.7931034482758621,929,0.20694927148841516,0.13075619276219785,48,Q1_low
da439552c667,0.7555004610380641,0.7032409237468844,0.7965032599127234,0.6444399784457142,0.3555600215542858,92,116,0.7931034482758621,908,0.16825322988405178,0.12602570154423964,48,Q3
da69342492e2,0.7300326786647096,0.6938984382865154,0.7706465261527586,0.695481231221172,0.304518768778828,116,116,1.0,933,0.1775566596308723,0.1040706011352753,60,Q3
da867616af2c,0.502482469185696,0.46280164232634197,0.5433744975299408,0.9158836536991406,0.0841163463008594,116,116,1.0,508,0.17900143750037623,0.125,60,Q1_low
dad5a56973b0,0.538602315725373,0.518904492515279,0.558031376588488,0.89069212022079,0.10930787977920997,116,116,1.0,838,0.18530356604057718,0.12602570154423964,60,Q1_low
dae85393c6bf,0.7280184749273597,0.6740429508262973,0.7786567877244929,0.7350771550980835,0.26492284490191653,92,116,0.7931034482758621,910,0.19719898786618628,0.1303725654977576,48,Q3
daf2d448a797,0.7761755966899065,0.7389512503321954,0.8067800600888719,0.615127963189147,0.384872036810853,92,116,0.7931034482758621,937,0.19283129294033297,0.12926277969986766,48,Q4_high
daf3d8b1220c,0.7680991605258424,0.7421659537090923,0.7920244030157727,0.612768940898641,0.387231059101359,116,116,1.0,956,0.17221684970798215,0.10490041992558845,60,Q4_high
dafeccf053a1,0.7301968649956435,0.6921379624551356,0.7711790675985468,0.7196838870639082,0.2803161129360918,116,116,1.0,925,0.18554170346601556,0.125,60,Q3
db325728428d,0.7555004610380641,0.7077402346027057,0.8020614058842629,0.6444399784457142,0.3555600215542858,92,116,0.7931034482758621,908,0.16825322988405178,0.12602570154423964,48,Q3
db4176b759c2,0.7555004610380641,0.7082304454533286,0.7995510421017195,0.6444399784457142,0.3555600215542858,92,116,0.7931034482758621,908,0.16825322988405178,0.12602570154423964,48,Q3
db4e7a4fe438,0.5686790405367315,0.5286394773898984,0.612339788713216,0.8351033198129402,0.16489668018705983,116,116,1.0,471,0.19388972916087824,0.12602570154423964,60,Q1_low
dc8602ca96a0,0.5688523012728998,0.5262941408308022,0.6139324713581708,0.8344390360752649,0.16556096392473507,116,116,1.0,477,0.17460593830117294,0.10477035967009554,60,Q1_low
dc9fb4ec0eb8,0.7622804094340885,0.7306691993376033,0.7934274176790668,0.6501409480661771,0.34985905193382294,116,116,1.0,928,0.2118446980494818,0.1298869935936654,60,Q3
dcb4d3eca08b,0.49820512518521104,0.46009525741425955,0.5320841821169064,0.9131899640364655,0.08681003596353454,116,116,1.0,555,0.19695944306481533,0.12804926974154765,60,Q1_low
dcff53f7c7ca,0.7903717803162545,0.7647883509281757,0.8174426720698555,0.5649444861171451,0.4350555138828549,92,116,0.7931034482758621,946,0.16830676643825657,0.12602570154423964,48,Q4_high
dd38f7376880,0.5687969265560013,0.5228346297592096,0.6136263475642619,0.8310381333162221,0.16896186668377788,116,116,1.0,438,0.18732564513543323,0.12602570154423964,60,Q1_low
dd9821d69edf,0.7724818811194848,0.7474196987836439,0.7951767052864135,0.5993910357778593,0.40060896422214065,116,116,1.0,955,0.17430807150886055,0.0879794441096509,60,Q4_high
de053f490972,0.7801110797252239,0.7600005960931745,0.8036492542935774,0.5727265380730729,0.42727346192692706,116,116,1.0,951,0.17377269566820255,0.125,60,Q4_high
de336e22401e,0.7127819233328163,0.6702627867248397,0.7597573550459636,0.7651926652673485,0.23480733473265147,116,116,1.0,925,0.2296266708873266,0.137791541205188,60,Q2
de51f803685b,0.7521037480588197,0.7205204614665125,0.782672459896182,0.6512896085253745,0.34871039147462546,116,116,1.0,956,0.18399594258905225,0.125,60,Q3
de5e71ae6d03,0.7801110797252239,0.7566673144748047,0.8015219191930023,0.5727265380730729,0.42727346192692706,116,116,1.0,951,0.17519575812503094,0.10944456959968896,60,Q4_high
de7aacc73537,0.653920235260205,0.6048371647842602,0.694904935448593,0.886019897197211,0.11398010280278903,116,116,1.0,1191,0.19396138591386178,0.12602570154423964,60,Q2
dec4451ac283,0.7029695486974432,0.6552193976851083,0.7410777046729751,0.784250189406375,0.21574981059362497,92,116,0.7931034482758621,1059,0.17554309050635766,0.12804926974154765,48,Q2
def649d3f8fc,0.5659494106557237,0.5348184901567806,0.5988479698019118,0.9115756284117921,0.08842437158820793,116,116,1.0,1009,0.1908455564780751,0.125,60,Q1_low
df07b45aef40,0.6212363377837701,0.5772632481322817,0.6650913287550397,0.919309913605342,0.08069008639465802,116,116,1.0,1153,0.18793668090442944,0.12804926974154765,60,Q2
df143143bb71,0.7036453321936527,0.6482004746501867,0.7461000796404235,0.7556765201547471,0.24432347984525293,116,116,1.0,925,0.17291479730593465,0.11182294541050965,60,Q2
df7c9d3d3ecb,0.7744327622114726,0.7479720970086062,0.8001662570634388,0.604617097289477,0.395382902710523,116,116,1.0,936,0.18122546395089936,0.125,60,Q4_high
e03327b64281,0.7779432086995361,0.7537401841890754,0.7984945856715211,0.5831377048207749,0.41686229517922513,116,116,1.0,947,0.17154560671764313,0.0694354790276369,60,Q4_high
e04f916ef09c,0.6288429641206695,0.5734825446315899,0.6815520513282028,0.8834607070558538,0.11653929294414622,116,116,1.0,943,0.17774403524336985,0.125,60,Q2
e063e9818f04,0.48860865676399634,0.4584074447739603,0.5196861550107833,0.930584060921216,0.06941593907878396,116,116,1.0,562,0.20728680413877065,0.1303725654977576,60,Q1_low
e09fb43fcfde,0.7473140400530773,0.6983669510431257,0.7871580115320522,0.6962124972988468,0.3037875027011532,92,116,0.7931034482758621,921,0.1765704479334775,0.12804926974154765,48,Q3
e0a6ae9d6494,0.6068982473208576,0.5607305451684342,0.6531142151980176,0.9395540126850401,0.06044598731495987,92,116,0.7931034482758621,1199,0.23934448227846392,0.1369721420765514,48,Q2
e0af9d46dd7f,0.575535838652401,0.5301209907826705,0.6228362751799116,0.8294718810459443,0.17052811895405573,116,116,1.0,460,0.20419014689935283,0.12926277969986766,60,Q1_low
e0bac4d2bc1b,0.6076236332939333,0.5669685937587615,0.6478461625209536,0.9274123801739486,0.07258761982605144,116,116,1.0,1151,0.21571600894987683,0.1303725654977576,60,Q2
e0fa6cd54e79,0.5772451706868901,0.5342071692025843,0.6218402386540265,0.8292635538858656,0.1707364461141344,116,116,1.0,453,0.2046592427050539,0.1303725654977576,60,Q1_low
e1152ff3283b,0.7408810765709192,0.6992743077479988,0.7778494019464756,0.7057600555621718,0.2942399444378282,116,116,1.0,928,0.22373077010676654,0.1360776392555722,60,Q3
e1463360b90d,0.6454390393373078,0.5970677535556227,0.7003043704826024,0.8408925529914337,0.15910744700856627,116,116,1.0,906,0.19350707077924847,0.12804926974154765,60,Q2
e196d996b179,0.7555004610380641,0.706071536626799,0.7951962514830214,0.6444399784457142,0.3555600215542858,92,116,0.7931034482758621,908,0.16825322988405178,0.12602570154423964,48,Q3
e19ae96731b6,0.7212979514164247,0.6886559621549256,0.7561974897182991,0.7321245710494018,0.26787542895059824,116,116,1.0,1026,0.19879201201319271,0.12804926974154765,60,Q3
e1afef6e77b1,0.6306323349035524,0.5823553105616439,0.6745239843871578,0.9270868050398908,0.07291319496010917,92,116,0.7931034482758621,1204,0.19821408484483416,0.13075619276219785,48,Q2
e1e95c7bffb4,0.780332857934627,0.7580022567782576,0.8009135118259448,0.5711384548181588,0.42886154518184116,116,116,1.0,955,0.17071569472349565,0.0749995081173198,60,Q4_high
e29e547d02fa,0.7762124392213385,0.7508257456191508,0.8002847212204962,0.5972601640698215,0.4027398359301785,116,116,1.0,941,0.18277672332639344,0.12602570154423964,60,Q4_high
e2a974849278,0.5659196881837214,0.5235436588263904,0.6116515404694374,0.8405595003235038,0.1594404996764962,116,116,1.0,474,0.18068189976298812,0.125,60,Q1_low
e301bc67ad78,0.719369557923337,0.6747026684234323,0.7569192764795273,0.7223006828546994,0.2776993171453006,116,116,1.0,929,0.18268933591573683,0.125,60,Q3
e308d2e59ce9,0.732427327735465,0.68780490828534,0.7715819588540108,0.7229445703942184,0.27705542960578156,116,116,1.0,922,0.2017247325105826,0.12926277969986766,60,Q3
e30de7aff842,0.6475574660871889,0.5985037546158286,0.6932304226988816,0.9108301829864426,0.08916981701355742,92,116,0.7931034482758621,1220,0.23762576613631267,0.13872849757459466,48,Q2
e3253330e56d,0.7186163167609272,0.6731963782579636,0.7592267043335121,0.7543126491210881,0.24568735087891191,116,116,1.0,920,0.22156029325417628,0.1331605294190138,60,Q2
e33d9aec3f9b,0.7555004610380641,0.7062594188054264,0.7985645573136153,0.6444399784457142,0.3555600215542858,92,116,0.7931034482758621,908,0.16825322988405178,0.12602570154423964,48,Q3
e362532a133b,0.7683573092043415,0.7405023890717394,0.7946856968814426,0.6205034393907849,0.3794965606092151,116,116,1.0,942,0.1955615474630209,0.12926277969986766,60,Q4_high
e3a0715aca97,0.7834570190741654,0.7501731551246347,0.815208110265696,0.5938478438462595,0.40615215615374045,92,116,0.7931034482758621,937,0.18740391897071207,0.1303725654977576,48,Q4_high
e3c5bb2be32b,0.7528257988754221,0.713960032386143,0.7879097986820494,0.6783949725697896,0.32160502743021036,116,116,1.0,919,0.18965729204745388,0.12926277969986766,60,Q3
e3c61ba2348c,0.4181638231314226,0.3747659421455466,0.4624007423686054,0.9673361311242333,0.032663868875766666,116,116,1.0,721,0.18521898308663695,0.12602570154423964,60,Q1_low
e42834bf99dd,0.7357936178048805,0.6948946370195235,0.7758516215116631,0.7204336761592134,0.2795663238407866,116,116,1.0,918,0.20421763335554668,0.13075619276219785,60,Q3
e44df5b25229,0.7397826020562718,0.6977231029520621,0.7775787095392579,0.6938374824710062,0.3061625175289938,116,116,1.0,919,0.22802643186979651,0.1360776392555722,60,Q3
e4d9903e3097,0.594710119770493,0.5391209229697939,0.6573897522353744,0.8752957851004542,0.12470421489954575,116,116,1.0,877,0.17140195625240864,0.1049810454934028,60,Q2
e51400b733c7,0.5779484006438979,0.5357434301553167,0.6197794678714054,0.8195950349163691,0.1804049650836309,116,116,1.0,468,0.1842590472473881,0.125,60,Q1_low
e521ab4dc835,0.5805365455502014,0.5296226888841223,0.6329984043804955,0.8363381151465109,0.1636618848534891,92,116,0.7931034482758621,445,0.2069729416781192,0.1331605294190138,48,Q2
e5470cfabfc3,0.76212136456682,0.7257209930718042,0.7933280673554987,0.6372014285548635,0.3627985714451365,116,116,1.0,936,0.1791344321387997,0.125,60,Q3
e56e75ca4d29,0.7908783190234073,0.7665431593863543,0.8165933577218369,0.563740207876135,0.436259792123865,92,116,0.7931034482758621,949,0.17459476069646584,0.12602570154423964,48,Q4_high
e5e5836c1d09,0.7721542463940312,0.7479352727050912,0.7970147204432342,0.5939421026076175,0.4060578973923825,116,116,1.0,954,0.17170346411298792,0.08586767095243744,60,Q4_high
e66bbc0d3afc,0.49240672787847406,0.45806405326206734,0.5267545061381604,0.9275021302997506,0.0724978697002494,116,116,1.0,569,0.21213177443109396,0.1303725654977576,60,Q1_low
e6a918c3b507,0.7662847783356553,0.7256309917006165,0.8050781042296462,0.6523968911053574,0.34760310889464263,92,116,0.7931034482758621,926,0.20583183301804633,0.1303725654977576,48,Q4_high
e6be938322d5,0.7801110797252239,0.7597456504485299,0.7995462244942635,0.572726538073073,0.42727346192692695,116,116,1.0,951,0.1716817521995013,0.0798610595141362,60,Q4_high
e6fb7d3f8110,0.5324620898335891,0.48496901112346064,0.5855439598468715,0.8778897071802739,0.12211029281972607,116,116,1.0,475,0.19363410020577201,0.12602570154423964,60,Q1_low
e775c3dd78d6,0.7300901826115042,0.6961722256767586,0.7632994002550989,0.7130606829212809,0.2869393170787191,116,116,1.0,990,0.1991871733035385,0.12926277969986766,60,Q3
e7809196cc28,0.5524341221785882,0.5048240083855143,0.5997608356430549,0.8560870307442695,0.1439129692557305,116,116,1.0,446,0.19313084365732858,0.12602570154423964,60,Q1_low
e7c9bd1c65ff,0.5794136239674115,0.5303052844253945,0.6309676750229357,0.8266707877133335,0.17332921228666653,92,116,0.7931034482758621,464,0.17732804490209397,0.12804926974154765,48,Q2
e7d9b39c83a7,0.7770984972886579,0.7425945800121703,0.8062616318746615,0.6104677891458347,0.38953221085416534,92,116,0.7931034482758621,942,0.17423215531721944,0.12602570154423964,48,Q4_high
e7dd07f0fcb7,0.7782578547220409,0.7576018901403351,0.8022649348383609,0.5807416417154836,0.4192583582845164,116,116,1.0,951,0.1759354602984976,0.106657047000437,60,Q4_high
e7df891ef494,0.7526901530974389,0.7233913341484718,0.7837428099372045,0.6615615728151071,0.3384384271848929,116,116,1.0,963,0.18324973973558548,0.125,60,Q3
e82b9f542e72,0.558982477365902,0.5088959876929605,0.6083702309939869,0.8545866209879251,0.14541337901207485,92,116,0.7931034482758621,475,0.18277383646020176,0.12926277969986766,48,Q1_low
e8538cb92ff8,0.7555004610380641,0.7152246672663778,0.7966347755335023,0.6444399784457142,0.3555600215542858,92,116,0.7931034482758621,908,0.16825322988405178,0.12602570154423964,48,Q3
e85eb5278557,0.7325880283469893,0.6911114436789685,0.7707565645187229,0.7206651703876679,0.27933482961233214,116,116,1.0,935,0.22501921025590058,0.1331605294190138,60,Q3
e872024bb285,0.5473030726664123,0.48830457256130216,0.6079114571973627,0.8120366572057763,0.18796334279422366,116,116,1.0,407,0.21492154961861595,0.1298869935936654,60,Q1_low
e950688a1bee,0.780332857934627,0.7561465531785297,0.7995414251483006,0.5711384548181588,0.42886154518184116,116,116,1.0,955,0.175182064859585,0.125,60,Q4_high
e955aa3c79c2,0.7801110797252239,0.756687916748872,0.8043144761057146,0.572726538073073,0.42727346192692695,116,116,1.0,951,0.17915539565175423,0.125,60,Q4_high
e9b7a882f353,0.52956325730962,0.47177952834295445,0.582646978699053,0.8567273699741542,0.14327263002584578,116,116,1.0,415,0.18276577060316657,0.125,60,Q1_low
e9be1c5d317f,0.7555004610380641,0.7037644355229122,0.7964464764615118,0.6444399784457142,0.3555600215542858,92,116,0.7931034482758621,908,0.16825322988405178,0.12602570154423964,48,Q3
e9db18905254,0.7555004610380641,0.7103608244517695,0.7958363563237647,0.6444399784457142,0.3555600215542858,92,116,0.7931034482758621,908,0.16825322988405178,0.12602570154423964,48,Q3
ea6071a5454f,0.7555004610380641,0.7098788785476061,0.794809247939164,0.6444399784457142,0.3555600215542858,92,116,0.7931034482758621,908,0.16825322988405178,0.12602570154423964,48,Q3
ea9c1b2c025b,0.7746505908786766,0.7499688924150811,0.7963377363884558,0.5925610103611001,0.4074389896388999,116,116,1.0,955,0.17154484220116498,0.08040707821396806,60,Q4_high
eb244f6fde7c,0.7468412872461354,0.7169318865171529,0.7744565056619442,0.6716374326351504,0.3283625673648496,116,116,1.0,1001,0.17498546073968013,0.125,60,Q3
ebc9a8bf1178,0.5247930100879169,0.46833912043722126,0.5791751954870709,0.8141939500923827,0.1858060499076173,116,116,1.0,426,0.17300795850974945,0.11422532629456289,60,Q1_low
ec0a7a9f6bd4,0.6255458933806043,0.558134447403997,0.6930288800817613,0.862718156525021,0.13728184347497896,92,116,0.7931034482758621,888,0.17111346157815888,0.12602570154423964,48,Q2
ec542a3a3564,0.5745979217744264,0.5287068588090046,0.6210862098769995,0.8343377223035551,0.16566227769644493,116,116,1.0,436,0.21833138753168427,0.137791541205188,60,Q1_low
ecb4a05554a0,0.5278541267823121,0.4850962672473662,0.5792064572986294,0.7969504246022729,0.20304957539772706,116,116,1.0,421,0.18049609263392302,0.125,60,Q1_low
ecb70c401ba5,0.7430948809110901,0.7084741106431711,0.772759544601169,0.6737584839781119,0.3262415160218881,116,116,1.0,974,0.18511577844458765,0.125,60,Q3
ecd24d3f1403,0.7684524676826097,0.7387236630266971,0.7965963459602067,0.6259654061721679,0.3740345938278321,116,116,1.0,933,0.18696848804878902,0.125,60,Q4_high
ece035c0486e,0.7779432086995361,0.7565777069513322,0.8016367662238968,0.5831377048207749,0.41686229517922513,116,116,1.0,947,0.17609676736756671,0.125,60,Q4_high
ed064c45b676,0.7178889434730545,0.676381083154081,0.7603784497070216,0.7293389926318313,0.27066100736816867,116,116,1.0,922,0.2192812329002068,0.13075619276219785,60,Q2
ed0d710063d2,0.6645876580338219,0.6146497812821389,0.715059915807796,0.8369361408853702,0.16306385911462984,116,116,1.0,942,0.23785588228731586,0.137791541205188,60,Q2
ed191c6d086d,0.7760717495773866,0.753017639199644,0.797129811900681,0.5898108883701688,0.4101891116298312,116,116,1.0,949,0.17474818056901953,0.10133713332585505,60,Q4_high
ed3f17db3b69,0.5081916773181201,0.4589279173050784,0.550849456271713,0.9121792076728252,0.08782079232717477,116,116,1.0,480,0.23546906934116046,0.137791541205188,60,Q1_low
edb1133e9d75,0.7801110797252239,0.7573444552160863,0.8011019360965188,0.572726538073073,0.42727346192692695,116,116,1.0,951,0.17102690278689667,0.07748218080259264,60,Q4_high
edc34b3a6c3d,0.780332857934627,0.759773213228692,0.8000758376670626,0.5711384548181588,0.42886154518184116,116,116,1.0,955,0.17177346399174195,0.0727961838339206,60,Q4_high
edd0004b8711,0.5882523568297725,0.522361768706232,0.6493322138483627,0.8962387706957209,0.10376122930427911,116,116,1.0,892,0.1825746706646389,0.125,60,Q2
ee43f290d625,0.5594177956426801,0.5109954315796055,0.6128256864326904,0.8420182309218742,0.15798176907812578,116,116,1.0,428,0.19515294923344276,0.12926277969986766,60,Q1_low
ee7044cb65ad,0.4716619814884271,0.4345802211718877,0.5045702538095854,0.9366208055758332,0.06337919442416684,116,116,1.0,540,0.19813498345739722,0.12926277969986766,60,Q1_low
ee7649aebbd3,0.7390524903953639,0.7062195969065341,0.7693209688107537,0.6944412811555527,0.3055587188444473,116,116,1.0,988,0.18179142041660643,0.125,60,Q3
eebb0a2e6137,0.5722084583299423,0.529305660328222,0.614190840400628,0.8262125109777175,0.17378748902228247,116,116,1.0,470,0.18112917999190256,0.125,60,Q1_low
ef194ce33be2,0.7742728637950304,0.7474449494974655,0.7984050534633463,0.5843292176101933,0.4156707823898067,116,116,1.0,957,0.17196939136497083,0.09543915278218179,60,Q4_high
ef49f606fbf3,0.7627956422424055,0.7318682410620292,0.7915028360550012,0.6287059989764122,0.3712940010235878,116,116,1.0,943,0.1807367923868971,0.125,60,Q3
ef51a4e956a2,0.7555004610380641,0.7109583117555424,0.7992600690215751,0.6444399784457142,0.3555600215542858,92,116,0.7931034482758621,908,0.16825322988405178,0.12602570154423964,48,Q3
ef6d6cfa2a6e,0.7186218596469536,0.6742645100657068,0.7658808190805909,0.7196883423159672,0.28031165768403277,116,116,1.0,933,0.18099042070022847,0.125,60,Q2
efc46803f73a,0.7555004610380641,0.7091453964022341,0.7989338182839607,0.6444399784457142,0.3555600215542858,92,116,0.7931034482758621,908,0.16825322988405178,0.12602570154423964,48,Q3
efe4ebc3ce0c,0.7742728637950304,0.7452261577225865,0.7986894054641039,0.5843292176101933,0.4156707823898067,116,116,1.0,957,0.1736964129693311,0.10489918799604045,60,Q4_high
effd169189e2,0.5923660355867555,0.5404585148879522,0.6466742308066297,0.8169621203130649,0.18303787968693508,92,116,0.7931034482758621,443,0.20919946781399423,0.13120653589189404,48,Q2
effd6785c22a,0.5396878926942489,0.4841904085371231,0.5903720482141307,0.8522063562619625,0.1477936437380375,116,116,1.0,416,0.2132272145108584,0.1331605294190138,60,Q1_low
f0409f58b9a1,0.4957586668143012,0.4624826283183951,0.5268960939831898,0.9195205069683338,0.08047949303166624,116,116,1.0,569,0.18791534023680564,0.125,60,Q1_low
f04917c1cfe1,0.7801110797252239,0.757065788498675,0.8023848142923106,0.572726538073073,0.42727346192692695,116,116,1.0,951,0.1716286889944046,0.09259479084415545,60,Q4_high
f0793f6e902f,0.5948837000023397,0.5379155040123097,0.6452098945595773,0.8112027785903168,0.18879722140968325,92,116,0.7931034482758621,431,0.2176200205111316,0.13872849757459466,48,Q2
f085bb7373db,0.5831446625780747,0.5353603184662202,0.6440214398185775,0.8232695709493082,0.1767304290506918,92,116,0.7931034482758621,423,0.17879144877694073,0.12602570154423964,48,Q2
f0ad80152398,0.7514363653942826,0.7026221728657117,0.7935763888357965,0.6763724897615979,0.3236275102384021,92,116,0.7931034482758621,925,0.17654373459235917,0.12804926974154765,48,Q3
f0d2e5c8c897,0.5881712377602146,0.5228659372350359,0.646553767842675,0.8862419208289603,0.11375807917103975,116,116,1.0,884,0.17063606645820342,0.08069461083205945,60,Q2
f0d8bf6f24bf,0.5344274542947494,0.5170766242164556,0.549260978888022,0.8771117179319637,0.12288828206803626,116,116,1.0,774,0.18658806078364013,0.12602570154423964,60,Q1_low
f1137d2c2d3b,0.7813150551294434,0.7477853276626557,0.8105143468059549,0.6012265043757232,0.3987734956242768,92,116,0.7931034482758621,936,0.16914382201501318,0.12602570154423964,48,Q4_high
f1c6e8bf0742,0.7365771707792311,0.6852437448625354,0.7804795946576925,0.7216643770665839,0.27833562293341607,92,116,0.7931034482758621,920,0.19745880594055307,0.1298869935936654,48,Q3
f1f9c8edf6fb,0.7174678593809184,0.6811132337546726,0.7495249419081196,0.7453771264536939,0.2546228735463061,116,116,1.0,1059,0.18022686910988187,0.125,60,Q2
f212a4012447,0.7473561713706283,0.7134213253299867,0.7800098600454499,0.6931966258116737,0.30680337418832626,116,116,1.0,930,0.21793411512987662,0.1331605294190138,60,Q3
f224068222f7,0.7782819237392017,0.756061203278974,0.8021216768201506,0.5810685287649938,0.4189314712350062,116,116,1.0,952,0.17297247642774036,0.09174953396299175,60,Q4_high
f23337d9a46f,0.7422220534858563,0.705925984295517,0.775856036478209,0.6779667052776174,0.3220332947223826,116,116,1.0,969,0.18301047707024437,0.125,60,Q3
f27a5c108454,0.7555004610380641,0.709651305863524,0.7971684680731801,0.6444399784457142,0.3555600215542858,92,116,0.7931034482758621,908,0.16825322988405178,0.12602570154423964,48,Q3
f27c8424b745,0.5759888938153341,0.5036248354604393,0.6305847856616749,0.9002358540323318,0.09976414596766825,116,116,1.0,884,0.19263665819193396,0.12602570154423964,60,Q1_low
f28a7ad6b970,0.7673764020116339,0.7409785052017667,0.793034148322375,0.615006267412512,0.38499373258748804,116,116,1.0,956,0.20351182537206933,0.1298869935936654,60,Q4_high
f30b0835ba2f,0.7600622844650634,0.7279570400096079,0.7898730528584558,0.6494869064924793,0.3505130935075207,116,116,1.0,952,0.1765049039428016,0.11908101443461615,60,Q3
f3397196a895,0.614019277673343,0.550460294631116,0.6730725911049953,0.8564917394985233,0.1435082605014767,116,116,1.0,876,0.17034316811090336,0.0676476936058968,60,Q2
f3573a48597f,0.567899944271473,0.5210602516867536,0.6103510509387673,0.8329565212514193,0.16704347874858072,116,116,1.0,479,0.18663355355434888,0.12602570154423964,60,Q1_low
f35f44894dc7,0.7908783190234073,0.7669621302673678,0.8166628523038041,0.563740207876135,0.436259792123865,92,116,0.7931034482758621,949,0.16842477950554213,0.12602570154423964,48,Q4_high
f38740766c7d,0.7165811384727561,0.6678490457560607,0.7539762807863782,0.7541382502698393,0.24586174973016073,116,116,1.0,921,0.22306409659885387,0.1360776392555722,60,Q2
f39282acf863,0.574526043644431,0.5212534434828912,0.6256461017052338,0.8344304682551443,0.16556953174485567,116,116,1.0,434,0.2136726896223892,0.1303725654977576,60,Q1_low
f3b67e18ac18,0.5751046857079538,0.5311628938502234,0.6179411041027288,0.8231120802757326,0.17688791972426743,116,116,1.0,470,0.19853599349775722,0.12602570154423964,60,Q1_low
f3ea08a5dd69,0.7782819237392017,0.7558851302029307,0.8003969462744073,0.5810685287649938,0.4189314712350062,116,116,1.0,952,0.1828490474459777,0.12602570154423964,60,Q4_high
f420f6f8e3e9,0.7555004610380641,0.7045682146071834,0.7978147986562057,0.6444399784457142,0.3555600215542858,92,116,0.7931034482758621,908,0.16825322988405178,0.12602570154423964,48,Q3
f46b31d53324,0.7030966635372189,0.6622840967585185,0.7465405637076484,0.7734967070024487,0.22650329299755134,116,116,1.0,919,0.2034300741932487,0.12804926974154765,60,Q2
f4a96069e693,0.7277519220463882,0.673609012177652,0.77909714914536,0.7420751193676003,0.2579248806323997,92,116,0.7931034482758621,923,0.1887451784989743,0.1298869935936654,48,Q3
f4c27812dc45,0.42345521215838744,0.39749008985057954,0.45000983698155717,0.9812426785713029,0.018757321428697127,116,116,1.0,769,0.1867586593476571,0.12804926974154765,60,Q1_low
f503486957f3,0.5736599761720658,0.522034872291015,0.6161394937608226,0.9526513942863426,0.0473486057136574,116,116,1.0,1151,0.19287797055175657,0.12602570154423964,60,Q1_low
f525b6248746,0.6914248656403138,0.6493879806213567,0.7344906159336381,0.8220743023154017,0.17792569768459832,92,116,0.7931034482758621,1115,0.20189029375843634,0.13075619276219785,48,Q2
f566b25f8cc0,0.7127609874722179,0.6742725849200847,0.74682424225283,0.756818508011756,0.24318149198824401,116,116,1.0,1048,0.21822555273512567,0.1298869935936654,60,Q2
f5af496d2b1d,0.7605749606205212,0.7275988923520836,0.7926172792543072,0.6425698416109065,0.35743015838909353,116,116,1.0,929,0.17911388633183048,0.125,60,Q3
f5f58d1ee679,0.7099899261758873,0.6609079369171081,0.7556621628967383,0.7697111176679339,0.23028888233206612,116,116,1.0,922,0.2053571874567593,0.1298869935936654,60,Q2
f6251d7d74f2,0.775843257691701,0.7451326128013425,0.7984437402728608,0.5915786324949913,0.4084213675050087,116,116,1.0,947,0.17267713088838638,0.09477831425420716,60,Q4_high
f6696e6d2e63,0.7555004610380641,0.7087434999075491,0.7966496694316888,0.6444399784457142,0.3555600215542858,92,116,0.7931034482758621,908,0.16825322988405178,0.12602570154423964,48,Q3
f67c7a7ea59b,0.7355487850783526,0.6936565234597509,0.7742250343369933,0.7113630144720546,0.28863698552794537,116,116,1.0,923,0.2199880078382444,0.1331605294190138,60,Q3
f68a2f6ff9a0,0.5744779699902779,0.529670939485084,0.6156004719442585,0.827711802053163,0.17228819794683703,116,116,1.0,467,0.19187599608635245,0.12602570154423964,60,Q1_low
f6e6a8738f98,0.7600589966925849,0.7285246351704812,0.7910908258297591,0.6523845347873416,0.3476154652126584,116,116,1.0,926,0.19547220607581103,0.12602570154423964,60,Q3
f71119d6f424,0.7662244581367221,0.7217773489034989,0.8036679233650337,0.6527195843567047,0.34728041564329526,92,116,0.7931034482758621,922,0.20841640559238897,0.1331605294190138,48,Q4_high
f71a04a0a3f7,0.7801110797252239,0.7593927915599278,0.8008613085291979,0.572726538073073,0.42727346192692695,116,116,1.0,951,0.17085650568605484,0.07530959701773444,60,Q4_high
f7efd8f8f433,0.7638998951678815,0.7266258360123076,0.8013393630798816,0.6486355278441596,0.35136447215584043,92,116,0.7931034482758621,946,0.17237421394089747,0.12602570154423964,48,Q3
f7fc3b71059b,0.7782819237392017,0.7555522552830579,0.8004060199254224,0.5810685287649938,0.4189314712350062,116,116,1.0,952,0.171459250398285,0.08276684544217965,60,Q4_high
f7fe21401cd2,0.687258452107036,0.6337786174966631,0.7366640377574419,0.7978771600255075,0.20212283997449254,116,116,1.0,929,0.18200239496045037,0.125,60,Q2
f800f8e797c7,0.7686918400349716,0.7409243635006861,0.7963003031428754,0.6224224899066754,0.37757751009332463,116,116,1.0,935,0.23800638082651931,0.1360776392555722,60,Q4_high
f83b87ee8c8a,0.738819230570164,0.6897017533879917,0.7830615232471748,0.7169316150750915,0.2830683849249085,92,116,0.7931034482758621,947,0.20731664445519205,0.1303725654977576,48,Q3
f85673083386,0.7559465750090741,0.7231418145105982,0.7865927255810794,0.6633321432387084,0.33666785676129163,92,116,0.7931034482758621,982,0.16857372927466463,0.12602570154423964,48,Q3
f8617dfffa84,0.7742728637950304,0.7518759960534156,0.7999349414295593,0.5843292176101933,0.4156707823898067,116,116,1.0,957,0.17082241904036435,0.0749965385522495,60,Q4_high
f86f783e34d8,0.7555004610380641,0.711567379178403,0.7946529226785711,0.6444399784457142,0.3555600215542858,92,116,0.7931034482758621,908,0.16825322988405178,0.12602570154423964,48,Q3
f87ee24cced5,0.583784863062504,0.5305436692182469,0.6327764763672036,0.8191089837645424,0.18089101623545756,92,116,0.7931034482758621,458,0.18056828860509244,0.12926277969986766,48,Q2
f8986418ea55,0.7526977456655429,0.7148219338716101,0.7877179189184212,0.6790358413745675,0.3209641586254325,116,116,1.0,919,0.2004382809636386,0.1301497712255696,60,Q3
f89cf3e19267,0.5676993106316568,0.5147904268588915,0.6157198148859444,0.8431409602267427,0.15685903977325732,116,116,1.0,442,0.20528728243787955,0.12926277969986766,60,Q1_low
f8a841bd35cd,0.5907701304187658,0.5349967620112319,0.6400289541925323,0.8146081700194768,0.18539182998052317,92,116,0.7931034482758621,451,0.18879135983328876,0.12926277969986766,48,Q2
f9121e1f62e5,0.772202380502224,0.7417064745294603,0.8005316104463734,0.6127659842836731,0.3872340157163269,116,116,1.0,934,0.1896780410848567,0.125,60,Q4_high
f96245648e19,0.6758497399613813,0.6347795315644716,0.7141889697425393,0.8322150097458639,0.16778499025413607,116,116,1.0,1044,0.22688008548878077,0.1360776392555722,60,Q2
f9ba126f7577,0.5750726209437448,0.5337725781392187,0.6185396480723456,0.8237145721811256,0.17628542781887435,116,116,1.0,470,0.17978460606861935,0.125,60,Q1_low
f9d4c7acd6fb,0.6090286896234008,0.5675986173819993,0.650772507345111,0.9424407771717391,0.05755922282826087,116,116,1.0,1186,0.20537849894772492,0.1298869935936654,60,Q2
f9d64c6427e3,0.5775076756514468,0.5177874861842621,0.6284816697198178,0.8427114053834095,0.1572885946165905,92,116,0.7931034482758621,451,0.18319486476623933,0.12926277969986766,48,Q1_low
f9dd7c1b75f1,0.780332857934627,0.7591366629630617,0.8005601670289112,0.5711384548181588,0.42886154518184116,116,116,1.0,955,0.1792640697126552,0.125,60,Q4_high
fa49e64ead21,0.5805196862847233,0.5357526874869086,0.6268563815860766,0.8137618732351527,0.1862381267648473,116,116,1.0,428,0.21593389685613545,0.1303725654977576,60,Q2
fa52108241f1,0.5139510288671534,0.4953649059129997,0.5319193828780121,0.8936823614729267,0.10631763852707332,116,116,1.0,689,0.20908635441623247,0.12926277969986766,60,Q1_low
fad12355a7e0,0.49333450028623804,0.45673257258088157,0.5282823660147176,0.9267950420993699,0.07320495790063009,116,116,1.0,544,0.1917677307325852,0.12602570154423964,60,Q1_low
fb5226784277,0.5351227673311422,0.5127367217866052,0.5597032798879197,0.910521047564501,0.08947895243549897,116,116,1.0,857,0.23627190356960956,0.13872849757459466,60,Q1_low
fb715165355e,0.5813546757008312,0.5356133047992271,0.6248423155747898,0.8225142417017288,0.17748575829827118,116,116,1.0,439,0.21526393787615208,0.1303725654977576,60,Q2
fb7863989cbd,0.5377854453129841,0.5223837538947319,0.5546440967147956,0.8812396695154773,0.11876033048452272,116,116,1.0,791,0.19015087440559691,0.1271085490368433,60,Q1_low
fb937ed3802e,0.7673958302926616,0.7381889661267752,0.7930032474250972,0.6192613268693395,0.38073867313066045,116,116,1.0,945,0.20539227747368705,0.1303725654977576,60,Q4_high
fc14300b3b77,0.7908783190234073,0.7655180375054872,0.8149918322563495,0.563740207876135,0.436259792123865,92,116,0.7931034482758621,949,0.16849091101189972,0.12602570154423964,48,Q4_high
fc4c59195af2,0.7782819237392017,0.7557096091708618,0.8002500728835915,0.5810685287649938,0.4189314712350062,116,116,1.0,952,0.19212969961626103,0.12804926974154765,60,Q4_high
fc5ee75f0aab,0.5610005454998171,0.49890570995391414,0.6230494167147078,0.9257328921048226,0.07426710789517743,116,116,1.0,888,0.19164293098398957,0.12602570154423964,60,Q1_low
fc790eb5a673,0.7555004610380641,0.7072184044319589,0.8005835232054208,0.6444399784457142,0.3555600215542858,92,116,0.7931034482758621,908,0.16825322988405178,0.12602570154423964,48,Q3
fc908d195462,0.5120817252541768,0.4929436818580334,0.5324431397162137,0.9038642784751931,0.09613572152480687,92,116,0.7931034482758621,777,0.1883593733510038,0.12804926974154765,48,Q1_low
fca6b2f0c2e1,0.7029380552600298,0.6588285922831448,0.7539786632344065,0.7438404221604151,0.2561595778395849,116,116,1.0,939,0.1834469847014604,0.12595054121198004,60,Q2
fd0f41e3f486,0.7555004610380641,0.7080667013108107,0.7972585263049838,0.6444399784457142,0.3555600215542858,92,116,0.7931034482758621,908,0.16825322988405178,0.12602570154423964,48,Q3
fd431d5d227d,0.5575989498667553,0.5185205589629206,0.595688846832321,0.8437729709631236,0.15622702903687635,116,116,1.0,494,0.18084338687183196,0.125,60,Q1_low
fe06eb51f762,0.7831937230270134,0.7539052754936219,0.8118636664730337,0.5873540019375639,0.41264599806243607,92,116,0.7931034482758621,945,0.19095919330165953,0.12926277969986766,48,Q4_high
fe2ea62e970c,0.7746505908786766,0.7514078754733102,0.7980656659124321,0.5925610103611001,0.4074389896388999,116,116,1.0,955,0.17216190470605064,0.08294392511417935,60,Q4_high
fe51502093fd,0.7760946791172358,0.7501258108679698,0.7992267426044323,0.5909235475342853,0.40907645246571467,116,116,1.0,950,0.18978852634187107,0.125,60,Q4_high
fe71a98ef10d,0.5718960011172984,0.5286207396906564,0.6144284310440777,0.8317175117398478,0.16828248826015224,116,116,1.0,468,0.19720763403635339,0.1298869935936654,60,Q1_low
feb6c4c582e9,0.5209025372663593,0.48813610856665707,0.5584783432278116,0.9761742963834229,0.0238257036165771,116,116,1.0,1056,0.20819907793140488,0.1303725654977576,60,Q1_low
febfedbf32a7,0.5269819299732217,0.47463813126589477,0.5784585374477518,0.7921128313221076,0.20788716867789236,116,116,1.0,418,0.17024099374035945,0.0679665286959025,60,Q1_low
fecbeea9da18,0.7757293374521589,0.7418904001740306,0.8100033410089282,0.6169248353884541,0.3830751646115459,92,116,0.7931034482758621,936,0.18748553452682556,0.12926277969986766,48,Q4_high
ff821b733ed1,0.5798293905412613,0.5367051372667776,0.6257525324261488,0.804242091618841,0.19575790838115903,116,116,1.0,426,0.18084177010243338,0.125,60,Q2
ffca415627da,0.7908783190234073,0.7664895399689038,0.8170872559264696,0.563740207876135,0.436259792123865,92,116,0.7931034482758621,949,0.1851753146231134,0.12926277969986766,48,Q4_high
ffd4c9e91690,0.5782928560886634,0.5373310850715279,0.6223903225411578,0.8211937169209227,0.1788062830790773,116,116,1.0,464,0.1994219058571188,0.12926277969986766,60,Q2
ffd67a11adf5,0.5882907611184435,0.533775646830546,0.6339141788955849,0.8158886729297059,0.1841113270702941,92,116,0.7931034482758621,453,0.18527968851740437,0.12804926974154765,48,Q2
ffe7558877c3,0.6972800481149304,0.6459875745781742,0.7567418513771891,0.7836485568094852,0.2163514431905148,92,116,0.7931034482758621,906,0.17547785101672686,0.12804926974154765,48,Q2
