,0,1,2,3,4,5,6,7,8,9,10,11,12,13,14,16,17,18,19,20,21,22,23,24,25,26,27,28,29,30,32,33,34,35,36,37,38,39,41,42,43,44,45,46,47,48,49,50,52,53,54,55,56,57,58,59,60,61,62,63,64,65,66,67,68,69,70,71,72,73,74,75,76,77,78,79,80,81,82,83,84,85,86,87,88,89,90,91,92,93,94,95,96,97,98,99,100,101,102,103,104,105,106,107,108,109,110,111,112,113,114,115,116,117,118,119
0,1.0,0.5331737804216841,0.49426508396239666,0.7642037729678132,0.43792155883087686,0.7807701215872436,0.7707999664388862,0.569060649727849,0.6267959905301096,0.660950433887835,0.5030356375092426,0.5383508213908115,0.7656041842792245,0.5347981468887917,0.4395149311373332,0.7829087178714954,0.7103490868452783,0.47657511155770527,0.44139138388528476,0.7334706016929764,0.605735863421465,0.7764940082802821,0.7695579415766184,0.6480974732160211,0.5397943425841588,0.4254688997879548,0.7285201553822875,0.754407881122479,0.646638984172835,0.5017869317207994,0.5503082804799894,0.3819827436534237,0.7245446885734655,0.5340309591674443,0.7833230943805998,0.7733907966078132,0.7686692573321164,0.6487363908668592,0.46362587478461287,0.5030356375092426,0.5347981468887917,0.5650310717834569,0.6735134935441565,0.7745902633774504,0.5333602627148651,0.43510508638021583,0.589001238838144,0.7745902633774504,0.7619333116355379,0.5290735791825537,0.7501077051885451,0.7222534926962956,0.45868132506217885,0.4519540283145501,0.7501249489277196,0.3904769950473616,0.5332656514382402,0.5017869317207994,0.6351305907409484,0.38927534355661064,0.6413050598621264,0.5049081384111985,0.5340309591674443,0.76268851824517,0.6078437930060014,0.4441183469501071,0.7600426834255541,0.7788427698995963,0.47699864779093193,0.46362587478461287,0.53328365221054,0.7441668693170287,0.6087703278898567,0.7271665612378959,0.455008262441263,0.7579723737251717,0.44796929734339735,0.5607733537909884,0.4393684097715487,0.6411636767769006,0.7663637682497395,0.6860261764923068,0.36413235467284216,0.43770187808294436,0.7550144763839661,0.6421569227594144,0.7686692573321164,0.7230475532485477,0.43871569886336614,0.37632244964584666,0.7782292384196571,0.7623079013429566,0.7811838071807286,0.392269380196852,0.3777928580656107,0.48788949928622094,0.4395149311373332,0.7589171509837622,0.5388835947854995,0.6748502381290044,0.46362587478461287,0.5017869317207994,0.7172200709593614,0.7088768605733551,0.7245446885734655,0.6442948389231539,0.4395149311373332,0.4378497718319573,0.7338409862034979,0.7571830531190227,0.5305799677576557,0.5017869317207994,0.7646797646797647,0.5180259138954195,0.76268851824517,0.5474862893909657
1,0.5331737804216841,1.0,0.7817953897068738,0.5181827942146352,0.5964610909704072,0.5378137112727523,0.5416985794408244,0.5028271427859402,0.49952936372286777,0.5592558682375668,0.7648483382977398,0.9845058745020323,0.5432261223490529,0.9844102043778392,0.6005326372134109,0.5387003770237303,0.5820024173134374,0.7513641956973734,0.6346588320611397,0.5070973029736444,0.6033043150149584,0.5426076812771734,0.5162267389075251,0.5816309440811382,0.9761493398477994,0.5869376036849397,0.5063697290729244,0.5123937175021746,0.5808638529346852,0.7625114362179679,0.49915572232645405,0.5426954435443649,0.4934924462244745,0.9861089598839152,0.5401910011896179,0.5424718223745394,0.5292596477499099,0.6055212500047364,0.6440660291512471,0.7648483382977398,0.9844102043778392,0.5356187251528501,0.592407764578861,0.5419997529313926,0.9929977879127181,0.6228219694459393,0.47573682805802026,0.5419997529313926,0.5142900199098629,0.6011514312120482,0.5052694610778443,0.5380126332948448,0.6412867669082849,0.6876876997285496,0.5093818977493926,0.524582676982502,0.984386314080575,0.7625114362179679,0.5605611918010706,0.510326653183796,0.49745634275883727,0.904089997383797,0.9861089598839152,0.5196940360025305,0.5356723058297892,0.6237375578446721,0.5152286794652513,0.5372249106525615,0.6925282290613199,0.6440660291512471,0.9774158896575431,0.5420093719712261,0.5660775289992582,0.49404562433079685,0.6499357409235632,0.5130855798583913,0.6137613977556405,0.5454285361814044,0.5982085631315329,0.5191753848830797,0.5265335675442778,0.5349786528518686,0.48995802032699953,0.6288321812302511,0.5523889450786876,0.539436296004304,0.5292596477499099,0.536650969983752,0.5976112199953636,0.5189389681915252,0.5328923546121717,0.51768411069457,0.5392949957366322,0.5204448404042886,0.48273317304891267,0.7695733828093528,0.6005326372134109,0.5172102501765269,0.9693463948706516,0.5284266196562363,0.6440660291512471,0.7625114362179679,0.5653867274740298,0.5323253741277153,0.4934924462244745,0.6326514315943924,0.6005326372134109,0.6209992897049625,0.5095546297292727,0.5257177697192953,0.9481901510016393,0.7625114362179679,0.5270737598868076,0.897553867266528,0.5196940360025305,0.5053271473276943
2,0.49426508396239666,0.7817953897068738,1.0,0.4783772821734361,0.5277612670388456,0.5023477186526282,0.5067604712497303,0.48354606288615265,0.44539250805962105,0.5268496575610332,0.6334077341301365,0.7797465841797069,0.5005188080022498,0.7831502535618127,0.5284679823938663,0.5033649061514799,0.5297136723401179,0.8077345017638132,0.7167475309054876,0.46446284450706976,0.5143133451148119,0.507802688836752,0.47464446901577895,0.5459918074945413,0.7814179133070243,0.6572863458024087,0.45561953189261944,0.47115471605673714,0.5451495397414845,0.6315241934383908,0.4688441993327515,0.5180607910746688,0.4438273984484171,0.7817953897068738,0.506075844014135,0.4843375782379145,0.49359193021782566,0.5499094329295636,0.5764679236736312,0.6334077341301365,0.7831502535618127,0.5397272184683855,0.5378102062572927,0.5071144359561688,0.7838566943576081,0.7140498294912231,0.4185783633218097,0.5071144359561688,0.4732674314550417,0.6385260311225718,0.45739830694645484,0.48351418907229654,0.574511765992273,0.7776981153932252,0.4677809115916292,0.5123984127507684,0.7828232390685014,0.6315241934383908,0.5375454768298409,0.48800824208735655,0.440063891816263,0.765654363224594,0.7841820386305395,0.47924708071748257,0.4883797468010134,0.7003192146792288,0.4742780795599723,0.5016805517056938,0.8320244098691076,0.5764679236736312,0.7473890174271666,0.49577680732965124,0.5188495425851535,0.44446586035753866,0.5773720470993421,0.47190862592135113,0.7140498294912231,0.5519930381439384,0.5262724240409585,0.46665633805544526,0.4904722452361226,0.4904350614495542,0.47454149634293413,0.6204143537831445,0.5103052001945345,0.48786104860439194,0.49359193021782566,0.4936106983655275,0.5288658650661192,0.5134142864453494,0.49678061547671254,0.4778179973266467,0.5050440193933249,0.4632161534673202,0.48252528267818007,0.8409050956406948,0.5284679823938663,0.4765192005577116,0.7824529133120466,0.4770713144412402,0.5764679236736312,0.6315241934383908,0.5150460254710307,0.48715181053677464,0.4438273984484171,0.5739320423919053,0.5284679823938663,0.7036533335405706,0.4671591732254341,0.48863356277406517,0.7578545795735531,0.6315241934383908,0.49109066124183526,0.7604492673081985,0.47924708071748257,0.45901289201281525
3,0.7642037729678132,0.5181827942146352,0.4783772821734361,1.0,0.43257082479161213,0.8645111454866733,0.8521008702743037,0.5645303762676523,0.6483499661564622,0.6529668486539218,0.49081347789391677,0.5231845418588064,0.8500480159341767,0.5204089592511365,0.434979089568854,0.8538701756895277,0.7023809523809523,0.45860970605077306,0.4288080286138843,0.8905897282333282,0.5615150751658688,0.8502013422818792,0.8894359161062511,0.6723981275338601,0.5246071385065172,0.41897735635609457,0.8212351261202242,0.8797268744849465,0.6736590452813859,0.48966530603922326,0.5684327967394521,0.3786818800568973,0.8843980133584518,0.5196822992364537,0.8498955630103171,0.8115567517585285,0.8463521880888996,0.658239888781166,0.46195881382708487,0.49081347789391677,0.5204089592511365,0.5696754840469048,0.6845440144829147,0.8480059023003584,0.5189893528424452,0.426456373340698,0.6354350752759057,0.8480059023003584,0.8939635348396625,0.5263175073602852,0.8821964134739465,0.7017073503873247,0.4561887897682928,0.4406754470706002,0.9030334440511386,0.38015827764727345,0.5189575127968491,0.48966530603922326,0.5994859584981221,0.3822345909941147,0.6548949485918641,0.4846396402765798,0.5196822992364537,0.9860985408351294,0.6282853868056976,0.43958998487649137,0.9156492785793563,0.8710688538292759,0.4653588163014241,0.46195881382708487,0.5130563004853071,0.7068319620258912,0.6165501030641544,0.8879657001015457,0.45305993832856917,0.9229784293963654,0.4407198990977006,0.5740286526562238,0.43486441015250465,0.6574508740062749,0.8524515192117911,0.7083772553044464,0.3574047674302954,0.42506235669808695,0.8489534425535336,0.6471289032935917,0.8463521880888996,0.7691313697812556,0.4333904985407829,0.37271653859706605,0.8751610987439348,0.9971902680506145,0.8560938422484927,0.3885230308242595,0.3767491178362217,0.46444440489538286,0.434979089568854,0.9037676246243932,0.5226001542602913,0.7156266451605676,0.46195881382708487,0.48966530603922326,0.7121571675887313,0.7751605749895246,0.8843980133584518,0.6176489903649197,0.434979089568854,0.43233773641277284,0.8955298339460964,0.8587934360404996,0.5167044055645208,0.48966530603922326,0.8546900121839353,0.5008065210209085,0.9860985408351294,0.5871304814893997
4,0.43792155883087686,0.5964610909704072,0.5277612670388456,0.43257082479161213,1.0,0.4441727791361043,0.44506039773459777,0.41743935277131333,0.4077964879756939,0.46102138290836947,0.6755886187591073,0.6024050536570515,0.44656236030397856,0.5909537752781153,0.986779662288649,0.44646630558910894,0.4561145612625119,0.5278326964026342,0.4618264410093772,0.4249362946879571,0.4762406036487084,0.44626341767299216,0.4366512981118919,0.4330303651970185,0.6067933641327173,0.43905544693074566,0.4399578249736406,0.4349637893736028,0.432476558387681,0.6755886187591073,0.420461543151541,0.538443137645769,0.4228065403330613,0.5909537752781153,0.4486186554173695,0.4590295815831268,0.4481110291427509,0.4857217497315027,0.986779662288649,0.6755886187591073,0.5909537752781153,0.4097939084442823,0.486372136512389,0.44646630558910894,0.5922098380693718,0.4518014157191578,0.4102230116439708,0.44646630558910894,0.4361954609033073,0.4286569684413481,0.43272486294355084,0.44518571090607995,0.9736459558036368,0.48818156689074343,0.42902734372647844,0.41894302130715827,0.5909537752781153,0.6755886187591073,0.46102138290836947,0.4251510119167108,0.42871530411042014,0.5632173331781734,0.5913928541261931,0.433009475109039,0.4613260654820704,0.44015570996328496,0.43069876066138185,0.4429950720003839,0.48277178776404883,0.986779662288649,0.6045079714128642,0.4553244952263555,0.4726135183709007,0.42269479980063135,0.9266676036958403,0.4295786095741542,0.43824110080765777,0.41720185153769723,0.9802403084220347,0.41765818793357157,0.4466755055883182,0.43120367797962056,0.5224169741697416,0.4679163370052543,0.44606682727558394,0.42217630235239506,0.4481110291427509,0.43933222437021385,0.9966638362109633,0.49859659405424767,0.44486386731856964,0.4319872588069884,0.447177959523731,0.4126717988473627,0.4608239300599776,0.5399427838611028,0.986779662288649,0.4318423887207322,0.5964610909704072,0.4260308599084745,0.986779662288649,0.6755886187591073,0.4597749752354481,0.43450321898722016,0.4222176570284012,0.5059230992339496,0.986779662288649,0.45156953223956664,0.42416180747012766,0.44428614367297864,0.5994948735997638,0.6755886187591073,0.4473903628478367,0.5887091590787359,0.433009475109039,0.41092583337119665
5,0.7807701215872436,0.5378137112727523,0.5023477186526282,0.8645111454866733,0.4441727791361043,1.0,0.9735933163773176,0.6012067033979636,0.6126537449827791,0.6918185992676966,0.5065704196173686,0.5430442313915345,0.8939110344512746,0.5394853831307411,0.4459358330389803,0.9761211705675196,0.735456257310555,0.4760099203510278,0.4490194300190747,0.8204262319066948,0.5824708317651487,0.9710597397130529,0.8622639660699039,0.7203502416538673,0.5444942223438171,0.4396663291208217,0.8483176392970672,0.8531112029665306,0.7186566697348549,0.5052959612191809,0.5872039116399294,0.3891592937069806,0.8332159325154169,0.5387047003076876,0.9658677237655435,0.849500983069588,0.932906111565094,0.6903867002169891,0.4767743264409512,0.5065704196173686,0.5394853831307411,0.615343912544249,0.7103858205931678,0.9684777655667837,0.538040873602646,0.44866521940133486,0.6196163997070097,0.9684777655667837,0.862035536665338,0.5676096620709278,0.9116697036796122,0.723800761025513,0.47005567840619,0.46094733038136165,0.8356154595776859,0.39676987591651713,0.5379259011479078,0.5052959612191809,0.6291671440027494,0.3930164083741777,0.6547556387313098,0.499680900932447,0.5387047003076876,0.8712971970114827,0.6528605008294657,0.4643442827367412,0.855448462593673,0.9813103426680723,0.48887686449070433,0.4767743264409512,0.5268585293522949,0.7255761750945354,0.6491717327618899,0.836441521353468,0.4670297376646838,0.8531112029665306,0.4668364371230725,0.614745408378734,0.44506039773459777,0.6643356643356644,0.9303015080528587,0.7147167140618759,0.36510815001708324,0.44084407441004325,0.8879474783271486,0.6594498409787333,0.932906111565094,0.7893181155809602,0.445051736272293,0.3838394328468079,0.9759979951340232,0.8622639660699039,0.9735374571487232,0.39125390290775025,0.38695955336961657,0.48342232339751107,0.4459358330389803,0.8667657325501521,0.5427546162033998,0.7219174381227015,0.4767743264409512,0.5052959612191809,0.7368270601666492,0.7881373718732924,0.8332159325154169,0.6636958442736846,0.4459358330389803,0.4529190221302154,0.8247869420771342,0.9277662369088608,0.5342480730334007,0.5052959612191809,0.9279028497860051,0.5176327208219627,0.8712971970114827,0.5971041424430007
6,0.7707999664388862,0.5416985794408244,0.5067604712497303,0.8521008702743037,0.44506039773459777,0.9735933163773176,1.0,0.6049315530483038,0.6090552696179643,0.692887637387592,0.510260503233663,0.5469640581511092,0.894335527057135,0.543404860079918,0.44684101276894,0.965938537470902,0.7426313350760165,0.4760099203510278,0.45247229547926926,0.8051030904693773,0.5824708317651487,0.9920071435246234,0.8456751023629816,0.7307943787114746,0.5484172677349418,0.4432071437745057,0.8420124583192796,0.8367816680888297,0.7290747123864094,0.5089603509381031,0.5907618549115101,0.392700331378047,0.8332159325154169,0.5426146832860468,0.960942861649844,0.849500983069588,0.923531978366531,0.696822672032421,0.48215734598728616,0.510260503233663,0.543404860079918,0.6269142951131643,0.7142757190761013,0.99465729057224,0.5419570194828496,0.4531258173035968,0.6157153240647666,0.99465729057224,0.8454225442585883,0.5751014061098724,0.9116697036796122,0.7285788566268028,0.47527758850150087,0.4642805917473527,0.815812982463685,0.3996088804315262,0.5418263925653308,0.5089603509381031,0.6327705149216755,0.3961250785527987,0.6505533993419875,0.499680900932447,0.5426146832860468,0.8587181404685724,0.6619189081241011,0.4692456736744658,0.8390600522193211,0.970998459454709,0.4936915482632629,0.48215734598728616,0.5268585293522949,0.7234177884244983,0.652798875986611,0.836441521353468,0.47228227570199766,0.8367816680888297,0.4706873524309101,0.6236428226832157,0.44596645966459664,0.6599529704068503,0.9209561251130142,0.7094904494351505,0.36557023093177865,0.4432773324924652,0.8972860864009436,0.6606586961821297,0.923531978366531,0.7864493275135291,0.4459481327427794,0.38749578868578033,0.9505839075929541,0.8499095161338173,0.9634136570112525,0.39218037506229964,0.3907834603676339,0.48342232339751107,0.44684101276894,0.8500340885511871,0.5467278588961197,0.7165360794651245,0.48215734598728616,0.5089603509381031,0.7377694195239923,0.7889450833027246,0.8332159325154169,0.6718973279634128,0.44684101276894,0.45752448129666456,0.8133279823024442,0.9184580839844345,0.5388934428833775,0.5089603509381031,0.9186109009632099,0.5176327208219627,0.8587181404685724,0.6009011595034924
7,0.569060649727849,0.5028271427859402,0.48354606288615265,0.5645303762676523,0.41743935277131333,0.6012067033979636,0.6049315530483038,1.0,0.44776313132769907,0.5388626029467054,0.5140066978551525,0.5049435261253533,0.5841297357332342,0.502864198080153,0.41957320395323566,0.6053867620093939,0.5302253269456697,0.49214031126924385,0.48079802573203195,0.5517274061043987,0.4811428720480207,0.6037510174290857,0.5662602378156306,0.6487907051824671,0.5049734602561853,0.46613037546290553,0.5344502935442462,0.5620327720305067,0.6464700513046489,0.5140066978551525,0.5630925906520583,0.3600340136054422,0.5535369860716164,0.502864198080153,0.6117327647694939,0.5820404846335697,0.6112751327423436,0.5334082993536744,0.41957320395323566,0.5140066978551525,0.502864198080153,0.7535347521952671,0.5321676445703988,0.6053867620093939,0.5039362420490133,0.47983657065368224,0.4330438136598049,0.6053867620093939,0.5658192154461403,0.6519053509436974,0.5799070665435726,0.5305022804771017,0.4158679397286626,0.479990776541671,0.5486656378213574,0.3779750927149209,0.502864198080153,0.5140066978551525,0.5306054052909903,0.3644007324231898,0.5179332551603477,0.49248708195884217,0.5017962338916361,0.5649542479699431,0.4728462324771381,0.4854570882939677,0.5607541397029032,0.5986794033596406,0.4967259434960674,0.41957320395323566,0.5070513664078606,0.5229293152166951,0.4887366461445262,0.5553826377843131,0.4169607806714468,0.5537322333013791,0.4834637054088426,0.7910821709818642,0.4186406677763754,0.4426042100360598,0.6070358965706332,0.5353956000546394,0.3848680327470437,0.47742042992834527,0.5806746630636462,0.5199725306169166,0.6112751327423436,0.5190048627679531,0.4181991981417834,0.3640714489402565,0.5995892988690451,0.5626373459830563,0.6074919564884327,0.362829250322343,0.4115382014754606,0.5062866121504797,0.41957320395323566,0.5578565900983371,0.5028271427859402,0.4827555252338462,0.41957320395323566,0.5140066978551525,0.5184538486230603,0.518208555072501,0.5535369860716164,0.5045647811808428,0.41957320395323566,0.48126414325270217,0.5576048114290508,0.6019439464723744,0.4987645877914801,0.5140066978551525,0.6053867620093939,0.5001033054927388,0.5649542479699431,0.45877569951228
8,0.6267959905301096,0.49952936372286777,0.44539250805962105,0.6483499661564622,0.4077964879756939,0.6126537449827791,0.6090552696179643,0.44776313132769907,1.0,0.5512658798828846,0.4749654977107395,0.5049128262388741,0.6205420549837539,0.5013994592268614,0.4088980167144063,0.6119136091227637,0.5867559377872487,0.42350537326947363,0.39647936356005614,0.6476584037464047,0.5089821155950548,0.6108239773383841,0.6525451790791589,0.5815363131837761,0.5050824958054599,0.38551397969541606,0.593978133791028,0.6457103340649344,0.5824559720249528,0.4740001052081903,0.45721760430179215,0.3644281784164464,0.6318944603725164,0.5013454771268888,0.6101173668033688,0.5849678894492846,0.6106453385302292,0.574972234893606,0.4347634147598218,0.4749654977107395,0.5013994592268614,0.4783458765638341,0.5650205112279258,0.6094094266317182,0.5000083656913986,0.3945978601913745,0.6869463437636835,0.6094094266317182,0.6462414725783969,0.4526809198255843,0.5939823433563105,0.5505230930912302,0.43026059038016246,0.41016282946216054,0.647559088468762,0.36484643474918316,0.5006759824900596,0.4740001052081903,0.49651997188689395,0.36514794308050286,0.597863665438392,0.45895834930478063,0.5007319025997643,0.6530868187988881,0.5454077390523385,0.4022490528519888,0.6475426048924225,0.6162805755268064,0.4269793588870612,0.4347634147598218,0.48788259776294113,0.5647876757885927,0.5473329337970538,0.6299472005059785,0.4283621092058818,0.6485879243311927,0.40118505933580645,0.4729817822303805,0.40832121212121214,0.608831194091406,0.6110993218289753,0.5803223088229369,0.34083158557400006,0.39501200205537973,0.6318630128752482,0.6053016742035691,0.6106453385302292,0.6108373428869138,0.40819544616725634,0.3581066388412182,0.6127360190928415,0.649652182102567,0.6133404672730516,0.3722755615471663,0.35091792990815146,0.4287490710777275,0.4088980167144063,0.6528149266808505,0.503413347902423,0.6359991482593005,0.4347634147598218,0.4740001052081903,0.580680899280636,0.6138385197854421,0.6318944603725164,0.5428942089357929,0.4088980167144063,0.3957926172510504,0.6366713989297805,0.619637211089426,0.5007902869813862,0.4740001052081903,0.6125324004616787,0.46897812750584755,0.6530868187988881,0.5466378777445312
9,0.660950433887835,0.5592558682375668,0.5268496575610332,0.6529668486539218,0.46102138290836947,0.6918185992676966,0.692887637387592,0.5388626029467054,0.5512658798828846,1.0,0.5385978793714848,0.5665753905344353,0.6752087493346803,0.5620568335588634,0.462820862956535,0.7021935341193382,0.6751750739128448,0.5051637015820012,0.47141658947859766,0.6220555908524135,0.5792107358125782,0.6975270935284388,0.6567610378600273,0.6432109415333255,0.5670010300927083,0.46367320743056134,0.6433884282312587,0.6505655353671905,0.6418489301638393,0.5371282672384163,0.5450291233135859,0.40244480075315164,0.61626195732156,0.5612429418372127,0.7085262946579999,0.6653465489903634,0.6902652725754792,0.6675768851137959,0.498060048135268,0.5385978793714848,0.5620568335588634,0.5735754041876491,0.6624802355028216,0.6959759735036182,0.5596208181999198,0.4724162852324741,0.519298245614035,0.6959759735036182,0.6536523259544984,0.5745481687517145,0.6554556703490019,0.6636467497689582,0.49112099940251924,0.48443234284361314,0.6343688165427348,0.42048365922139125,0.5614341161002752,0.5371282672384163,0.6645758671681088,0.41886652038709943,0.5562684569461854,0.519835483475996,0.5612429418372127,0.6494728780805633,0.6441828293578404,0.4815678720364935,0.6470636510986945,0.687484124314342,0.5191386905250486,0.498060048135268,0.5487732439048428,0.6567489247985302,0.6481858726422265,0.6182148208966765,0.485844508721185,0.6428711692897722,0.4946350075449866,0.5838913715141951,0.46198823529411764,0.566029533188744,0.6826200644391244,0.6246091294029749,0.3766315971189903,0.4621475573395157,0.6865313468653135,0.6028630259477108,0.6902652725754792,0.6524331673168189,0.4619185841539944,0.3969487878949965,0.6839121726314198,0.6515459190917972,0.7037695768581271,0.40172245137282336,0.3964237583208423,0.5194079355055742,0.462820862956535,0.6570082607495211,0.5655333454113574,0.599827329974396,0.498060048135268,0.5371282672384163,0.6455049504306737,0.6407463288917766,0.6198795691629209,0.7234811353376541,0.462820862956535,0.47504795354031193,0.6322981705714276,0.6836351821030382,0.5590777229022681,0.5371282672384163,0.6841395970838187,0.5380024257158736,0.6494728780805633,0.5227245413509256
10,0.5030356375092426,0.7648483382977398,0.6334077341301365,0.49081347789391677,0.6755886187591073,0.5065704196173686,0.510260503233663,0.5140066978551525,0.4749654977107395,0.5385978793714848,1.0,0.7755110257114101,0.5107326612367337,0.7660244003404472,0.6782830994196897,0.5079360254135207,0.5472020133899473,0.709272183449651,0.5298956704299578,0.4818059548792279,0.6472991282562569,0.5116842327710239,0.4904584453166874,0.5181048043210461,0.7791042701019688,0.5079360254135207,0.5463711429813125,0.48770687657941114,0.5175964548049549,0.9964053499814528,0.5155916864790244,0.4806777884977861,0.5278881304803538,0.7648483382977398,0.5097907648912425,0.5808881049160212,0.5013266234483074,0.5693113710655002,0.622856845002811,1.0,0.7660244003404472,0.4780317423762642,0.5549456544230791,0.5112072380369014,0.7625027331882962,0.52385524959338,0.5117826009152031,0.5112072380369014,0.4890629398420294,0.5097907648912425,0.5403430733440704,0.5737505432420686,0.6134736041574245,0.5609757930855642,0.48511330369727856,0.48574685994773914,0.7636744489975389,0.9964053499814528,0.536224934776617,0.4867157472033655,0.5284300943323874,0.80107370197101,0.7648483382977398,0.49189333638740956,0.5212053951888733,0.5243924133519555,0.48872022410505117,0.5061200696974497,0.5750553352422065,0.622856845002811,0.891264667535854,0.5141054452697089,0.5503872660934133,0.5284300943323874,0.605183698706999,0.48770687657941114,0.52385524959338,0.4823849553510431,0.6755886187591073,0.4904584453166874,0.4992451953414142,0.49802562809666484,0.5056982897461462,0.535052726057385,0.5170905120392475,0.5004867350422577,0.5013266234483074,0.5083960764695825,0.6769333026561342,0.4712476415912211,0.5034689770353847,0.4904584453166874,0.5083960764695825,0.49081347789391677,0.46662092142865497,0.7211544852621622,0.6782830994196897,0.49117097118680525,0.7695656154442416,0.49526555236493575,0.622856845002811,0.9964053499814528,0.5333122614458757,0.5030356375092426,0.5278881304803538,0.6068233295231082,0.6782830994196897,0.5227881123938404,0.48297389112941835,0.49802562809666484,0.7660244003404472,0.9964053499814528,0.4996566016896974,0.8409489480277117,0.49189333638740956,0.4782851199758475
11,0.5383508213908115,0.9845058745020323,0.7797465841797069,0.5231845418588064,0.6024050536570515,0.5430442313915345,0.5469640581511092,0.5049435261253533,0.5049128262388741,0.5665753905344353,0.7755110257114101,1.0,0.5485163865476917,0.979457880458516,0.6065330909778623,0.5439327360231315,0.5887893989588263,0.7529804563006931,0.6300124914129746,0.5119555124764527,0.6095990635059995,0.5478748005823818,0.5211858325024292,0.5862544499494478,0.974660781428805,0.5877473835218936,0.5104120310810119,0.5172971894846097,0.5854852100573418,0.7731396462628197,0.5023317148865123,0.5422062084978245,0.4983113876977953,0.9811246098749581,0.5454317342238162,0.5481013204919183,0.5343738231725177,0.6126084970306076,0.6514391992308102,0.7755110257114101,0.979457880458516,0.5353609737661356,0.6006107614808376,0.547260283519884,0.9810959624210647,0.6185641075392023,0.4799719436598358,0.547260283519884,0.5192213642131899,0.5975855631611698,0.5103336393748087,0.5436065538300093,0.6486936336800307,0.6813821250965862,0.5142470333246467,0.5281164786166562,0.9794266981923001,0.7731396462628197,0.5659051628378099,0.5125176364998536,0.5024125452352232,0.8916054438154883,0.9777654767678857,0.5247165256128119,0.5423591503001998,0.6194501951601336,0.5201887461806364,0.5424487656678896,0.691762952409367,0.6514391992308102,0.9924137515804684,0.5481603545109982,0.5734575296289693,0.4988778784856238,0.6576039969041612,0.5180068710178029,0.6127117946654719,0.5448586303814293,0.6041859340844123,0.5242059982055018,0.5316140748227458,0.5393514058402823,0.49150098545258175,0.6290055064481515,0.5577831281261779,0.5447724488244605,0.5343738231725177,0.5427262789763883,0.6035666770755977,0.5192419579513428,0.5380580590738708,0.5226789299232191,0.5445339893856485,0.525500322788896,0.48418720255871756,0.7710755424780232,0.6065330909778623,0.5221831732778209,0.9679163129282345,0.5336009941688176,0.6514391992308102,0.7731396462628197,0.5719253130166685,0.5383508213908115,0.4983113876977953,0.6413825292020088,0.6065330909778623,0.6168002569127218,0.5144592268279661,0.5307959267836183,0.9532958982756449,0.7731396462628197,0.5321610136714267,0.9025038951671752,0.5247165256128119,0.5095352681734335
12,0.7656041842792245,0.5432261223490529,0.5005188080022498,0.8500480159341767,0.44656236030397856,0.8939110344512746,0.894335527057135,0.5841297357332342,0.6205420549837539,0.6752087493346803,0.5107326612367337,0.5485163865476917,1.0,0.5449513648079398,0.44919816365624265,0.8829203707206356,0.7538942125036937,0.4780414920045773,0.4461326476812722,0.811153085791462,0.592030583441577,0.8967455317265203,0.831204102837039,0.7168499775338368,0.5499734062761188,0.4342572082050174,0.8338963465293505,0.8184737781157683,0.7151784129238417,0.509429300831755,0.5743989990765289,0.3899027221548562,0.8012021549490959,0.5441554729922835,0.8787655270364645,0.8723612172540373,0.85815556979362,0.7065853229896312,0.4788015212563736,0.5107326612367337,0.5449513648079398,0.5962206821918379,0.7306865770332819,0.894443204641821,0.5434996486296556,0.4447856951911367,0.6320097304374436,0.894443204641821,0.8309301828772345,0.5491042255708176,0.8679894785489382,0.7524267262401082,0.4720923472989246,0.45974798007284295,0.8301351790408491,0.3937537364756438,0.5433614696042754,0.509429300831755,0.6156455784163654,0.39158576051779936,0.6549395204183864,0.5074543516152505,0.5441554729922835,0.8481185577679348,0.6555083943044683,0.4614599270021485,0.8496791062514856,0.9006696428571429,0.4826996849230093,0.4788015212563736,0.5357329610082965,0.7314758009236687,0.6566623887393914,0.8042230534692381,0.46908685968819597,0.8473712047827612,0.4586936963953698,0.5889470758206988,0.4483320403413499,0.6874358775556569,0.8557024598846561,0.7174823318503057,0.367987617716592,0.4386206896551724,0.9086546158939743,0.681885399709212,0.85815556979362,0.8032754422922062,0.44743113144600133,0.38455550555237966,0.9003777808870855,0.847865448521383,0.8851893400945172,0.3925591440070678,0.3858754057075866,0.48537845983098227,0.44919816365624265,0.8608333747206357,0.5464048759871888,0.7514426994385471,0.4788015212563736,0.509429300831755,0.7394744993229909,0.8137063850010784,0.8070860484968347,0.6708323717330619,0.44919816365624265,0.44871141167735645,0.8235287173130276,0.8662382127425858,0.5403740687382141,0.509429300831755,0.8578938380029405,0.5243867291853724,0.8481185577679348,0.6195189305659382
13,0.5347981468887917,0.9844102043778392,0.7831502535618127,0.5204089592511365,0.5909537752781153,0.5394853831307411,0.543404860079918,0.502864198080153,0.5013994592268614,0.5620568335588634,0.7660244003404472,0.979457880458516,0.5449513648079398,1.0,0.5949380443211251,0.5403769544072561,0.5864134456597484,0.7521936863873557,0.6357412318033279,0.5084407610066678,0.6011261608129541,0.5443188403951115,0.5176645303483616,0.583808181635158,0.9712011726180861,0.5865884450700305,0.5043557963505416,0.5137854534633182,0.5830344954781427,0.7636836853463806,0.4970781592403214,0.5435512459050376,0.49314667563849024,0.9982447968813387,0.5418783972973213,0.5417413805770136,0.5308351486151811,0.6090567507648257,0.6421487429241864,0.7660244003404472,1.0,0.5364518321857478,0.595785875692595,0.5437049642643786,0.9912684055331453,0.6238771597159557,0.4748129075990401,0.5437049642643786,0.5157047569545989,0.6007408749518934,0.5042142580120064,0.5372480376038454,0.6393710712190601,0.6869690105727378,0.5114198513495025,0.5253465313338603,0.996492699269449,0.7636836853463806,0.5613766132580595,0.5096883188086115,0.49723632694690895,0.9015352346549363,0.9982447968813387,0.5219500093986524,0.5380545467582278,0.6232459305058154,0.5173954247404723,0.5388906535630046,0.6937148733552349,0.6421487429241864,0.970004123144585,0.5436984110246205,0.5689382092179712,0.49371430447055736,0.6463789312312226,0.5152020311135713,0.6133123050816666,0.5462912796105323,0.5926537633500781,0.5214335181385156,0.5280798752713778,0.5375679191660792,0.4905728960007991,0.6298881706435095,0.5542055395166733,0.5430614042419138,0.5308351486151811,0.5391802470896365,0.5920841128883502,0.5197173586172571,0.5345098664286397,0.5199003543609674,0.5409775044711888,0.5211753973625592,0.4828855236146271,0.7705320615819402,0.5949380443211251,0.5194045829027094,0.9776969157889772,0.5308792176640945,0.6421487429241864,0.7636836853463806,0.5683660372999138,0.5347981468887917,0.49314667563849024,0.6364550780883932,0.5949380443211251,0.6220504674605835,0.510933270475622,0.5272591362338142,0.9434924301255119,0.7636836853463806,0.5286258982442409,0.8865908083679362,0.5219500093986524,0.5066685670188739
14,0.4395149311373332,0.6005326372134109,0.5284679823938663,0.434979089568854,0.986779662288649,0.4459358330389803,0.44684101276894,0.41957320395323566,0.4088980167144063,0.462820862956535,0.6782830994196897,0.6065330909778623,0.44919816365624265,0.5949380443211251,1.0,0.44826243842548924,0.4577974499493435,0.5285334504860713,0.4637551671967883,0.42647151846307235,0.477965676563894,0.44804969419875285,0.43834069946195237,0.4345348225979372,0.6109936130691686,0.44081846736319186,0.4417171267259748,0.43663944551812855,0.43397347354037635,0.6782830994196897,0.4213911132619302,0.5368287901666269,0.4243304272224503,0.5949380443211251,0.45043807265989577,0.4608921066446789,0.4499325883093148,0.4888978556271282,1.0,0.6782830994196897,0.5949380443211251,0.41146606667334673,0.48716183296525045,0.44826243842548924,0.5962100201415179,0.4546767461580179,0.411511790443328,0.44826243842548924,0.43788669629522786,0.43079730740463723,0.43515187278151934,0.4460490069001763,0.9736980221032585,0.49027305960763107,0.4306156205828396,0.42057952211696265,0.5949380443211251,0.6782830994196897,0.462820862956535,0.42679451422182524,0.4303852703923007,0.5670154459392127,0.5954004284691605,0.43541564575335134,0.4621693962610548,0.44266429978154126,0.4323103933428733,0.4447524159113042,0.48356509642081735,1.0,0.6086442751851765,0.4571264476707008,0.47342978143520886,0.4242094178913989,0.9388779304529363,0.43117467343453053,0.43912527962201375,0.41916952440910565,0.986779662288649,0.4189570162073971,0.4484815065660531,0.4327344558928406,0.5209986338079975,0.470642776013537,0.4487658937920718,0.42355077123706003,0.4499325883093148,0.44103142974343007,0.9900669337007242,0.49747438677591516,0.4466346614308974,0.43437887413791026,0.4489818526957475,0.4137657895526418,0.46323328655876767,0.5406251231277546,1.0,0.4334695840346237,0.5987662775506764,0.42749452574396035,1.0,0.6782830994196897,0.46161232092791027,0.4361501727778844,0.4237244151274755,0.507942552187825,1.0,0.4544251576243481,0.42569998883999266,0.4470148827677801,0.6036222400472833,0.6782830994196897,0.4492041422955221,0.5928243861515906,0.43541564575335134,0.41218499215032656
16,0.7829087178714954,0.5387003770237303,0.5033649061514799,0.8538701756895277,0.44646630558910894,0.9761211705675196,0.965938537470902,0.6053867620093939,0.6119136091227637,0.7021935341193382,0.5079360254135207,0.5439327360231315,0.8829203707206356,0.5403769544072561,0.44826243842548924,1.0,0.74048511970418,0.4764796454747702,0.4483083501610565,0.8146043539171087,0.5857513754926887,0.9685433393278217,0.8602921673231291,0.731775957904498,0.5453820507173182,0.43895520088456275,0.8422152292748655,0.85118128897218,0.7300472435287144,0.5066519254639485,0.5876736045483069,0.39046606586291044,0.8271947972627133,0.53959520985576,0.9840387724818462,0.8496890490463894,0.9403715768925235,0.7002855092752881,0.47925294850538536,0.5079360254135207,0.5403769544072561,0.6222037524978338,0.7209899867749858,0.9710890909503186,0.5389331071899298,0.44882647344438636,0.6161620062327913,0.9710890909503186,0.8600610870620479,0.5691447919919789,0.9046947794903165,0.7288978788541439,0.4724506967160764,0.46024220987176867,0.8255044269760787,0.397700702362162,0.538815348792702,0.5066519254639485,0.6331837670754811,0.394326087740168,0.6551603280552678,0.500105805774456,0.53959520985576,0.8605269287971187,0.6651833763567887,0.4644158807629793,0.8535087404858348,0.9735099337748344,0.48998240891475975,0.47925294850538536,0.5272421651500703,0.727536946966,0.6557902862977197,0.8303819055657956,0.4694377962035674,0.8426674279053448,0.46689335749486466,0.6190048518995379,0.4473903628478367,0.6605759696367123,0.9328482115404325,0.7166942281360363,0.36619718309859156,0.44031578792903575,0.8859060139695726,0.6668066937660289,0.9403715768925235,0.795182084435948,0.44736179850683666,0.385189232417517,0.9580165289256198,0.8516657700774772,0.9866497139224412,0.3917795144067291,0.3879876884715783,0.48388340301871124,0.44826243842548924,0.8691693377084364,0.5436532302651526,0.7174734252833173,0.47925294850538536,0.5066519254639485,0.7387670710172063,0.7902954790737762,0.8271947972627133,0.6676455696202531,0.44826243842548924,0.45305299539170507,0.8189179183831,0.925454749951432,0.5351166829493872,0.5066519254639485,0.9304418466172429,0.5180354606781467,0.8605269287971187,0.6036267302285186
17,0.7103490868452783,0.5820024173134374,0.5297136723401179,0.7023809523809523,0.4561145612625119,0.735456257310555,0.7426313350760165,0.5302253269456697,0.5867559377872487,0.6751750739128448,0.5472020133899473,0.5887893989588263,0.7538942125036937,0.5864134456597484,0.4577974499493435,0.74048511970418,1.0,0.49544718204838795,0.46739853002461496,0.6655928102315936,0.621490287966131,0.7477177144578018,0.6950087597666614,0.6629969176093355,0.5890905520434444,0.4501072163143845,0.7083352412350993,0.6827678118051572,0.6615866063719636,0.5456876366054113,0.5202462208450233,0.4085684675242551,0.6570734203121003,0.5855217546987255,0.7409459360264535,0.7501328152274556,0.7128194535333214,0.7076653415776145,0.5002220875146315,0.5472020133899473,0.5864134456597484,0.5495049984970571,0.7192482972013801,0.7460172174512641,0.5837441678441099,0.4627430446065144,0.5799375550396285,0.7460172174512641,0.6916979891569974,0.5487339587615402,0.6914954630568627,0.7440183833180519,0.4933732294732734,0.48029007459181816,0.681898989126638,0.40995602498467937,0.5846319947668253,0.5456876366054113,0.6500792638131694,0.40956500505808074,0.6031854015766938,0.5293986151550546,0.5855217546987255,0.7041776893056392,0.6420207803119489,0.47859081204543563,0.6930214090923339,0.740029956608519,0.5082079934897477,0.5002220875146315,0.5630603802134475,0.7251737993494483,0.6553170876283321,0.6592317597536089,0.4897456082765158,0.6884093126131343,0.4738459116838598,0.546113571000311,0.45782727131751194,0.6541715550861918,0.707809263416479,0.6832774825898078,0.379798489791875,0.4583467572938436,0.7700655998392179,0.6549844459031365,0.7128194535333214,0.7328288961327449,0.4569534876248397,0.40240619191020666,0.7300125926962362,0.7008084465292314,0.7390339642435634,0.406549257970111,0.3980327839347021,0.5029253560954868,0.4577974499493435,0.7010276547456855,0.5891000849574579,0.6865847361354952,0.5002220875146315,0.5456876366054113,0.741909127040309,0.722266836918671,0.6611291922327022,0.7149334017997483,0.4577974499493435,0.4631755210355237,0.6742017401440407,0.7059930130974054,0.5783077756548116,0.5456876366054113,0.7093959090869645,0.5451653367808804,0.7041776893056392,0.5840689549246322
18,0.47657511155770527,0.7513641956973734,0.8077345017638132,0.45860970605077306,0.5278326964026342,0.4760099203510278,0.4760099203510278,0.49214031126924385,0.42350537326947363,0.5051637015820012,0.709272183449651,0.7529804563006931,0.4780414920045773,0.7521936863873557,0.5285334504860713,0.4764796454747702,0.49544718204838795,1.0,0.6971823154148679,0.44995238393771403,0.5233242428591933,0.47734102083786256,0.4624161113790783,0.5001075487074463,0.7567666278958695,0.6248665565965799,0.4603030194917169,0.4594448117112449,0.49908666531357826,0.709272183449651,0.4619299562455376,0.45073704796980524,0.4466828292732507,0.7521936863873557,0.480364338682372,0.4917707150964813,0.4786048119798746,0.5194422578255232,0.5285334504860713,0.709272183449651,0.7521936863873557,0.4884056207229051,0.5259281351333176,0.4764796454747702,0.7508263830221522,0.6551063511333588,0.42326315946304327,0.4764796454747702,0.46091865720972613,0.5782569093758951,0.4621606422819675,0.4869725466493639,0.5243035803737445,0.7556939598041602,0.4531048000333625,0.49330612269912333,0.7521936863873557,0.709272183449651,0.5051637015820012,0.4521088041669681,0.4446778544317395,0.7495239759189559,0.7535722011590441,0.4590243568080154,0.4686348797726207,0.6262681034397768,0.4561581816501894,0.47346831699697123,0.7526363160086511,0.5285334504860713,0.7521801430666413,0.4868551784729777,0.48718794772717405,0.4473079257082557,0.5264043900138617,0.4547606060335089,0.6430947312400213,0.5092468826678214,0.5263905325443787,0.43833366927117295,0.4768689638726601,0.4677452056101517,0.47978628007771634,0.6379596185000977,0.47572088155809716,0.458848074893963,0.4786048119798746,0.4631327044715218,0.5289108693139043,0.4529355799036307,0.47562417538561425,0.45788695091980625,0.4786048119798746,0.43056385970105077,0.44748720114325236,0.8860686958573499,0.5285334504860713,0.45656796697700186,0.7481251411791281,0.4506553299477337,0.5285334504860713,0.709272183449651,0.4881223263857286,0.45755022298232173,0.4466828292732507,0.5457235371344438,0.5285334504860713,0.6374440545757685,0.4482968769604885,0.4730111559657116,0.7373179672873622,0.709272183449651,0.47773392789011826,0.7907873676252577,0.4590243568080154,0.4307879352732248
19,0.44139138388528476,0.6346588320611397,0.7167475309054876,0.4288080286138843,0.4618264410093772,0.4490194300190747,0.45247229547926926,0.48079802573203195,0.39647936356005614,0.47141658947859766,0.5298956704299578,0.6300124914129746,0.4461326476812722,0.6357412318033279,0.4637551671967883,0.4483083501610565,0.46739853002461496,0.6971823154148679,1.0,0.41442721411554273,0.45615154221420284,0.45355746317679735,0.42605684734485233,0.4793813119770772,0.630073787445524,0.7443704822237511,0.4063050476826824,0.42322861396799133,0.4786000206813764,0.5284739678651745,0.4252146076435964,0.4775262351691302,0.3975824999353955,0.6346588320611397,0.4509099215490248,0.4349964551577455,0.44398123789920513,0.4827551304075101,0.5016448204295625,0.5298956704299578,0.6357412318033279,0.5093308393343846,0.47496947321337396,0.45289127020730424,0.6357348004798762,0.8286189255016173,0.37261643760644136,0.45289127020730424,0.4246326354887474,0.6054493560463693,0.4103543534250726,0.43130135920233026,0.49893321792083273,0.8590681791561173,0.4178185959523138,0.46708230773385595,0.6351948167662504,0.5284739678651745,0.4839398975680901,0.45575939251657505,0.39735552556992426,0.6191590888628793,0.636280118539712,0.42897459036566904,0.43186664334380453,0.7531800645979562,0.4220275359100873,0.4466158691878294,0.7427693025503446,0.5016448204295625,0.598211604551066,0.44162223607495144,0.4545508947055714,0.3982266582683269,0.5039133649906552,0.4211657269651344,0.7056954797806776,0.5229440907240515,0.4618264410093772,0.4129597425604187,0.4408726390129214,0.4358053473103514,0.48925154201733806,0.5972211406894864,0.4563706746184714,0.4346454008463836,0.44398123789920513,0.4346259439720198,0.46278822404233194,0.49162422846304554,0.4436863315212948,0.4282548079292562,0.4498406378642059,0.4098792357739152,0.5010237708592287,0.6745674033658852,0.4637551671967883,0.42361562476295583,0.6294019181988822,0.4208015337645323,0.5016448204295625,0.5284739678651745,0.45295105020688414,0.4314439959949214,0.3975824999353955,0.5044744400492056,0.4637551671967883,0.7709981846644307,0.41634057976432026,0.4407181212762686,0.6156605473663226,0.5284739678651745,0.44148852907721275,0.6156689484958554,0.42897459036566904,0.40796943509070593
20,0.7334706016929764,0.5070973029736444,0.46446284450706976,0.8905897282333282,0.4249362946879571,0.8204262319066948,0.8051030904693773,0.5517274061043987,0.6476584037464047,0.6220555908524135,0.4818059548792279,0.5119555124764527,0.811153085791462,0.5084407610066678,0.42647151846307235,0.8146043539171087,0.6655928102315936,0.44995238393771403,0.41442721411554273,1.0,0.5434039507395094,0.7995213377676934,0.8514725946594721,0.6635176348751112,0.5126909745164012,0.4055536928094614,0.8017737204148644,0.8644894793703589,0.6647628294828226,0.48074997538360026,0.55887665658928,0.37111303421238223,0.9507262191450934,0.5084186132359878,0.803035386836253,0.7656680168509485,0.8072019041787242,0.635418238623455,0.44873415692467666,0.4818059548792279,0.5084407610066678,0.556605429235316,0.6572832093880058,0.801372115240558,0.5077081060265708,0.41194011904046174,0.6546415766979279,0.801372115240558,0.8692912862932765,0.5035169339883528,0.9171045057063753,0.6816821485483306,0.4433157822469687,0.4274987699778231,0.9691761628993087,0.3762932086307528,0.5077296947235456,0.48074997538360026,0.5623771667054921,0.3726149603627125,0.6482635620116702,0.47748794022088586,0.5077538051555374,0.8931162644610794,0.6323412279983198,0.42232353755619545,0.9196615893700855,0.826510845057004,0.4488479599214203,0.44873415692467666,0.5050214044798063,0.6736739315692658,0.6040066285035606,0.9547113994055105,0.4411552346570397,0.9322525256215468,0.4248151091750745,0.5544533764297755,0.42685968631287785,0.6511423662634642,0.8169075777485765,0.6772979211804705,0.35232975984706943,0.4123446817609465,0.7872759379020368,0.6301897628989364,0.8072019041787242,0.7558737172205001,0.4250871395045475,0.36466195824647646,0.8260031770424839,0.8929270385185776,0.808683294947812,0.3808674585282143,0.36521642531243803,0.4556325087500037,0.42647151846307235,0.9124523875562933,0.5111929797630926,0.7093943079176346,0.44873415692467666,0.48074997538360026,0.6795557922336177,0.769059779913594,0.9586767101938652,0.6000662804475806,0.42647151846307235,0.41609188463105784,0.9292510895245829,0.8228534618485465,0.5064846206870974,0.48074997538360026,0.8149461593968104,0.49243779657061576,0.8931162644610794,0.5952984115283309
21,0.605735863421465,0.6033043150149584,0.5143133451148119,0.5615150751658688,0.4762406036487084,0.5824708317651487,0.5824708317651487,0.4811428720480207,0.5089821155950548,0.5792107358125782,0.6472991282562569,0.6095990635059995,0.592030583441577,0.6011261608129541,0.477965676563894,0.5857513754926887,0.621490287966131,0.5233242428591933,0.45615154221420284,0.5434039507395094,1.0,0.5874036941089392,0.5712170565590761,0.5408007014972254,0.6123622180314984,0.43041371644733206,0.5684672670534133,0.5649690943294813,0.5393925120535918,0.6472991282562569,0.4643527415891656,0.3958063121487246,0.5346337327115096,0.6011261608129541,0.5878294128125242,0.6079831848395799,0.5845302902585562,0.606567685141222,0.477965676563894,0.6472991282562569,0.6011261608129541,0.47349852073413246,0.605972981520806,0.5857513754926887,0.602486854080974,0.43964940452294926,0.5043964138535149,0.5857513754926887,0.5708285759513921,0.48473140199716513,0.5573396801984513,0.5913999273665026,0.47207308277906884,0.47343981616530834,0.5565994654345695,0.4091599290380888,0.6011261608129541,0.6472991282562569,0.5495445516775228,0.40230991337824834,0.5264543152346719,0.5771160066585383,0.5997696967403439,0.5618933179383215,0.5275019329466379,0.44276990238877717,0.5611420809489547,0.5776101068007438,0.48711404903355365,0.477965676563894,0.6137500167585033,0.5887967381735625,0.5420139216983212,0.5360183289525979,0.4699959633239144,0.5581056294972487,0.4458059015626491,0.48050020096202467,0.47718034209504673,0.5308392718385346,0.5812631501236573,0.5534188105108384,0.3964399941791521,0.4794023147761069,0.5833193601395084,0.5306731965533287,0.5845302902585562,0.57559434054143,0.4771006624140615,0.39291584229035,0.5841070912305945,0.5599910007622488,0.5845302902585562,0.40441570122277665,0.3929764225320636,0.5326545687764487,0.477965676563894,0.5642107671909599,0.6033043150149584,0.5550978372811535,0.477965676563894,0.6472991282562569,0.6034500516643908,0.5642027780757267,0.5370813717098224,0.6402573657339162,0.477965676563894,0.4453798435893289,0.5402195832399731,0.5744095729339245,0.6065942543027995,0.6472991282562569,0.5828927270591,0.5897659964335552,0.5618933179383215,0.4734539798778413
22,0.7764940082802821,0.5426076812771734,0.507802688836752,0.8502013422818792,0.44626341767299216,0.9710597397130529,0.9920071435246234,0.6037510174290857,0.6108239773383841,0.6975270935284388,0.5116842327710239,0.5478748005823818,0.8967455317265203,0.5443188403951115,0.44804969419875285,0.9685433393278217,0.7477177144578018,0.47734102083786256,0.45355746317679735,0.7995213377676934,0.5874036941089392,1.0,0.8480208927137844,0.7295821619486599,0.5493272691859186,0.4443219937258265,0.8454551275210757,0.834956455768849,0.7278700590608151,0.5103744583508025,0.5896821044270882,0.3931926226297999,0.8242182638957428,0.5435276247951619,0.9686089631184063,0.8590627254266688,0.9260463729187672,0.7013086592202051,0.48311628761354675,0.5116842327710239,0.5443188403951115,0.6261343140819071,0.7190258304600549,0.9973273099010169,0.5428717268133326,0.4542332285068346,0.6183296366994598,0.9973273099010169,0.8435544183827747,0.5766651427594123,0.9012469048461267,0.7314642572415626,0.4762274532425177,0.46532608176400164,0.818098507748492,0.40005532644859826,0.5427382951084663,0.5103744583508025,0.6368135768641319,0.3966100882527395,0.6532602569335121,0.5009000163639339,0.5435276247951619,0.8567856344475724,0.6636935407325677,0.47041993804069154,0.8372252990216695,0.9633777675409553,0.4948235009706391,0.48311628761354675,0.5280240279068514,0.7285380832515506,0.6544765479539864,0.827386348501188,0.4732400101523126,0.834956455768849,0.47186898288229195,0.622887512560263,0.447177959523731,0.661808971245825,0.9187004388328586,0.7114559409855884,0.36628017611895247,0.44430018785919645,0.8996853683509253,0.6652363001732944,0.9260463729187672,0.7922634037653182,0.4471539847805392,0.3879918520706276,0.9531623230043095,0.8480208927137844,0.9711195721784183,0.3930267812026276,0.3911969263254133,0.4847672535983916,0.44804969419875285,0.8523889386028852,0.5476488094480412,0.718528459316743,0.48311628761354675,0.5103744583508025,0.7397131403370097,0.7911040986893758,0.8242182638957428,0.6759191793754079,0.44804969419875285,0.45865473434182275,0.8076482461404179,0.9162129357387321,0.5397882919209301,0.5103744583508025,0.9163695201496688,0.5188660665991707,0.8567856344475724,0.6050402316563324
23,0.7695579415766184,0.5162267389075251,0.47464446901577895,0.8894359161062511,0.4366512981118919,0.8622639660699039,0.8456751023629816,0.5662602378156306,0.6525451790791589,0.6567610378600273,0.4904584453166874,0.5211858325024292,0.831204102837039,0.5176645303483616,0.43834069946195237,0.8602921673231291,0.6950087597666614,0.4624161113790783,0.42605684734485233,0.8514725946594721,0.5712170565590761,0.8480208927137844,1.0,0.6680516698684924,0.522601280128596,0.4154498179848288,0.8470100722906143,0.9723346638423163,0.6692952262973941,0.48931354043061925,0.5701488475465479,0.3769564054560043,0.8849435258865853,0.5169511987909248,0.8519643327647655,0.8299945633453272,0.8884859862668476,0.6543682810199655,0.46016024076446055,0.4904584453166874,0.5176645303483616,0.5617655708123289,0.6886051401427302,0.8458320766581705,0.5162553206733187,0.4229591049556088,0.6540378106430846,0.8458320766581705,0.9778111035633753,0.5201188348718883,0.9108775589099964,0.7216356713726075,0.45384377894411854,0.43803245008155445,0.8723591458389701,0.38044892227312355,0.5162397379248463,0.48931354043061925,0.5938865062510449,0.3802015997326183,0.6694462313074278,0.4891789568853478,0.5169511987909248,0.8919278940128864,0.6244445168604462,0.43629860543410753,0.8891511243749728,0.8643868515035523,0.4602066246309494,0.46016024076446055,0.5165023043090174,0.7051669470745922,0.6292043259495306,0.8884951061641221,0.4507052543875548,0.8913697499433437,0.43737620878480715,0.566088251767411,0.4391037703185638,0.661623414087255,0.8905368403159644,0.6940930402674572,0.359247479101229,0.42195440384783145,0.8343733643104955,0.6456383866827816,0.8884859862668476,0.7708539281072414,0.4367036160783984,0.3712742443456247,0.8596005651812287,0.8870468013335786,0.8581938147942413,0.38855097954858825,0.3728329121467274,0.4682898804799754,0.43834069946195237,0.896560383706185,0.5198157222623879,0.7171557237153257,0.46016024076446055,0.48931354043061925,0.7044571148522552,0.7695579415766184,0.8849435258865853,0.618565478771108,0.43834069946195237,0.4285002371255862,0.8472840159654368,0.9021336046341257,0.51480175324336,0.48931354043061925,0.89291577426396,0.505498468640419,0.8919278940128864,0.588169222360389
24,0.6480974732160211,0.5816309440811382,0.5459918074945413,0.6723981275338601,0.4330303651970185,0.7203502416538673,0.7307943787114746,0.6487907051824671,0.5815363131837761,0.6432109415333255,0.5181048043210461,0.5862544499494478,0.7168499775338368,0.583808181635158,0.4345348225979372,0.731775957904498,0.6629969176093355,0.5001075487074463,0.4793813119770772,0.6635176348751112,0.5408007014972254,0.7295821619486599,0.6680516698684924,1.0,0.5865507582343282,0.4717822303882263,0.6410664090284937,0.6642902265138525,0.9973652105268553,0.5167534003174262,0.5836857686614506,0.4058131938923144,0.6831179549034467,0.5841318552712851,0.735471348854763,0.7022920915000173,0.7065414656866157,0.6962556887680568,0.47547465006204886,0.5181048043210461,0.583808181635158,0.6706015940054741,0.6832023208402079,0.7310429869476743,0.583522051728157,0.48333436679063113,0.5225888250896267,0.7310429869476743,0.6675651996920327,0.646494062284209,0.7117530428815919,0.6424090012518248,0.4711215696180982,0.49614427586814347,0.6578092420225701,0.41891174508875706,0.5844588657237146,0.5167534003174262,0.5815886596609166,0.3978785051318568,0.6073044835016682,0.5282282083526375,0.5828762985051356,0.6770338365268473,0.6176997474158508,0.5120106864371917,0.6745234289290776,0.7312930620092933,0.5308060031375593,0.47547465006204886,0.5510191785773949,0.6152764160381394,0.6527736574252395,0.6855306947522259,0.4738653452995599,0.6670867431312181,0.5026282285999685,0.6751476520057895,0.434284098855808,0.5776776684747633,0.7013852352153295,0.6516233062565561,0.37120304647256624,0.45670567135965573,0.7201004234959886,0.688453809760296,0.7065414656866157,0.6684288579443102,0.43317105915829307,0.4029426093437163,0.7056531601654583,0.6708629049818454,0.7334997042361652,0.39095637724775834,0.3988039001233333,0.5101262648389133,0.4345348225979372,0.6825608298616245,0.5866156291562591,0.6239564037171783,0.47547465006204886,0.5167534003174262,0.6653617095666411,0.6722225809435224,0.6831179549034467,0.6401293651099218,0.4345348225979372,0.48779213600032806,0.6782688319732838,0.7025259557006028,0.5752719079872931,0.5167534003174262,0.7000073028194227,0.5401397955187676,0.6770338365268473,0.6014560855027754
25,0.5397943425841588,0.9761493398477994,0.7814179133070243,0.5246071385065172,0.6067933641327173,0.5444942223438171,0.5484172677349418,0.5049734602561853,0.5050824958054599,0.5670010300927083,0.7791042701019688,0.974660781428805,0.5499734062761188,0.9712011726180861,0.6109936130691686,0.5453820507173182,0.5890905520434444,0.7567666278958695,0.630073787445524,0.5126909745164012,0.6123622180314984,0.5493272691859186,0.522601280128596,0.5865507582343282,1.0,0.5893182119955324,0.5124195081750877,0.5187050441808009,0.5857855573556419,0.7767213166744529,0.5043841759035946,0.5407756020193434,0.4993684426905694,0.9695336339390833,0.5468811268774334,0.5490495546091955,0.535807890657133,0.615433940486653,0.6544148831596297,0.7791042701019688,0.9712011726180861,0.5340777641198162,0.6008498990555837,0.5487119879287208,0.969487773184961,0.6201668267582373,0.48106670702310045,0.5487119879287208,0.5206330450746045,0.5964606760641339,0.5113645577146564,0.5432041505322993,0.6501877719713076,0.6793604180728076,0.515650195825684,0.5312674129496624,0.96786903625795,0.7767213166744529,0.5663331229904744,0.5139068825910931,0.5043892487819699,0.8875643023939617,0.9728306649801712,0.5261418875451559,0.5437680203064718,0.6210535821557719,0.5216057138070981,0.5438979594421716,0.695290775036681,0.6544148831596297,0.9727688839037876,0.548680872429458,0.5748960649654629,0.4999337341739627,0.6575634418373469,0.5194178513575054,0.614302367124688,0.543378048875288,0.608613272575809,0.5241005975501586,0.5330439075018669,0.5417196043974529,0.49096135350179243,0.6290756087832677,0.559252873490412,0.5453027810309299,0.535807890657133,0.5441702814128927,0.6079714861630202,0.5183158460151899,0.5394993391033075,0.5241005975501586,0.5459840895138884,0.528525120731155,0.4847129180166572,0.7749663996483586,0.6109936130691686,0.5236004822142304,0.9663595804779278,0.5333567148019945,0.6544148831596297,0.7767213166744529,0.5733974969143235,0.5389248395514404,0.4993684426905694,0.6428734729580629,0.6109936130691686,0.618401632909405,0.514492053892246,0.5322262594843646,0.9549942208623559,0.7767213166744529,0.5335917001965597,0.8984423868255041,0.5261418875451559,0.5109420606517715
26,0.4254688997879548,0.5869376036849397,0.6572863458024087,0.41897735635609457,0.43905544693074566,0.4396663291208217,0.4432071437745057,0.46613037546290553,0.38551397969541606,0.46367320743056134,0.5079360254135207,0.5877473835218936,0.4342572082050174,0.5865884450700305,0.44081846736319186,0.43895520088456275,0.4501072163143845,0.6248665565965799,0.7443704822237511,0.4055536928094614,0.43041371644733206,0.4443219937258265,0.4154498179848288,0.4717822303882263,0.5893182119955324,1.0,0.3888689828598232,0.4132734280566515,0.47097905408914154,0.5066519254639485,0.41496515007154394,0.435699139328926,0.38242084432717677,0.585628610382139,0.44253010773810425,0.4157590504145425,0.43449955612210056,0.46879321031802795,0.48246731199634146,0.5079360254135207,0.5865884450700305,0.5072706659437078,0.4626930162354061,0.4436409094271768,0.5863252904190671,0.7578205151443745,0.35735820645258864,0.4436409094271768,0.41544132736434874,0.5965735577936174,0.3961962212461063,0.41422410027599194,0.4803846024992462,0.6926619598888506,0.4090808837509982,0.46780115031512554,0.5859752337044639,0.5066519254639485,0.4647040938601041,0.45189745129687325,0.38058836697875925,0.5508663720284339,0.5869376036849397,0.4191568751623059,0.42356360167301926,0.7365753525172388,0.41345952332500097,0.437219358057542,0.7272395517433049,0.48246731199634146,0.5494218225082055,0.43067140106747714,0.4463651511613911,0.3830607526722139,0.4835242603750497,0.41117502653021254,0.75112947320142,0.5215245380062973,0.43905544693074566,0.39928295518469903,0.43218194576499785,0.42457042307861065,0.4364805229801188,0.5576263278668753,0.44447612516150914,0.42197972302489223,0.43449955612210056,0.4229165515892625,0.4399343746135913,0.4487716889875014,0.43421857122966745,0.4184114288321029,0.4405165834158285,0.39697138443298785,0.48549674341803506,0.612745497514465,0.44081846736319186,0.41439792757103144,0.5830012933230564,0.40672782874617736,0.48246731199634146,0.5066519254639485,0.4407158014237796,0.4182971695358626,0.38242084432717677,0.4916751113853679,0.44081846736319186,0.7097348131830891,0.4082263621672714,0.43115301542329315,0.5789259799841368,0.5066519254639485,0.4328163942244167,0.5590969149680328,0.4191568751623059,0.39598035203865095
27,0.7285201553822875,0.5063697290729244,0.45561953189261944,0.8212351261202242,0.4399578249736406,0.8483176392970672,0.8420124583192796,0.5344502935442462,0.593978133791028,0.6433884282312587,0.5463711429813125,0.5104120310810119,0.8338963465293505,0.5043557963505416,0.4417171267259748,0.8422152292748655,0.7083352412350993,0.4603030194917169,0.4063050476826824,0.8017737204148644,0.5684672670534133,0.8454551275210757,0.8470100722906143,0.6410664090284937,0.5124195081750877,0.3888689828598232,1.0,0.8277763012371505,0.6388793857148287,0.5463711429813125,0.5667673693222749,0.35708364038319823,0.8010294829869579,0.5043557963505416,0.8332317124807344,0.8066316225063813,0.833014648209781,0.6329376949135743,0.4417171267259748,0.5463711429813125,0.5043557963505416,0.5407513459502185,0.6740537202614761,0.8422152292748655,0.5053460675012367,0.39625750189055686,0.6453981340509857,0.8422152292748655,0.8404704320197278,0.5000017579079489,0.8430248690645485,0.6894336654431044,0.43562395890961747,0.4207855478655218,0.8176963234096539,0.36996419920377993,0.5043557963505416,0.5463711429813125,0.5812696760119977,0.3620391911529915,0.6313757445239897,0.4871537319918064,0.504323551440049,0.8153520868590332,0.6394500362797447,0.40965907790496553,0.8272052024240131,0.8448611265843395,0.43862866329840516,0.4417171267259748,0.5124400588452033,0.7112174433146647,0.6081735321335291,0.7981463819377024,0.4321461304004945,0.8208500504194469,0.407120338029643,0.5321331663918987,0.44083026625551247,0.6635554590840026,0.8389906674220191,0.6724999219457367,0.35756604122133373,0.41084590107122304,0.8487104107200848,0.6166133941871407,0.833014648209781,0.8671834939727623,0.4408348965562926,0.3542688651178781,0.8515938946095355,0.8180846149898209,0.83919820310373,0.3933287950987066,0.3599928228711174,0.46719063020622187,0.4417171267259748,0.8399300959450458,0.5083252086394239,0.7774065566924201,0.4417171267259748,0.5463711429813125,0.7243273952666682,0.8697825477974648,0.7950976539138458,0.6340057440291431,0.4417171267259748,0.39952619619345375,0.783835765000932,0.8446674417706693,0.504538015176313,0.5463711429813125,0.8359914498315039,0.5033214584499122,0.8153520868590332,0.5893215960195196
28,0.754407881122479,0.5123937175021746,0.47115471605673714,0.8797268744849465,0.4349637893736028,0.8531112029665306,0.8367816680888297,0.5620327720305067,0.6457103340649344,0.6505655353671905,0.48770687657941114,0.5172971894846097,0.8184737781157683,0.5137854534633182,0.43663944551812855,0.85118128897218,0.6827678118051572,0.4594448117112449,0.42322861396799133,0.8644894793703589,0.5649690943294813,0.834956455768849,0.9723346638423163,0.6642902265138525,0.5187050441808009,0.4132734280566515,0.8277763012371505,1.0,0.6655244203867927,0.48658817105392416,0.569279481274997,0.3750748657777233,0.8988230604053601,0.5130855798583913,0.8387855770995892,0.8177768410960828,0.8834993494835696,0.6435991483067882,0.4570251649986984,0.48770687657941114,0.5137854534633182,0.5583304144164868,0.6739582104253343,0.8369474701698365,0.5123839821460792,0.4201220801936962,0.6576992571772736,0.8369474701698365,0.9832262770853035,0.513785858099994,0.9106631098934771,0.7115748336746641,0.4507979039550472,0.4353233287142476,0.8812040378964118,0.37958092412776456,0.5123875759880848,0.48658817105392416,0.5842406153063903,0.37775961498947525,0.6556006932518486,0.48637987159779367,0.5130855798583913,0.8822001152390176,0.6233851784709956,0.4323205777439739,0.8840757508765156,0.8552009680871279,0.45631158519433995,0.4570251649986984,0.5137365526875747,0.6920402154995581,0.6258187467771623,0.9024638095367712,0.44763851127542476,0.886275807388077,0.43421875923212927,0.5626605216225556,0.43736400185650653,0.6520336837670321,0.8901679465234268,0.6779491639064832,0.35774250954293163,0.41930396383135315,0.8216816913479941,0.6365374059145277,0.8834993494835696,0.7557821446843537,0.43502658447370557,0.36934252101985177,0.8504456110365035,0.8819944265951131,0.8448607956517858,0.3865789726268448,0.37120719985964445,0.4652660135287219,0.43663944551812855,0.891464526756836,0.5158962652161991,0.7065134099616859,0.4570251649986984,0.48658817105392416,0.6946488075097743,0.754407881122479,0.8988230604053601,0.6134317916098648,0.43663944551812855,0.42475035824552365,0.8556593335270156,0.8970560594199696,0.511052692639655,0.48658817105392416,0.8925546244409028,0.5025856424711196,0.8822001152390176,0.5752343286394236
29,0.646638984172835,0.5808638529346852,0.5451495397414845,0.6736590452813859,0.432476558387681,0.7186566697348549,0.7290747123864094,0.6464700513046489,0.5824559720249528,0.6418489301638393,0.5175964548049549,0.5854852100573418,0.7151784129238417,0.5830344954781427,0.43397347354037635,0.7300472435287144,0.6615866063719636,0.49908666531357826,0.4786000206813764,0.6647628294828226,0.5393925120535918,0.7278700590608151,0.6692952262973941,0.9973652105268553,0.5857855573556419,0.47097905408914154,0.6388793857148287,0.6655244203867927,1.0,0.5162482498333626,0.5817064011744859,0.405272942369444,0.6852119087089092,0.5833552215827675,0.7337347622862768,0.6998902783565456,0.7048813335592797,0.6947797460416993,0.4749359967776511,0.5175964548049549,0.5830344954781427,0.6689991617408448,0.681740719209368,0.7293248012937597,0.5827443054853815,0.4825213322323149,0.5237459316665937,0.7293248012937597,0.6688099360740952,0.6450571515256883,0.7091868664522121,0.6402906007654813,0.4705853275406577,0.4953617729052375,0.659022449207274,0.4183062692392052,0.5836792768446307,0.5162482498333626,0.5804320429751645,0.39743971420065494,0.6052397515621984,0.5272432208461857,0.5821044453048465,0.678311680238702,0.6186724870870464,0.5110825238605113,0.6757980948989585,0.7295614461300365,0.529912529533318,0.4749359967776511,0.5500799614432493,0.6139554699058242,0.6514040023529759,0.6876380261906562,0.47329169127207904,0.6683326381925155,0.5017357440719667,0.6735428581673449,0.4337130288030812,0.5785451192430564,0.6997372183654769,0.6501404818153613,0.3705679260105228,0.45604471412258224,0.7184331593772904,0.6897602568209209,0.7048813335592797,0.6696353539466503,0.4326220907086876,0.40237371500145114,0.7040014227280811,0.6721182157728572,0.7317663169964183,0.39070872361370645,0.3982013489882588,0.5090708599567982,0.43397347354037635,0.6838634884114967,0.5858364365325479,0.625005993930717,0.4749359967776511,0.5162482498333626,0.6665073421130139,0.6734559433838626,0.6852119087089092,0.638908905024974,0.43397347354037635,0.48695768384988275,0.6795731093403906,0.7008709478592549,0.5745312207315734,0.5162482498333626,0.6983649930828685,0.5391658074584904,0.678311680238702,0.6024505750063448
30,0.5017869317207994,0.7625114362179679,0.6315241934383908,0.48966530603922326,0.6755886187591073,0.5052959612191809,0.5089603509381031,0.5140066978551525,0.4740001052081903,0.5371282672384163,0.9964053499814528,0.7731396462628197,0.509429300831755,0.7636836853463806,0.6782830994196897,0.5066519254639485,0.5456876366054113,0.709272183449651,0.5284739678651745,0.48074997538360026,0.6472991282562569,0.5103744583508025,0.48931354043061925,0.5167534003174262,0.7767213166744529,0.5066519254639485,0.5463711429813125,0.48658817105392416,0.5162482498333626,1.0,0.5155916864790244,0.4796351144745175,0.5278881304803538,0.7625114362179679,0.5084938214656388,0.5808881049160212,0.5000908191378152,0.567690996107907,0.6210135758517968,0.9964053499814528,0.7636836853463806,0.4770225003362561,0.5533928309213424,0.5099006702635323,0.7601734436680722,0.5224686817607171,0.5117826009152031,0.5099006702635323,0.48793112022718493,0.5084938214656388,0.5403430733440704,0.5737505432420686,0.611666963001277,0.5593940678019224,0.48402091807088904,0.4846478824687487,0.7613413554042086,1.0,0.5347681013927394,0.48560689694780707,0.5284300943323874,0.80107370197101,0.7625114362179679,0.4907353737380171,0.519834805784325,0.5230026506307087,0.48759168025955507,0.5048488269580825,0.5734091076795316,0.6210135758517968,0.891264667535854,0.512779647757438,0.5488568805103811,0.5284300943323874,0.603410136298395,0.48658817105392416,0.5224686817607171,0.4813223368716848,0.6755886187591073,0.48931354043061925,0.49802554400806304,0.4968156834424439,0.5056982897461462,0.5336022809309686,0.5157455065695351,0.4992573883192074,0.5000908191378152,0.5071087644124415,0.6769333026561342,0.47034721695304554,0.5022170486151222,0.48931354043061925,0.5071087644124415,0.48966530603922326,0.4660738203055953,0.7211544852621622,0.6782830994196897,0.49001953406228216,0.7672134349952079,0.49407830357108773,0.6210135758517968,1.0,0.5318713977285761,0.5017869317207994,0.5278881304803538,0.6050431672314851,0.6782830994196897,0.5214079350782403,0.48190464261109967,0.4968156834424439,0.7636836853463806,1.0,0.49843371733204556,0.8409489480277117,0.4907353737380171,0.4772725235062139
32,0.5503082804799894,0.49915572232645405,0.4688441993327515,0.5684327967394521,0.420461543151541,0.5872039116399294,0.5907618549115101,0.5630925906520583,0.45721760430179215,0.5450291233135859,0.5155916864790244,0.5023317148865123,0.5743989990765289,0.4970781592403214,0.4213911132619302,0.5876736045483069,0.5202462208450233,0.4619299562455376,0.4252146076435964,0.55887665658928,0.4643527415891656,0.5896821044270882,0.5701488475465479,0.5836857686614506,0.5043841759035946,0.41496515007154394,0.5667673693222749,0.569279481274997,0.5817064011744859,0.5155916864790244,1.0,0.361526928294343,0.5574022564853923,0.4970781592403214,0.5937283470082428,0.5858947765415803,0.5932555477213971,0.5098283690183729,0.4213911132619302,0.5155916864790244,0.4970781592403214,0.5497477654257086,0.5486596635446536,0.5912285420936779,0.4980991326515095,0.43016384772637123,0.44595800411611475,0.5912285420936779,0.5697113474613786,0.5298250274893548,0.587585279139041,0.5425309325745893,0.41705090287855684,0.4329453882789327,0.5556839204137879,0.37097478023057884,0.4970781592403214,0.5155916864790244,0.5918125098460174,0.3561893690371202,0.5099159986985714,0.48246225051954106,0.49704364980411064,0.5688532856151738,0.5078567558248362,0.44767839501481876,0.5612691424702817,0.5847429066936275,0.4659962866203316,0.4213911132619302,0.504416311511934,0.5489772977818259,0.5074381871677076,0.5559077557271684,0.41751981046289366,0.554253747097319,0.44589034939117567,0.5565960912052117,0.42112438505903127,0.44926612940331206,0.589211335443709,0.5213681457563227,0.35768685704964165,0.4367040471220286,0.5811633266043389,0.5038498995123339,0.5932555477213971,0.539902364202174,0.42060127661647906,0.3601499541654695,0.5856748312119117,0.5665236865359745,0.5932555477213971,0.3628198440405013,0.38856731401087763,0.47768556671116014,0.4213911132619302,0.5583733951699564,0.5001532306825806,0.49838951025894646,0.4213911132619302,0.5155916864790244,0.5163884257402757,0.5362565546744034,0.5540639325038454,0.5174717469147436,0.4213911132619302,0.43457635873074124,0.5649109920001837,0.5914155376331802,0.4972702857394444,0.5155916864790244,0.5912285420936779,0.48971507660000957,0.5688532856151738,0.4571204515804956
33,0.3819827436534237,0.5426954435443649,0.5180607910746688,0.3786818800568973,0.538443137645769,0.3891592937069806,0.392700331378047,0.3600340136054422,0.3644281784164464,0.40244480075315164,0.4806777884977861,0.5422062084978245,0.3899027221548562,0.5435512459050376,0.5368287901666269,0.39046606586291044,0.4085684675242551,0.45073704796980524,0.4775262351691302,0.37111303421238223,0.3958063121487246,0.3931926226297999,0.3769564054560043,0.4058131938923144,0.5407756020193434,0.435699139328926,0.35708364038319823,0.3750748657777233,0.405272942369444,0.4796351144745175,0.361526928294343,1.0,0.3499523679459593,0.543732827595627,0.39181949806949806,0.3725453555468924,0.38528253415568836,0.4208920895696829,0.6035190498040252,0.4806777884977861,0.5435512459050376,0.4036711790254573,0.4178786886779217,0.3931726211558315,0.5430570718297447,0.4729608341970539,0.34175418772721006,0.3931726211558315,0.3758511857317482,0.43659165348643164,0.35530089747148313,0.3687005397573841,0.6117484480905482,0.5009170108980557,0.37295544296881117,0.37525248723931415,0.5428747492080427,0.4796351144745175,0.4071079570172505,0.38984921725056354,0.3520546300865599,0.4889450318784288,0.543732827595627,0.3791061969752295,0.39106575727599313,0.4626384878043459,0.37550113539683805,0.3887293459006185,0.4812570004919972,0.6035190498040252,0.49724713431194767,0.3899922821582982,0.4068874372899039,0.35006941924228147,0.619767759302643,0.3747674128343704,0.44314517121685826,0.4046277031713007,0.538443137645769,0.3751909824242748,0.3832681516748852,0.38554172828525435,0.6917846493791244,0.4308925450491171,0.39650699576128134,0.38726753351789267,0.38528253415568836,0.3878231344778707,0.5376313057437867,0.8729191972763511,0.3865868096664113,0.37866307582840486,0.3909072929766583,0.3747456846459107,0.5746697347793801,0.45797203390858265,0.5368287901666269,0.37768010864799545,0.5420081967213115,0.3804371328422162,0.6035190498040252,0.4796351144745175,0.4028931154567372,0.38472977122793856,0.3499523679459593,0.43339232575033027,0.5368287901666269,0.4724919602523679,0.37343045011472303,0.38353993579127144,0.5404832828140651,0.4796351144745175,0.38366531627047795,0.4842627201826993,0.3791061969752295,0.37033473431169783
34,0.7245446885734655,0.4934924462244745,0.4438273984484171,0.8843980133584518,0.4228065403330613,0.8332159325154169,0.8332159325154169,0.5535369860716164,0.6318944603725164,0.61626195732156,0.5278881304803538,0.4983113876977953,0.8012021549490959,0.49314667563849024,0.4243304272224503,0.8271947972627133,0.6570734203121003,0.4466828292732507,0.3975824999353955,0.9507262191450934,0.5346337327115096,0.8242182638957428,0.8849435258865853,0.6831179549034467,0.4993684426905694,0.38242084432717677,0.8010294829869579,0.8988230604053601,0.6852119087089092,0.5278881304803538,0.5574022564853923,0.3499523679459593,1.0,0.49314667563849024,0.8183324719921753,0.749096657633243,0.8242182638957428,0.6211690611522093,0.4243304272224503,0.5278881304803538,0.49314667563849024,0.5641102687376726,0.6350892206384143,0.8271947972627133,0.49409346591374986,0.3875522774428119,0.6579073957815265,0.8271947972627133,0.891830975757084,0.49604243282480054,0.9021303714493809,0.6718446903272862,0.41948702382759145,0.41157541083230736,0.9240557742812437,0.3657693354807178,0.49314667563849024,0.5278881304803538,0.5404954272569152,0.3544351794151491,0.6646322057182453,0.4735896229356706,0.4922039243167484,0.8845317571430501,0.623092221319181,0.39925071380237986,0.913026747962638,0.8424202330227234,0.428711745080209,0.4243304272224503,0.5011749689694617,0.6585937141195022,0.5963089788415096,0.9957303349078931,0.41635904885694625,0.9203517414424162,0.3967681650388626,0.5474852534370908,0.42467958902658615,0.6414155421199851,0.830193966725157,0.6722551657894946,0.3504347158064204,0.4035444399959964,0.8212642078900614,0.6392289402841367,0.8242182638957428,0.7787593106439239,0.42296846033538443,0.34712171217791227,0.830193966725157,0.8878477649971537,0.8242182638957428,0.3808756802009209,0.35170716619824377,0.4523198749178851,0.4243304272224503,0.9058111391181873,0.4951463195764656,0.7103762361665856,0.4243304272224503,0.5278881304803538,0.6749781932900657,0.7979381090199168,0.9914841086523578,0.5859588500052101,0.4243304272224503,0.39157131077817575,0.9349903682507621,0.8486734216406978,0.49205089384973755,0.5278881304803538,0.8271947972627133,0.48933305889486595,0.8845317571430501,0.5909569448885215
35,0.5340309591674443,0.9861089598839152,0.7817953897068738,0.5196822992364537,0.5909537752781153,0.5387047003076876,0.5426146832860468,0.502864198080153,0.5013454771268888,0.5612429418372127,0.7648483382977398,0.9811246098749581,0.5441554729922835,0.9982447968813387,0.5949380443211251,0.53959520985576,0.5855217546987255,0.7521936863873557,0.6346588320611397,0.5084186132359878,0.6011261608129541,0.5435276247951619,0.5169511987909248,0.5841318552712851,0.9695336339390833,0.585628610382139,0.5043557963505416,0.5130855798583913,0.5833552215827675,0.7625114362179679,0.4970781592403214,0.543732827595627,0.49314667563849024,1.0,0.54109391766688,0.5417413805770136,0.5300825946740017,0.608121083772634,0.6411810558171064,0.7648483382977398,0.9982447968813387,0.5366012917640209,0.5948734741122627,0.542915433244854,0.9929977879127181,0.6228219694459393,0.4748129075990401,0.542915433244854,0.5149981537392211,0.6011514312120482,0.5042142580120064,0.5372480376038454,0.638399553493564,0.6876876997285496,0.510725776018114,0.524582676982502,0.998242088371654,0.7625114362179679,0.5605611918010706,0.5090088021431305,0.49723632694690895,0.9015352346549363,0.9964926944792717,0.5212182774885789,0.5373111788180484,0.622193617080448,0.5166789076754964,0.5381116587498692,0.6925282290613199,0.6411810558171064,0.970004123144585,0.5429148464816677,0.5681175685171291,0.49371430447055736,0.646883592456406,0.5144944497097274,0.6122908529696047,0.5464839266343247,0.5926537633500781,0.521476283893652,0.5273357089836825,0.536777204056278,0.4905728960007991,0.6288321812302511,0.553383523898375,0.5422522257139586,0.5300825946740017,0.5384048048201059,0.5920841128883502,0.5197890976234252,0.5337449609634127,0.5191753848830797,0.540194074219552,0.5212159400021515,0.48273317304891267,0.7705320615819402,0.5949380443211251,0.5186840097289518,0.9760022639373644,0.530968636106976,0.6411810558171064,0.7625114362179679,0.5675178333538643,0.5340309591674443,0.49314667563849024,0.6354837419509659,0.5949380443211251,0.6209992897049625,0.5109250938634825,0.5265160844890318,0.9450249354841712,0.7625114362179679,0.5278800547385444,0.8865908083679362,0.5212182774885789,0.5066427441338599
36,0.7833230943805998,0.5401910011896179,0.506075844014135,0.8498955630103171,0.4486186554173695,0.9658677237655435,0.960942861649844,0.6117327647694939,0.6101173668033688,0.7085262946579999,0.5097907648912425,0.5454317342238162,0.8787655270364645,0.5418783972973213,0.45043807265989577,0.9840387724818462,0.7409459360264535,0.480364338682372,0.4509099215490248,0.803035386836253,0.5878294128125242,0.9686089631184063,0.8519643327647655,0.735471348854763,0.5468811268774334,0.44253010773810425,0.8332317124807344,0.8387855770995892,0.7337347622862768,0.5084938214656388,0.5937283470082428,0.39181949806949806,0.8183324719921753,0.54109391766688,1.0,0.8592429100903677,0.945445136063712,0.7063326805717722,0.4815711297851958,0.5097907648912425,0.5418783972973213,0.6254521666872933,0.7274350777827863,0.966045602178137,0.5404344385736529,0.4515066152462831,0.6110840096950515,0.966045602178137,0.8474612510913443,0.5739024285916406,0.8944293394574523,0.7269931724937914,0.47470687511103216,0.46276171348391887,0.8177309616344751,0.39963306013686434,0.5403113218492656,0.5084938214656388,0.6385975187689686,0.3961115746381988,0.657889512955546,0.5025051626663055,0.54109391766688,0.8564926504841859,0.6684585437583618,0.4673939452473617,0.8452815706072967,0.9582310693421805,0.49294389070499883,0.4815711297851958,0.5296038011814046,0.7312272538190174,0.6563699012697208,0.8214629348500074,0.4717080156667439,0.8346210126417744,0.46992252611453794,0.6222049967205295,0.4495697796432319,0.6556576288416955,0.9378873326087402,0.7140550153405716,0.36787727912308493,0.4434585570169388,0.8817540348146023,0.6674031358080811,0.945445136063712,0.7881778747957038,0.4495257888794722,0.3865805735678334,0.9480632430525358,0.8477108900480097,0.9919729386468906,0.3918043716367446,0.38958220799780824,0.48788949928622094,0.45043807265989577,0.8606911253805724,0.5451710064339055,0.7116564863822011,0.4815711297851958,0.5084938214656388,0.7392372681678953,0.7833230943805998,0.8183324719921753,0.6705647100513833,0.45043807265989577,0.4558303886925795,0.8112351108954593,0.9256093106213815,0.5374325675213936,0.5084938214656388,0.9354632012299352,0.5205438795520927,0.8564926504841859,0.5995300763321606
37,0.7733907966078132,0.5424718223745394,0.4843375782379145,0.8115567517585285,0.4590295815831268,0.849500983069588,0.849500983069588,0.5820404846335697,0.5849678894492846,0.6653465489903634,0.5808881049160212,0.5481013204919183,0.8723612172540373,0.5417413805770136,0.4608921066446789,0.8496890490463894,0.7501328152274556,0.4917707150964813,0.4349964551577455,0.7656680168509485,0.6079831848395799,0.8590627254266688,0.8299945633453272,0.7022920915000173,0.5490495546091955,0.4157590504145425,0.8066316225063813,0.8177768410960828,0.6998902783565456,0.5808881049160212,0.5858947765415803,0.3725453555468924,0.749096657633243,0.5417413805770136,0.8592429100903677,1.0,0.8528587933141057,0.7120223268694066,0.4608921066446789,0.5808881049160212,0.5417413805770136,0.5791693957526172,0.7479857389576987,0.8558605090951502,0.5429109094518488,0.4227392268039598,0.6132222171897882,0.8558605090951502,0.8238560832888149,0.546732732416144,0.797169386099342,0.7455256557411895,0.45551485818340043,0.44982952455433733,0.7911432559319883,0.38684510268637584,0.5417413805770136,0.5808881049160212,0.6251585302523412,0.37752707840527105,0.6631290890066804,0.5207356937497538,0.5405759340482822,0.8175800900185333,0.6317601316631092,0.4408547097175595,0.8055921703025111,0.8400732628054516,0.46927967751682975,0.4608921066446789,0.5516533379319265,0.7347733237571678,0.632679222956316,0.7517883960146624,0.4523106292547635,0.7940447361843535,0.43385667249351345,0.5789724473376512,0.4600481240531147,0.6415243140850757,0.8465341196572689,0.687374749498998,0.3765586034912718,0.4387170324787163,0.8749742594063483,0.6594415745369511,0.8528587933141057,0.7852892954830185,0.4599582802935216,0.3699769830658815,0.8526732772144155,0.8085671400531117,0.8590627254266688,0.3950767605316223,0.37833458843933276,0.49799118828712774,0.4608921066446789,0.8057945609638674,0.5438573638361963,0.7293744190809269,0.4608921066446789,0.5808881049160212,0.7431486847077956,0.77609040859591,0.749096657633243,0.6712302738503612,0.4608921066446789,0.42809478697173553,0.7599462191408022,0.839880181884563,0.5395687730734513,0.5808881049160212,0.8496890490463894,0.5379893149866714,0.8175800900185333,0.5774017784547237
38,0.7686692573321164,0.5292596477499099,0.49359193021782566,0.8463521880888996,0.4481110291427509,0.932906111565094,0.923531978366531,0.6112751327423436,0.6106453385302292,0.6902652725754792,0.5013266234483074,0.5343738231725177,0.85815556979362,0.5308351486151811,0.4499325883093148,0.9403715768925235,0.7128194535333214,0.4786048119798746,0.44398123789920513,0.8072019041787242,0.5845302902585562,0.9260463729187672,0.8884859862668476,0.7065414656866157,0.535807890657133,0.43449955612210056,0.833014648209781,0.8834993494835696,0.7048813335592797,0.5000908191378152,0.5932555477213971,0.38528253415568836,0.8242182638957428,0.5300825946740017,0.945445136063712,0.8528587933141057,1.0,0.6782487665437783,0.47389552104215366,0.5013266234483074,0.5308351486151811,0.6033945967660942,0.7118465549732813,0.9284127606733558,0.5294068819318958,0.4417646256934031,0.6106248461727788,0.9284127606733558,0.8929403496118042,0.553755566307744,0.9012469048461267,0.7266665367602643,0.46717793334029883,0.45524578936577664,0.8180793084006766,0.3936137815049658,0.5293319163756843,0.5000908191378152,0.6180336108526129,0.3903444215484251,0.6532602569335121,0.5009000163639339,0.5300825946740017,0.8486836989226729,0.6537365904097195,0.45670967185663525,0.8332827064534382,0.925586228154874,0.48135618451605183,0.47389552104215366,0.5280240279068514,0.7209478892309472,0.6499404201421584,0.827386348501188,0.4641246400975152,0.8393939575267627,0.45907574197910617,0.6102764407223792,0.44906269599061344,0.6459358565531568,0.9864014182439677,0.7006416849463443,0.36724013395495436,0.4354184931153628,0.8486438365443233,0.6495335740428101,1.0,0.7735369290746494,0.4490192316915256,0.3802531218618485,0.9253622550414723,0.8441559476720436,0.9428758070579438,0.3899257960449577,0.3847832528301532,0.486084853161589,0.4499325883093148,0.8485556630978158,0.5339514624314634,0.7013304535163553,0.47389552104215366,0.5000908191378152,0.7137051364521558,0.7686692573321164,0.8242182638957428,0.6482546831814925,0.4499325883093148,0.4467048620046683,0.8074817896175672,0.9783492121307095,0.5267872920064631,0.5000908191378152,0.9837245033112583,0.5188660665991707,0.8486836989226729,0.5856439911864347
39,0.6487363908668592,0.6055212500047364,0.5499094329295636,0.658239888781166,0.4857217497315027,0.6903867002169891,0.696822672032421,0.5334082993536744,0.574972234893606,0.6675768851137959,0.5693113710655002,0.6126084970306076,0.7065853229896312,0.6090567507648257,0.4888978556271282,0.7002855092752881,0.7076653415776145,0.5194422578255232,0.4827551304075101,0.635418238623455,0.606567685141222,0.7013086592202051,0.6543682810199655,0.6962556887680568,0.615433940486653,0.46879321031802795,0.6329376949135743,0.6435991483067882,0.6947797460416993,0.567690996107907,0.5098283690183729,0.4208920895696829,0.6211690611522093,0.608121083772634,0.7063326805717722,0.7120223268694066,0.6782487665437783,1.0,0.5256929762348549,0.5693113710655002,0.6090567507648257,0.5621204282246189,0.7915815799159973,0.6998088814315064,0.6062556251637706,0.4818382117888562,0.5327135434138193,0.6998088814315064,0.6489484926267717,0.5877744437083512,0.6439576027424249,0.6521002579601894,0.5192223769950267,0.500086052137801,0.6451015407616595,0.42468033723612997,0.6071873746391823,0.567690996107907,0.6181673703429437,0.4258832151402151,0.6195840894425173,0.5563546366123403,0.608121083772634,0.6598588563876212,0.6496147599350333,0.5051888460547743,0.6626082508863159,0.6943105207520954,0.5303617944191721,0.5256929762348549,0.5938769836177766,0.6545630053859326,0.6695669957132182,0.6230501547014227,0.5145919689558557,0.6534248923610013,0.4997468303008585,0.567791642507089,0.48811475886450595,0.5996937807643604,0.6711257238360948,0.6643664081703593,0.3945762478356029,0.46879772292709515,0.7096541558755194,0.6968141589941823,0.6782487665437783,0.6803325408613218,0.4867048131942107,0.41400679673116525,0.6854826482549954,0.6568653037070529,0.7045627854359576,0.41380513056090784,0.40823922520303013,0.5304621696981955,0.4888978556271282,0.6672744684798214,0.610552735270093,0.6402387836955508,0.5256929762348549,0.567690996107907,0.692358085329606,0.6813834961546456,0.6246551717968993,0.6941093210360175,0.4888978556271282,0.4874095563779049,0.6382559453017312,0.6694621038667355,0.6038802150632521,0.567690996107907,0.6725414959977553,0.5740659844703878,0.6598588563876212,0.5885521940009871
41,0.46362587478461287,0.6440660291512471,0.5764679236736312,0.46195881382708487,0.986779662288649,0.4767743264409512,0.48215734598728616,0.41957320395323566,0.4347634147598218,0.498060048135268,0.622856845002811,0.6514391992308102,0.4788015212563736,0.6421487429241864,1.0,0.47925294850538536,0.5002220875146315,0.5285334504860713,0.5016448204295625,0.44873415692467666,0.477965676563894,0.48311628761354675,0.46016024076446055,0.47547465006204886,0.6544148831596297,0.48246731199634146,0.4417171267259748,0.4570251649986984,0.4749359967776511,0.6210135758517968,0.4213911132619302,0.6035190498040252,0.4243304272224503,0.6411810558171064,0.4815711297851958,0.4608921066446789,0.47389552104215366,0.5256929762348549,1.0,0.622856845002811,0.6421487429241864,0.4452563208771618,0.5194814011239296,0.4833377788035374,0.6406796614102775,0.4989911499786921,0.411511790443328,0.4833377788035374,0.45889599752829036,0.4725817820089885,0.43515187278151934,0.4460490069001763,0.9764613672714823,0.5271394313306905,0.4528314233483654,0.44244048317920315,0.6402153392659474,0.6210135758517968,0.4963668100170197,0.46501766388313953,0.4303852703923007,0.5670154459392127,0.6426182009419114,0.4621011257669522,0.49132439061633765,0.49336647463934796,0.4565631685249256,0.47697749276202306,0.5306071185343293,1.0,0.6086442751851765,0.4760390571116331,0.5135146146335103,0.4242094178913989,0.9435072284090853,0.45580108576062356,0.48854583378414096,0.4501142559975685,0.986779662288649,0.45144001006410334,0.4711729153222169,0.4603200439194828,0.5209986338079975,0.48424701672095316,0.4880800936116138,0.46135429645283643,0.47389552104215366,0.47826687495769954,0.9900669337007242,0.5610625913078715,0.4743913364359032,0.46146918355955396,0.47982848996782457,0.4470581103627093,0.4861692604679903,0.5406251231277546,1.0,0.4598341991083374,0.6450636120660521,0.4582503830335149,1.0,0.6210135758517968,0.4992338699205439,0.4730983815984155,0.4237244151274755,0.5450755271862248,1.0,0.4958620528130739,0.4509598642765435,0.4717781679616415,0.6450428244662301,0.6210135758517968,0.4717120427639476,0.5928243861515906,0.4621011257669522,0.4422050672393873
42,0.5030356375092426,0.7648483382977398,0.6334077341301365,0.49081347789391677,0.6755886187591073,0.5065704196173686,0.510260503233663,0.5140066978551525,0.4749654977107395,0.5385978793714848,1.0,0.7755110257114101,0.5107326612367337,0.7660244003404472,0.6782830994196897,0.5079360254135207,0.5472020133899473,0.709272183449651,0.5298956704299578,0.4818059548792279,0.6472991282562569,0.5116842327710239,0.4904584453166874,0.5181048043210461,0.7791042701019688,0.5079360254135207,0.5463711429813125,0.48770687657941114,0.5175964548049549,0.9964053499814528,0.5155916864790244,0.4806777884977861,0.5278881304803538,0.7648483382977398,0.5097907648912425,0.5808881049160212,0.5013266234483074,0.5693113710655002,0.622856845002811,1.0,0.7660244003404472,0.4780317423762642,0.5549456544230791,0.5112072380369014,0.7625027331882962,0.52385524959338,0.5117826009152031,0.5112072380369014,0.4890629398420294,0.5097907648912425,0.5403430733440704,0.5737505432420686,0.6134736041574245,0.5609757930855642,0.48511330369727856,0.48574685994773914,0.7636744489975389,0.9964053499814528,0.536224934776617,0.4867157472033655,0.5284300943323874,0.80107370197101,0.7648483382977398,0.49189333638740956,0.5212053951888733,0.5243924133519555,0.48872022410505117,0.5061200696974497,0.5750553352422065,0.622856845002811,0.891264667535854,0.5141054452697089,0.5503872660934133,0.5284300943323874,0.605183698706999,0.48770687657941114,0.52385524959338,0.4823849553510431,0.6755886187591073,0.4904584453166874,0.4992451953414142,0.49802562809666484,0.5056982897461462,0.535052726057385,0.5170905120392475,0.5004867350422577,0.5013266234483074,0.5083960764695825,0.6769333026561342,0.4712476415912211,0.5034689770353847,0.4904584453166874,0.5083960764695825,0.49081347789391677,0.46662092142865497,0.7211544852621622,0.6782830994196897,0.49117097118680525,0.7695656154442416,0.49526555236493575,0.622856845002811,0.9964053499814528,0.5333122614458757,0.5030356375092426,0.5278881304803538,0.6068233295231082,0.6782830994196897,0.5227881123938404,0.48297389112941835,0.49802562809666484,0.7660244003404472,0.9964053499814528,0.4996566016896974,0.8409489480277117,0.49189333638740956,0.4782851199758475
43,0.5347981468887917,0.9844102043778392,0.7831502535618127,0.5204089592511365,0.5909537752781153,0.5394853831307411,0.543404860079918,0.502864198080153,0.5013994592268614,0.5620568335588634,0.7660244003404472,0.979457880458516,0.5449513648079398,1.0,0.5949380443211251,0.5403769544072561,0.5864134456597484,0.7521936863873557,0.6357412318033279,0.5084407610066678,0.6011261608129541,0.5443188403951115,0.5176645303483616,0.583808181635158,0.9712011726180861,0.5865884450700305,0.5043557963505416,0.5137854534633182,0.5830344954781427,0.7636836853463806,0.4970781592403214,0.5435512459050376,0.49314667563849024,0.9982447968813387,0.5418783972973213,0.5417413805770136,0.5308351486151811,0.6090567507648257,0.6421487429241864,0.7660244003404472,1.0,0.5364518321857478,0.595785875692595,0.5437049642643786,0.9912684055331453,0.6238771597159557,0.4748129075990401,0.5437049642643786,0.5157047569545989,0.6007408749518934,0.5042142580120064,0.5372480376038454,0.6393710712190601,0.6869690105727378,0.5114198513495025,0.5253465313338603,0.996492699269449,0.7636836853463806,0.5613766132580595,0.5096883188086115,0.49723632694690895,0.9015352346549363,0.9982447968813387,0.5219500093986524,0.5380545467582278,0.6232459305058154,0.5173954247404723,0.5388906535630046,0.6937148733552349,0.6421487429241864,0.970004123144585,0.5436984110246205,0.5689382092179712,0.49371430447055736,0.6463789312312226,0.5152020311135713,0.6133123050816666,0.5462912796105323,0.5926537633500781,0.5214335181385156,0.5280798752713778,0.5375679191660792,0.4905728960007991,0.6298881706435095,0.5542055395166733,0.5430614042419138,0.5308351486151811,0.5391802470896365,0.5920841128883502,0.5197173586172571,0.5345098664286397,0.5199003543609674,0.5409775044711888,0.5211753973625592,0.4828855236146271,0.7705320615819402,0.5949380443211251,0.5194045829027094,0.9776969157889772,0.5308792176640945,0.6421487429241864,0.7636836853463806,0.5683660372999138,0.5347981468887917,0.49314667563849024,0.6364550780883932,0.5949380443211251,0.6220504674605835,0.510933270475622,0.5272591362338142,0.9434924301255119,0.7636836853463806,0.5286258982442409,0.8865908083679362,0.5219500093986524,0.5066685670188739
44,0.5650310717834569,0.5356187251528501,0.5397272184683855,0.5696754840469048,0.4097939084442823,0.615343912544249,0.6269142951131643,0.7535347521952671,0.4783458765638341,0.5735754041876491,0.4780317423762642,0.5353609737661356,0.5962206821918379,0.5364518321857478,0.41146606667334673,0.6222037524978338,0.5495049984970571,0.4884056207229051,0.5093308393343846,0.556605429235316,0.47349852073413246,0.6261343140819071,0.5617655708123289,0.6706015940054741,0.5340777641198162,0.5072706659437078,0.5407513459502185,0.5583304144164868,0.6689991617408448,0.4770225003362561,0.5497477654257086,0.4036711790254573,0.5641102687376726,0.5366012917640209,0.6254521666872933,0.5791693957526172,0.6033945967660942,0.5621204282246189,0.4452563208771618,0.4780317423762642,0.5364518321857478,1.0,0.5523696659633301,0.6272544629841341,0.5369090479068668,0.5208395040832734,0.43649621395893756,0.6272544629841341,0.5633290114074413,0.7533020828962976,0.5913756109652283,0.5392642023897266,0.44191724564709856,0.5124691594102859,0.5527943275264481,0.4020921469030472,0.5367536938765063,0.4770225003362561,0.5275499148738585,0.3940593564823198,0.4982960077896787,0.4958569941114193,0.5356187251528501,0.5690330573465132,0.5089083992090061,0.5324522717327709,0.5642777034368788,0.6139179129478061,0.5480954270487471,0.4452563208771618,0.500521470629296,0.5263971641280701,0.5207073094012339,0.5660249342719023,0.44436838741745366,0.5561663716998961,0.5461328974232552,0.8792461777519974,0.4105227943189076,0.4884319107123608,0.5989106423757298,0.5502753206942974,0.37281986787915644,0.4652627014973908,0.6045269789743439,0.5513436396619015,0.6033945967660942,0.552645779659612,0.41044100582621007,0.4084728084140367,0.6030078358340069,0.5683974339931254,0.623656674833494,0.36999945074058477,0.4317731009305152,0.4988687325135923,0.41146606667334673,0.5687139736428072,0.5331625272694575,0.5171551828407854,0.4452563208771618,0.4770225003362561,0.5396228691225113,0.5503914584696992,0.5641102687376726,0.5435640383787813,0.41146606667334673,0.523843109596019,0.5660708619777896,0.5972087350836164,0.5298035354490386,0.4770225003362561,0.5978635914958906,0.4917505723084566,0.5690330573465132,0.5022822032412223
45,0.6735134935441565,0.592407764578861,0.5378102062572927,0.6845440144829147,0.486372136512389,0.7103858205931678,0.7142757190761013,0.5321676445703988,0.5650205112279258,0.6624802355028216,0.5549456544230791,0.6006107614808376,0.7306865770332819,0.595785875692595,0.48716183296525045,0.7209899867749858,0.7192482972013801,0.5259281351333176,0.47496947321337396,0.6572832093880058,0.605972981520806,0.7190258304600549,0.6886051401427302,0.6832023208402079,0.6008498990555837,0.4626930162354061,0.6740537202614761,0.6739582104253343,0.681740719209368,0.5533928309213424,0.5486596635446536,0.4178786886779217,0.6350892206384143,0.5948734741122627,0.7274350777827863,0.7479857389576987,0.7118465549732813,0.7915815799159973,0.5194814011239296,0.5549456544230791,0.595785875692595,0.5523696659633301,1.0,0.7174377515938906,0.5930545042596534,0.4739688939925547,0.5447419986936642,0.7174377515938906,0.6798491698689231,0.5636051042305812,0.6666800744497628,0.6862556105420646,0.5119989537696985,0.49053487038036697,0.6650433002005034,0.41612104706757563,0.5939630163335005,0.5533928309213424,0.6318895023431422,0.4155788498291539,0.5989593855554493,0.5602817437228662,0.5948734741122627,0.6862714516601738,0.6490311212643856,0.4934775062940197,0.683870901238004,0.7117103546963633,0.5212610876036015,0.5194814011239296,0.5930578947509798,0.6900974953463942,0.6816568693760633,0.6370630030409254,0.5102412330603617,0.6794031817269438,0.48825214732347555,0.5525679632888069,0.48761094296033103,0.6366079745124863,0.7040130505709625,0.6881613086223316,0.3953297596097721,0.46292191593042165,0.7189640850896132,0.6727287111646768,0.7118465549732813,0.7255768320495718,0.4861547261881136,0.41170604774113223,0.708087217509285,0.6830495375931539,0.7225940365750771,0.4093874249126491,0.40830213441080104,0.5341134239295121,0.48716183296525045,0.69163722593446,0.5998000776348271,0.6750754620993725,0.5194814011239296,0.5533928309213424,0.7346648439725517,0.7182006106696505,0.6387675444653618,0.6991462257758504,0.48716183296525045,0.47742141468086957,0.6603263651440389,0.7022257188451754,0.5908769515463748,0.5533928309213424,0.7055700912743884,0.576592801973147,0.6862714516601738,0.6107856641976378
46,0.7745902633774504,0.5419997529313926,0.5071144359561688,0.8480059023003584,0.44646630558910894,0.9684777655667837,0.99465729057224,0.6053867620093939,0.6094094266317182,0.6959759735036182,0.5112072380369014,0.547260283519884,0.894443204641821,0.5437049642643786,0.44826243842548924,0.9710890909503186,0.7460172174512641,0.4764796454747702,0.45289127020730424,0.801372115240558,0.5857513754926887,0.9973273099010169,0.8458320766581705,0.7310429869476743,0.5487119879287208,0.4436409094271768,0.8422152292748655,0.8369474701698365,0.7293248012937597,0.5099006702635323,0.5912285420936779,0.3931726211558315,0.8271947972627133,0.542915433244854,0.966045602178137,0.8558605090951502,0.9284127606733558,0.6998088814315064,0.4833377788035374,0.5112072380369014,0.5437049642643786,0.6272544629841341,0.7174377515938906,1.0,0.5422586346611538,0.4535472203596874,0.6161620062327913,1.0,0.8455800324999062,0.5754618798101349,0.9046947794903165,0.7337249143416544,0.47642701246949226,0.4646807857625774,0.8159985783554619,0.4000749139166891,0.5421277876011428,0.5099006702635323,0.6354617643498721,0.39659205862738195,0.650961975458264,0.500105805774456,0.542915433244854,0.8545701853063694,0.6648751944859481,0.46965894703802574,0.8350692637206589,0.965904572359814,0.4940720211924696,0.4833377788035374,0.5272421651500703,0.7268261890201803,0.6555665272326398,0.8303819055657956,0.4734388365528049,0.8328052845472562,0.4711001485686476,0.6239832019083642,0.4473903628478367,0.6602640822282625,0.9210389051594139,0.7097616260874442,0.36619718309859156,0.44369833121076985,0.8973901738247534,0.663705786441029,0.9284127606733558,0.7903195321637427,0.44736179850683666,0.3879772181322707,0.9506361949288958,0.8458320766581705,0.9685428862436857,0.3929406761641505,0.39127255414784723,0.48388340301871124,0.44826243842548924,0.8501868518668406,0.5470255848204455,0.7168026594687988,0.4833377788035374,0.5099006702635323,0.7380085866950415,0.7891500175946677,0.8271947972627133,0.6745745588824441,0.44826243842548924,0.457944247579258,0.8095315222842557,0.91854349401479,0.539195626966195,0.5099006702635323,0.9186959913282208,0.5180354606781467,0.8545701853063694,0.6036562332998533
47,0.5333602627148651,0.9929977879127181,0.7838566943576081,0.5189893528424452,0.5922098380693718,0.538040873602646,0.5419570194828496,0.5039362420490133,0.5000083656913986,0.5596208181999198,0.7625027331882962,0.9810959624210647,0.5434996486296556,0.9912684055331453,0.5962100201415179,0.5389331071899298,0.5837441678441099,0.7508263830221522,0.6357348004798762,0.5077081060265708,0.602486854080974,0.5428717268133326,0.5162553206733187,0.583522051728157,0.969487773184961,0.5863252904190671,0.5053460675012367,0.5123839821460792,0.5827443054853815,0.7601734436680722,0.4980991326515095,0.5430570718297447,0.49409346591374986,0.9929977879127181,0.5404344385736529,0.5429109094518488,0.5294068819318958,0.6062556251637706,0.6406796614102775,0.7625027331882962,0.9912684055331453,0.5369090479068668,0.5930545042596534,0.5422586346611538,1.0,0.6238101565198905,0.47560359494348425,0.5422586346611538,0.5142993869772,0.6019834465037508,0.5052210983684409,0.5384057832796079,0.6378915850539579,0.6891388277293639,0.5100199977196707,0.5247302431463596,0.991254957913205,0.7601734436680722,0.5609456477505099,0.5089579440566233,0.4982191780821918,0.903876800088566,0.9895313079322152,0.5205275868474828,0.5358300342234107,0.6231751110167073,0.5159815479241414,0.5374469607893257,0.6939890202040472,0.6406796614102775,0.9724682629003113,0.5422597508060174,0.5664819441119215,0.4946647424754283,0.6463818446131481,0.5137942297223734,0.6131873237800564,0.5468783726158074,0.593918776371308,0.5200085674966108,0.5266559378751884,0.5361061111161147,0.49065496956110916,0.6298464562352717,0.5527407878878506,0.5406395680424542,0.5294068819318958,0.5368595648221691,0.5933436406113779,0.5190809703662185,0.533074248103491,0.5184816938402895,0.5395328521967236,0.5189893528424452,0.48243544531674565,0.7690735249380919,0.5962100201415179,0.5179903261438586,0.9726219347884667,0.5294329201721149,0.6406796614102775,0.7601734436680722,0.5658271493224171,0.5325022261798753,0.49409346591374986,0.6335470058749528,0.5962100201415179,0.621974191457197,0.5102179189192659,0.5258347125393793,0.9417933007459125,0.7601734436680722,0.5272010881712464,0.8888161200535227,0.5205275868474828,0.5059277345384012
48,0.43510508638021583,0.6228219694459393,0.7140498294912231,0.426456373340698,0.4518014157191578,0.44866521940133486,0.4531258173035968,0.47983657065368224,0.3945978601913745,0.4724162852324741,0.52385524959338,0.6185641075392023,0.4447856951911367,0.6238771597159557,0.4546767461580179,0.44882647344438636,0.4627430446065144,0.6551063511333588,0.8286189255016173,0.41194011904046174,0.43964940452294926,0.4542332285068346,0.4229591049556088,0.48333436679063113,0.6201668267582373,0.7578205151443745,0.39625750189055686,0.4201220801936962,0.4825213322323149,0.5224686817607171,0.43016384772637123,0.4729608341970539,0.3875522774428119,0.6228219694459393,0.4515066152462831,0.4227392268039598,0.4417646256934031,0.4818382117888562,0.4989911499786921,0.52385524959338,0.6238771597159557,0.5208395040832734,0.4739688939925547,0.4535472203596874,0.6238101565198905,1.0,0.3659979072835631,0.4535472203596874,0.42224251941106156,0.6250522563016919,0.4006088813590128,0.42237322404896044,0.49531838843777926,0.7808789991019986,0.4153639602475155,0.46866752001294015,0.6233141307131776,0.5224686817607171,0.48430346825957615,0.46376021798365125,0.39061146040329675,0.5936805505771023,0.6243721359715342,0.42662449123385626,0.43199990687211065,0.8052459447947307,0.42100039876831563,0.4470924234041599,0.7642956432890969,0.4989911499786921,0.5775189283634246,0.4363718736807422,0.45938710600853616,0.3881559478786263,0.5001753386842024,0.41874294689168673,0.7484206311806203,0.5370896593669988,0.4527984453581164,0.40888266640168364,0.43948303521897536,0.43431920970307014,0.4679497085060055,0.5881318359778768,0.4542624773446186,0.43469372833581776,0.4417646256934031,0.4309076295744634,0.452729075490293,0.494297597848955,0.4432012636567066,0.4258981013522743,0.45041519361999505,0.40593637568642305,0.5291885162918329,0.6479450886207191,0.4546767461580179,0.42261061344433454,0.617878536540411,0.4165559772296015,0.4989911499786921,0.5224686817607171,0.4500186912625257,0.4270225237023456,0.3875522774428119,0.49875186101440677,0.4546767461580179,0.8529924812030075,0.4145267791636097,0.4376228685907769,0.6032950485308605,0.5224686817607171,0.4401089650271438,0.591802185697307,0.42662449123385626,0.4065679932953867
49,0.589001238838144,0.47573682805802026,0.4185783633218097,0.6354350752759057,0.4102230116439708,0.6196163997070097,0.6157153240647666,0.4330438136598049,0.6869463437636835,0.519298245614035,0.5117826009152031,0.4799719436598358,0.6320097304374436,0.4748129075990401,0.411511790443328,0.6161620062327913,0.5799375550396285,0.42326315946304327,0.37261643760644136,0.6546415766979279,0.5043964138535149,0.6183296366994598,0.6540378106430846,0.5225888250896267,0.48106670702310045,0.35735820645258864,0.6453981340509857,0.6576992571772736,0.5237459316665937,0.5117826009152031,0.44595800411611475,0.34175418772721006,0.6579073957815265,0.4748129075990401,0.6110840096950515,0.6132222171897882,0.6106248461727788,0.5327135434138193,0.411511790443328,0.5117826009152031,0.4748129075990401,0.43649621395893756,0.5447419986936642,0.6161620062327913,0.47560359494348425,0.3659979072835631,1.0,0.6161620062327913,0.6536655225659858,0.4100223903011769,0.6373524508965336,0.56598575732878,0.4067779038140193,0.3880233766804737,0.6628419837589357,0.35546844011952294,0.4748129075990401,0.5117826009152031,0.465372536278969,0.3646417413952484,0.5900618205406757,0.4540208894287259,0.47402631154200736,0.6358067792306715,0.5447866741422654,0.36661430721905885,0.652224212868861,0.6209303771883454,0.39649415954997597,0.411511790443328,0.4818624870060616,0.5538075313807531,0.5109994323766803,0.6558016130738742,0.4024960471577913,0.6562915776317381,0.3650815488883866,0.43072087427666295,0.411315709510787,0.6966145887480091,0.61400475470067,0.5438107035379631,0.34051403301370464,0.3864280901869232,0.636529052763927,0.5371059110535729,0.6106248461727788,0.6599521340247307,0.4105266989628614,0.33846658039928507,0.6218035723980672,0.6373524508965336,0.6144556020276392,0.36402694032482913,0.3383698162720783,0.4280663624707969,0.411511790443328,0.6614447380630585,0.4762072112568619,0.6967179026858764,0.411511790443328,0.5117826009152031,0.5764138619383816,0.6604633985773696,0.6579073957815265,0.5319844931647503,0.411511790443328,0.3672558030694028,0.6408509678873965,0.6244772812382974,0.4756086617192365,0.5117826009152031,0.6161620062327913,0.4693208860109238,0.6358067792306715,0.5501925585200392
50,0.7745902633774504,0.5419997529313926,0.5071144359561688,0.8480059023003584,0.44646630558910894,0.9684777655667837,0.99465729057224,0.6053867620093939,0.6094094266317182,0.6959759735036182,0.5112072380369014,0.547260283519884,0.894443204641821,0.5437049642643786,0.44826243842548924,0.9710890909503186,0.7460172174512641,0.4764796454747702,0.45289127020730424,0.801372115240558,0.5857513754926887,0.9973273099010169,0.8458320766581705,0.7310429869476743,0.5487119879287208,0.4436409094271768,0.8422152292748655,0.8369474701698365,0.7293248012937597,0.5099006702635323,0.5912285420936779,0.3931726211558315,0.8271947972627133,0.542915433244854,0.966045602178137,0.8558605090951502,0.9284127606733558,0.6998088814315064,0.4833377788035374,0.5112072380369014,0.5437049642643786,0.6272544629841341,0.7174377515938906,1.0,0.5422586346611538,0.4535472203596874,0.6161620062327913,1.0,0.8455800324999062,0.5754618798101349,0.9046947794903165,0.7337249143416544,0.47642701246949226,0.4646807857625774,0.8159985783554619,0.4000749139166891,0.5421277876011428,0.5099006702635323,0.6354617643498721,0.39659205862738195,0.650961975458264,0.500105805774456,0.542915433244854,0.8545701853063694,0.6648751944859481,0.46965894703802574,0.8350692637206589,0.965904572359814,0.4940720211924696,0.4833377788035374,0.5272421651500703,0.7268261890201803,0.6555665272326398,0.8303819055657956,0.4734388365528049,0.8328052845472562,0.4711001485686476,0.6239832019083642,0.4473903628478367,0.6602640822282625,0.9210389051594139,0.7097616260874442,0.36619718309859156,0.44369833121076985,0.8973901738247534,0.663705786441029,0.9284127606733558,0.7903195321637427,0.44736179850683666,0.3879772181322707,0.9506361949288958,0.8458320766581705,0.9685428862436857,0.3929406761641505,0.39127255414784723,0.48388340301871124,0.44826243842548924,0.8501868518668406,0.5470255848204455,0.7168026594687988,0.4833377788035374,0.5099006702635323,0.7380085866950415,0.7891500175946677,0.8271947972627133,0.6745745588824441,0.44826243842548924,0.457944247579258,0.8095315222842557,0.91854349401479,0.539195626966195,0.5099006702635323,0.9186959913282208,0.5180354606781467,0.8545701853063694,0.6036562332998533
52,0.7619333116355379,0.5142900199098629,0.4732674314550417,0.8939635348396625,0.4361954609033073,0.862035536665338,0.8454225442585883,0.5658192154461403,0.6462414725783969,0.6536523259544984,0.4890629398420294,0.5192213642131899,0.8309301828772345,0.5157047569545989,0.43788669629522786,0.8600610870620479,0.6916979891569974,0.46091865720972613,0.4246326354887474,0.8692912862932765,0.5708285759513921,0.8435544183827747,0.9778111035633753,0.6675651996920327,0.5206330450746045,0.41544132736434874,0.8404704320197278,0.9832262770853035,0.6688099360740952,0.48793112022718493,0.5697113474613786,0.3758511857317482,0.891830975757084,0.5149981537392211,0.8474612510913443,0.8238560832888149,0.8929403496118042,0.6489484926267717,0.45889599752829036,0.4890629398420294,0.5157047569545989,0.5633290114074413,0.6798491698689231,0.8455800324999062,0.5142993869772,0.42224251941106156,0.6536655225659858,0.8455800324999062,1.0,0.5177764874461029,0.9180295281637963,0.7213411372289877,0.45260586979528555,0.43735459462766757,0.8860947084730713,0.3800038093786903,0.5142934206674566,0.48793112022718493,0.589030702066145,0.3788169288195896,0.6646659107668155,0.4877682148770605,0.5149981537392211,0.8917424843616292,0.6239104260738583,0.4347241647829078,0.8984576452730283,0.8641615655778325,0.4586784387511058,0.45889599752829036,0.5151086936002783,0.6985607198030973,0.6263250957001988,0.8954267838522271,0.44945788731423975,0.8959366432886026,0.4357872966028686,0.5676694148191558,0.4386491421546472,0.658235241670321,0.8997354895504972,0.6874765011306968,0.3586776859504132,0.4206191485929988,0.8341060886885376,0.6424100588188184,0.8929403496118042,0.7668670003243016,0.43624830603457343,0.3701343179502404,0.8593671894918364,0.8915528360278383,0.8536419400600473,0.38733689904669155,0.3725591759193606,0.4667661726903349,0.43788669629522786,0.9011569620939117,0.517835760275344,0.7134386650097639,0.45889599752829036,0.48793112022718493,0.7040219511718021,0.7655490985518468,0.891830975757084,0.6159887683887114,0.43788669629522786,0.426999606775514,0.860393138530504,0.9067432891434682,0.5129070951738134,0.48793112022718493,0.9021529891164182,0.504030982805209,0.8917424843616292,0.5828210023613439
53,0.5290735791825537,0.6011514312120482,0.6385260311225718,0.5263175073602852,0.4286569684413481,0.5676096620709278,0.5751014061098724,0.6519053509436974,0.4526809198255843,0.5745481687517145,0.5097907648912425,0.5975855631611698,0.5491042255708176,0.6007408749518934,0.43079730740463723,0.5691447919919789,0.5487339587615402,0.5782569093758951,0.6054493560463693,0.5035169339883528,0.48473140199716513,0.5766651427594123,0.5201188348718883,0.646494062284209,0.5964606760641339,0.5965735577936174,0.5000017579079489,0.513785858099994,0.6450571515256883,0.5084938214656388,0.5298250274893548,0.43659165348643164,0.49604243282480054,0.6011514312120482,0.5739024285916406,0.546732732416144,0.553755566307744,0.5877744437083512,0.4725817820089885,0.5097907648912425,0.6007408749518934,0.7533020828962976,0.5636051042305812,0.5754618798101349,0.6019834465037508,0.6250522563016919,0.4100223903011769,0.5754618798101349,0.5177764874461029,1.0,0.5225337405040352,0.5255293173811434,0.46956704544197214,0.6155452810967194,0.5059816082780593,0.44296533956172457,0.6015656173981057,0.5084938214656388,0.5569609045950698,0.4258355606777666,0.4783631911782839,0.5723530501395254,0.6011514312120482,0.5259355452615389,0.49947463630750566,0.6561995942845561,0.5167732850271397,0.5644482689534895,0.6560635282972198,0.4725817820089885,0.5519241664248504,0.5188502925140728,0.5282789774456327,0.4974823442925405,0.4740535900525946,0.5121296775753955,0.6445443253469978,0.7581816868587417,0.42989844871345395,0.46973906180479236,0.548144628843854,0.5235125155202784,0.39924371465558356,0.5248061366546675,0.5657463513928094,0.5314494974585693,0.553755566307744,0.5180716189519557,0.42941009260783053,0.44492980611301547,0.5575177118866439,0.5252827184041482,0.5723499558003592,0.3884570390208852,0.4754640013619632,0.5892320534223706,0.43079730740463723,0.522153046765826,0.5967616747309069,0.4902984932713823,0.4725817820089885,0.5084938214656388,0.5312289928581566,0.5157905998942875,0.49604243282480054,0.5639480808762981,0.43079730740463723,0.6367511567360483,0.5106492692701841,0.5466922594001662,0.5924514748003142,0.5084938214656388,0.5473777931989401,0.5583406427492991,0.5259355452615389,0.48106773680828757
54,0.7501077051885451,0.5052694610778443,0.45739830694645484,0.8821964134739465,0.43272486294355084,0.9116697036796122,0.9116697036796122,0.5799070665435726,0.5939823433563105,0.6554556703490019,0.5403430733440704,0.5103336393748087,0.8679894785489382,0.5042142580120064,0.43515187278151934,0.9046947794903165,0.6914954630568627,0.4621606422819675,0.4103543534250726,0.9171045057063753,0.5573396801984513,0.9012469048461267,0.9108775589099964,0.7117530428815919,0.5113645577146564,0.3961962212461063,0.8430248690645485,0.9106631098934771,0.7091868664522121,0.5403430733440704,0.587585279139041,0.35530089747148313,0.9021303714493809,0.5042142580120064,0.8944293394574523,0.797169386099342,0.9012469048461267,0.6439576027424249,0.43515187278151934,0.5403430733440704,0.5042142580120064,0.5913756109652283,0.6666800744497628,0.9046947794903165,0.5052210983684409,0.4006088813590128,0.6373524508965336,0.9046947794903165,0.9180295281637963,0.5225337405040352,1.0,0.6992704600663644,0.4293120867287368,0.42384501307058114,0.9065822784810127,0.3746214692215319,0.5042142580120064,0.5403430733440704,0.5748602143675166,0.36001936995301476,0.6568855915410345,0.48594261505873293,0.5032114529979939,0.8823309791232382,0.632133479823467,0.41651057306997286,0.9031487904860579,0.9223330609752812,0.44465187335778106,0.43515187278151934,0.5134003010574847,0.6984245712624746,0.6221260932258041,0.9058021224608876,0.42649084945803917,0.903040033191877,0.41373693722267924,0.5801359559761601,0.43425425026988235,0.6427546853322256,0.9081689790331612,0.6776161703635183,0.3569360663511824,0.4140242153696522,0.8773319837350133,0.6405935936364026,0.9012469048461267,0.8129218655206207,0.4335492961138742,0.3525278753627616,0.9081689790331612,0.8786919924982446,0.9012469048461267,0.3817545974480148,0.3593802717157107,0.4681153642470799,0.43515187278151934,0.9104540979015926,0.5062493020772904,0.720649814211027,0.43515187278151934,0.5403430733440704,0.7067107571140375,0.8271985135356003,0.9021303714493809,0.6211023182895601,0.43515187278151934,0.4043921808384363,0.9095830311985516,0.9295783545720371,0.5034137521955245,0.5403430733440704,0.9046947794903165,0.5022325524496911,0.8823309791232382,0.5856493838160012
55,0.7222534926962956,0.5380126332948448,0.48351418907229654,0.7017073503873247,0.44518571090607995,0.723800761025513,0.7285788566268028,0.5305022804771017,0.5505230930912302,0.6636467497689582,0.5737505432420686,0.5436065538300093,0.7524267262401082,0.5372480376038454,0.4460490069001763,0.7288978788541439,0.7440183833180519,0.4869725466493639,0.43130135920233026,0.6816821485483306,0.5913999273665026,0.7314642572415626,0.7216356713726075,0.6424090012518248,0.5432041505322993,0.41422410027599194,0.6894336654431044,0.7115748336746641,0.6402906007654813,0.5737505432420686,0.5425309325745893,0.3687005397573841,0.6718446903272862,0.5372480376038454,0.7269931724937914,0.7455256557411895,0.7266665367602643,0.6521002579601894,0.4460490069001763,0.5737505432420686,0.5372480376038454,0.5392642023897266,0.6862556105420646,0.7337249143416544,0.5384057832796079,0.42237322404896044,0.56598575732878,0.7337249143416544,0.7213411372289877,0.5255293173811434,0.6992704600663644,1.0,0.4411037610140166,0.44508534359047475,0.6986853671400387,0.3901111914836413,0.5372480376038454,0.5737505432420686,0.5906047039097205,0.3752786786382198,0.6177739754298279,0.5174875492035723,0.5360943710732146,0.7020062221737062,0.574138730864077,0.43144083583056614,0.7060309676105273,0.7257076707678589,0.46843641556944743,0.4460490069001763,0.5457338371864068,0.7286439859963075,0.6105833420712313,0.6741480538038582,0.438451072736787,0.696551132463967,0.4340003056821101,0.5426104006574299,0.44676870244826666,0.5850599581942866,0.7215942474484337,0.6686154068232496,0.37138477227922145,0.43833294293146596,0.7538807221861797,0.6337635708840461,0.7266665367602643,0.6777592795071756,0.44523253169006805,0.3658065899506826,0.7263433895712703,0.6992704600663644,0.7266665367602643,0.3948491871829365,0.37250339851511033,0.4973321469639685,0.4460490069001763,0.706322001001753,0.5393634840871022,0.6443616985192415,0.4460490069001763,0.5737505432420686,0.6921247101108849,0.6783619903258695,0.6761952179612349,0.6262061454480253,0.4460490069001763,0.4279249642954571,0.685572302443328,0.7159222325624861,0.533917636521565,0.5737505432420686,0.7241245030121068,0.5333470027874603,0.7020062221737062,0.5654423708756275
56,0.45868132506217885,0.6412867669082849,0.574511765992273,0.4561887897682928,0.9736459558036368,0.47005567840619,0.47527758850150087,0.4158679397286626,0.43026059038016246,0.49112099940251924,0.6134736041574245,0.6486936336800307,0.4720923472989246,0.6393710712190601,0.9736980221032585,0.4724506967160764,0.4933732294732734,0.5243035803737445,0.49893321792083273,0.4433157822469687,0.47207308277906884,0.4762274532425177,0.45384377894411854,0.4711215696180982,0.6501877719713076,0.4803846024992462,0.43562395890961747,0.4507979039550472,0.4705853275406577,0.611666963001277,0.41705090287855684,0.6117484480905482,0.41948702382759145,0.638399553493564,0.47470687511103216,0.45551485818340043,0.46717793334029883,0.5192223769950267,0.9764613672714823,0.6134736041574245,0.6393710712190601,0.44191724564709856,0.5119989537696985,0.47642701246949226,0.6378915850539579,0.49531838843777926,0.4067779038140193,0.47642701246949226,0.45260586979528555,0.46956704544197214,0.4293120867287368,0.4411037610140166,1.0,0.5246914845219701,0.4473128511555335,0.43866679454408225,0.637430012349479,0.611666963001277,0.4902643452311005,0.4619037541795404,0.42526137499086103,0.5645581202819141,0.6398377998234352,0.45635247189990846,0.48429259724172785,0.4905712022494743,0.4509731605505356,0.47023723540196677,0.5282030549647572,0.9764613672714823,0.6046820066945959,0.4695543692141184,0.5071090887521357,0.4193851763984916,0.9531864461563325,0.4496463949895826,0.4857035717633824,0.4468347892479396,0.9609032994838609,0.4456644194985476,0.4645333927974133,0.45538295975070764,0.5268869430989515,0.482830900567857,0.4819041264101602,0.45585596305269116,0.46717793334029883,0.47152349476376254,0.9768989922908938,0.5674647765580431,0.46770708483616474,0.45571065084536183,0.47301073850660486,0.4424453354688362,0.48548845637164545,0.5363535324111913,0.9736980221032585,0.45355927188686695,0.6408516902998622,0.45275961177989754,0.9764613672714823,0.611666963001277,0.49212988940824287,0.4664666139431837,0.41891420370589505,0.5375587910677279,0.9736980221032585,0.49218652539483204,0.44546730896954106,0.4650745276842042,0.6422674251035281,0.611666963001277,0.4650569064677019,0.5887515817246857,0.45635247189990846,0.43659045988813416
57,0.4519540283145501,0.6876876997285496,0.7776981153932252,0.4406754470706002,0.48818156689074343,0.46094733038136165,0.4642805917473527,0.479990776541671,0.41016282946216054,0.48443234284361314,0.5609757930855642,0.6813821250965862,0.45974798007284295,0.6869690105727378,0.49027305960763107,0.46024220987176867,0.48029007459181816,0.7556939598041602,0.8590681791561173,0.4274987699778231,0.47343981616530834,0.46532608176400164,0.43803245008155445,0.49614427586814347,0.6793604180728076,0.6926619598888506,0.4207855478655218,0.4353233287142476,0.4953617729052375,0.5593940678019224,0.4329453882789327,0.5009170108980557,0.41157541083230736,0.6876876997285496,0.46276171348391887,0.44982952455433733,0.45524578936577664,0.500086052137801,0.5271394313306905,0.5609757930855642,0.6869690105727378,0.5124691594102859,0.49053487038036697,0.4646807857625774,0.6891388277293639,0.7808789991019986,0.3880233766804737,0.4646807857625774,0.43735459462766757,0.6155452810967194,0.42384501307058114,0.44508534359047475,0.5246914845219701,1.0,0.4301386463375024,0.4776183365888207,0.688410966053947,0.5593940678019224,0.4936837244230761,0.46875919055900994,0.4130527244372332,0.6775651795535035,0.6876876997285496,0.440832359443289,0.4452986849972648,0.7295123838617823,0.43482321722393646,0.45860871708261153,0.7702051762959216,0.5271394313306905,0.6510631634285203,0.45518496266907177,0.4688936540068612,0.41219403144856076,0.5297590033706112,0.43334337362546216,0.7079705280202032,0.5252704120363948,0.48818156689074343,0.4275801202652596,0.45225832444878206,0.4504999250803386,0.5197444610762918,0.6173602349341314,0.46982823961850917,0.45003574831446336,0.45524578936577664,0.4469110016740711,0.48922472712734844,0.5132917170111038,0.45577746594555063,0.44014466756913895,0.4617316512930503,0.4280244547438477,0.5013829140689092,0.7453550856689776,0.49027305960763107,0.436345498451347,0.6792542837341998,0.43539971260840366,0.5271394313306905,0.5593940678019224,0.46692663793946315,0.44385870684305034,0.41157541083230736,0.520432117460522,0.49027305960763107,0.7975715536896202,0.42997770116050343,0.45211384730549825,0.6633024106041843,0.5593940678019224,0.45285013882364233,0.6762152573831732,0.440832359443289,0.4229309923838237
58,0.7501249489277196,0.5093818977493926,0.4677809115916292,0.9030334440511386,0.42902734372647844,0.8356154595776859,0.815812982463685,0.5486656378213574,0.647559088468762,0.6343688165427348,0.48511330369727856,0.5142470333246467,0.8301351790408491,0.5114198513495025,0.4306156205828396,0.8255044269760787,0.681898989126638,0.4531048000333625,0.4178185959523138,0.9691761628993087,0.5565994654345695,0.818098507748492,0.8723591458389701,0.6578092420225701,0.515650195825684,0.4090808837509982,0.8176963234096539,0.8812040378964118,0.659022449207274,0.48402091807088904,0.5556839204137879,0.37295544296881117,0.9240557742812437,0.510725776018114,0.8177309616344751,0.7911432559319883,0.8180793084006766,0.6451015407616595,0.4528314233483654,0.48511330369727856,0.5114198513495025,0.5527943275264481,0.6650433002005034,0.8159985783554619,0.5100199977196707,0.4153639602475155,0.6628419837589357,0.8159985783554619,0.8860947084730713,0.5059816082780593,0.9065822784810127,0.6986853671400387,0.4473128511555335,0.4301386463375024,1.0,0.3777395788568973,0.5100335710912333,0.48402091807088904,0.5728211056317531,0.3747030200140508,0.6476100181717627,0.48040964352646204,0.510725776018114,0.9055841717109198,0.6298497325749215,0.42606223650839925,0.9377649899413621,0.8376343637119075,0.45253917215332007,0.4528314233483654,0.5078276725216866,0.6881498461265688,0.6087036469506589,0.9278638815573562,0.4441313694995883,0.9559974100837825,0.4286339416716003,0.550740076541156,0.43113434824952585,0.6596311816795458,0.827977466473902,0.6830509253725854,0.35477875283777865,0.4155586278841979,0.809226785697033,0.6381901657129296,0.8180793084006766,0.7694470800028254,0.42914374569526864,0.36654453890438526,0.8456664870592524,0.9054166815547816,0.8235457298058744,0.38382186227405124,0.36753940617430636,0.45880680135079094,0.4306156205828396,0.9303084002203922,0.5142130909880509,0.7187614824976116,0.4528314233483654,0.48402091807088904,0.6937939120471119,0.7830608234348833,0.9316250405449238,0.6104190988082833,0.4306156205828396,0.41967143965471787,0.9169017965274114,0.8298318109757682,0.5087499856411146,0.48402091807088904,0.8301455695571054,0.49635569119789136,0.9055841717109198,0.5882203071243659
59,0.3904769950473616,0.524582676982502,0.5123984127507684,0.38015827764727345,0.41894302130715827,0.39676987591651713,0.3996088804315262,0.3779750927149209,0.36484643474918316,0.42048365922139125,0.48574685994773914,0.5281164786166562,0.3937537364756438,0.5253465313338603,0.42057952211696265,0.397700702362162,0.40995602498467937,0.49330612269912333,0.46708230773385595,0.3762932086307528,0.4091599290380888,0.40005532644859826,0.38044892227312355,0.41891174508875706,0.5312674129496624,0.46780115031512554,0.36996419920377993,0.37958092412776456,0.4183062692392052,0.4846478824687487,0.37097478023057884,0.37525248723931415,0.3657693354807178,0.524582676982502,0.39963306013686434,0.38684510268637584,0.3936137815049658,0.42468033723612997,0.44244048317920315,0.48574685994773914,0.5253465313338603,0.4020921469030472,0.41612104706757563,0.4000749139166891,0.5247302431463596,0.46866752001294015,0.35546844011952294,0.4000749139166891,0.3800038093786903,0.44296533956172457,0.3746214692215319,0.3901111914836413,0.43866679454408225,0.4776183365888207,0.3777395788568973,1.0,0.5246550947060927,0.4846478824687487,0.4181969294496387,0.43028168679394135,0.3616499697658076,0.49585612061990947,0.524582676982502,0.3809161383823791,0.3975172151722111,0.46350688878046514,0.37964127159754385,0.3953377182993652,0.48894043563137873,0.44244048317920315,0.5189143618612494,0.4009856355248847,0.4212503601099121,0.3662137654424232,0.43545737814689056,0.37923574633503343,0.4638590170694389,0.411443237522194,0.41966525943890537,0.37392694845264035,0.3922926685656272,0.38359671287828556,0.35535195441580286,0.48890314723594847,0.39705792462478623,0.3848899231489199,0.3936137815049658,0.3875221931216654,0.41957402013266265,0.37032284723203895,0.3930676004126932,0.38012135335303665,0.39817956281171485,0.39665812735119665,0.3705712099537576,0.5017551785398136,0.42057952211696265,0.3811805822762093,0.52513933440901,0.37690698512721277,0.44244048317920315,0.4846478824687487,0.40246825759591065,0.3840461650041519,0.3657693354807178,0.4510202555612146,0.42057952211696265,0.47067188720640313,0.3777234807176415,0.3909411284187895,0.5228721397755465,0.4846478824687487,0.3922672883332853,0.5155439175791259,0.3809161383823791,0.36899185078231567
60,0.5332656514382402,0.984386314080575,0.7828232390685014,0.5189575127968491,0.5909537752781153,0.5379259011479078,0.5418263925653308,0.502864198080153,0.5006759824900596,0.5614341161002752,0.7636744489975389,0.9794266981923001,0.5433614696042754,0.996492699269449,0.5949380443211251,0.538815348792702,0.5846319947668253,0.7521936863873557,0.6351948167662504,0.5077296947235456,0.6011261608129541,0.5427382951084663,0.5162397379248463,0.5844588657237146,0.96786903625795,0.5859752337044639,0.5043557963505416,0.5123875759880848,0.5836792768446307,0.7613413554042086,0.4970781592403214,0.5428747492080427,0.49314667563849024,0.998242088371654,0.5403113218492656,0.5417413805770136,0.5293319163756843,0.6071873746391823,0.6402153392659474,0.7636744489975389,0.996492699269449,0.5367536938765063,0.5939630163335005,0.5421277876011428,0.991254957913205,0.6233141307131776,0.4748129075990401,0.5421277876011428,0.5142934206674566,0.6015656173981057,0.5042142580120064,0.5372480376038454,0.637430012349479,0.688410966053947,0.5100335710912333,0.5246550947060927,1.0,0.7613413554042086,0.5597476579503518,0.5089821200331475,0.49723632694690895,0.9015352346549363,0.9947436918156455,0.5204884198670157,0.5365696738184781,0.6226824381751476,0.5159642629914063,0.5373345471120196,0.6932563377365577,0.6402153392659474,0.970004123144585,0.5421331634553886,0.5672988127682236,0.49371430447055736,0.6458761619662833,0.5137887394413868,0.6127372327732256,0.5466796209938984,0.5926537633500781,0.5207414861772567,0.5265934166891028,0.5359883806867477,0.4905728960007991,0.629337379201161,0.5525634068957592,0.5414449461886813,0.5293319163756843,0.5376312432538515,0.5920841128883502,0.5198636009608147,0.5329819344381553,0.5184522887596626,0.5394125279567848,0.5204833541115979,0.48258314489532783,0.7705320615819402,0.5949380443211251,0.5179653084580613,0.9743106038658734,0.5301998343807574,0.6402153392659474,0.7613413554042086,0.5666715366487324,0.5332656514382402,0.49314667563849024,0.6359419557222814,0.5949380443211251,0.6214848181293494,0.5102255247469117,0.5257749070188183,0.9434076898430842,0.7613413554042086,0.5271360855391172,0.8865908083679362,0.5204884198670157,0.505953000932266
61,0.5017869317207994,0.7625114362179679,0.6315241934383908,0.48966530603922326,0.6755886187591073,0.5052959612191809,0.5089603509381031,0.5140066978551525,0.4740001052081903,0.5371282672384163,0.9964053499814528,0.7731396462628197,0.509429300831755,0.7636836853463806,0.6782830994196897,0.5066519254639485,0.5456876366054113,0.709272183449651,0.5284739678651745,0.48074997538360026,0.6472991282562569,0.5103744583508025,0.48931354043061925,0.5167534003174262,0.7767213166744529,0.5066519254639485,0.5463711429813125,0.48658817105392416,0.5162482498333626,1.0,0.5155916864790244,0.4796351144745175,0.5278881304803538,0.7625114362179679,0.5084938214656388,0.5808881049160212,0.5000908191378152,0.567690996107907,0.6210135758517968,0.9964053499814528,0.7636836853463806,0.4770225003362561,0.5533928309213424,0.5099006702635323,0.7601734436680722,0.5224686817607171,0.5117826009152031,0.5099006702635323,0.48793112022718493,0.5084938214656388,0.5403430733440704,0.5737505432420686,0.611666963001277,0.5593940678019224,0.48402091807088904,0.4846478824687487,0.7613413554042086,1.0,0.5347681013927394,0.48560689694780707,0.5284300943323874,0.80107370197101,0.7625114362179679,0.4907353737380171,0.519834805784325,0.5230026506307087,0.48759168025955507,0.5048488269580825,0.5734091076795316,0.6210135758517968,0.891264667535854,0.512779647757438,0.5488568805103811,0.5284300943323874,0.603410136298395,0.48658817105392416,0.5224686817607171,0.4813223368716848,0.6755886187591073,0.48931354043061925,0.49802554400806304,0.4968156834424439,0.5056982897461462,0.5336022809309686,0.5157455065695351,0.4992573883192074,0.5000908191378152,0.5071087644124415,0.6769333026561342,0.47034721695304554,0.5022170486151222,0.48931354043061925,0.5071087644124415,0.48966530603922326,0.4660738203055953,0.7211544852621622,0.6782830994196897,0.49001953406228216,0.7672134349952079,0.49407830357108773,0.6210135758517968,1.0,0.5318713977285761,0.5017869317207994,0.5278881304803538,0.6050431672314851,0.6782830994196897,0.5214079350782403,0.48190464261109967,0.4968156834424439,0.7636836853463806,1.0,0.49843371733204556,0.8409489480277117,0.4907353737380171,0.4772725235062139
62,0.6351305907409484,0.5605611918010706,0.5375454768298409,0.5994859584981221,0.46102138290836947,0.6291671440027494,0.6327705149216755,0.5306054052909903,0.49651997188689395,0.6645758671681088,0.536224934776617,0.5659051628378099,0.6156455784163654,0.5613766132580595,0.462820862956535,0.6331837670754811,0.6500792638131694,0.5051637015820012,0.4839398975680901,0.5623771667054921,0.5495445516775228,0.6368135768641319,0.5938865062510449,0.5815886596609166,0.5663331229904744,0.4647040938601041,0.5812696760119977,0.5842406153063903,0.5804320429751645,0.5347681013927394,0.5918125098460174,0.4071079570172505,0.5404954272569152,0.5605611918010706,0.6385975187689686,0.6251585302523412,0.6180336108526129,0.6181673703429437,0.4963668100170197,0.536224934776617,0.5613766132580595,0.5275499148738585,0.6318895023431422,0.6354617643498721,0.5609456477505099,0.48430346825957615,0.465372536278969,0.6354617643498721,0.589030702066145,0.5569609045950698,0.5748602143675166,0.5906047039097205,0.4902643452311005,0.4936837244230761,0.5728211056317531,0.4181969294496387,0.5597476579503518,0.5347681013927394,1.0,0.43543154962483716,0.5016656245835939,0.5237917209554075,0.5605611918010706,0.601010779993527,0.5621229188567597,0.49825012242404093,0.5836085675296165,0.6278365710188418,0.5233119750590163,0.4963668100170197,0.5501234357254449,0.6156797878576595,0.6083138585701741,0.5420445654500227,0.4857745226147207,0.5821458777444196,0.4999339965678215,0.547417572069644,0.46198823529411764,0.5210298273353794,0.6161409476229704,0.5663081166209143,0.37845598332869174,0.49452809227787364,0.623428191084865,0.5285539275277523,0.6180336108526129,0.5840205562760276,0.4619185841539944,0.401743539456848,0.6245800699800295,0.5982462808573075,0.6345309557096382,0.39940557642526564,0.40793165613383753,0.5227060340442646,0.462820862956535,0.5835602168222948,0.5628186993793385,0.5458175724203974,0.4963668100170197,0.5347681013927394,0.6048939101856076,0.5721253223219729,0.5404954272569152,0.6464081014011609,0.462820862956535,0.48731694677495735,0.5668586409795618,0.6077743894872173,0.5574182384756712,0.5347681013927394,0.617437086829894,0.5366267301274686,0.601010779993527,0.48424705478883584
63,0.38927534355661064,0.510326653183796,0.48800824208735655,0.3822345909941147,0.4251510119167108,0.3930164083741777,0.3961250785527987,0.3644007324231898,0.36514794308050286,0.41886652038709943,0.4867157472033655,0.5125176364998536,0.39158576051779936,0.5096883188086115,0.42679451422182524,0.394326087740168,0.40956500505808074,0.4521088041669681,0.45575939251657505,0.3726149603627125,0.40230991337824834,0.3966100882527395,0.3802015997326183,0.3978785051318568,0.5139068825910931,0.45189745129687325,0.3620391911529915,0.37775961498947525,0.39743971420065494,0.48560689694780707,0.3561893690371202,0.38984921725056354,0.3544351794151491,0.5090088021431305,0.3961115746381988,0.37752707840527105,0.3903444215484251,0.4258832151402151,0.46501766388313953,0.4867157472033655,0.5096883188086115,0.3940593564823198,0.4155788498291539,0.39659205862738195,0.5089579440566233,0.46376021798365125,0.3646417413952484,0.39659205862738195,0.3788169288195896,0.4258355606777666,0.36001936995301476,0.3752786786382198,0.4619037541795404,0.46875919055900994,0.3747030200140508,0.43028168679394135,0.5089821200331475,0.48560689694780707,0.43543154962483716,1.0,0.354660725056609,0.4654259685994304,0.5096635867068252,0.38265260394750633,0.3932367221158891,0.45016685393344547,0.3773887673231218,0.3921836205911881,0.4830239369250361,0.46501766388313953,0.4877027016119268,0.3980102775414638,0.4126125995339958,0.35467858520137246,0.4580442392025824,0.3772062347383555,0.47605457894901176,0.3988244963016462,0.4251510119167108,0.3763208406113703,0.38905857803852784,0.3886240426552984,0.3594052678019047,0.5434744751523751,0.39739066328088346,0.38172717210597373,0.3903444215484251,0.3842915160773501,0.4259701728467118,0.38738070855505785,0.39044406631631257,0.38186007955038065,0.3947682581633343,0.37470847134624985,0.3923300563626107,0.4548967877216125,0.42679451422182524,0.37838689971820993,0.508511611362366,0.37758193003131624,0.46501766388313953,0.48560689694780707,0.39985582649949963,0.38148927093234736,0.3544351794151491,0.4379851348671439,0.42679451422182524,0.4730408902449297,0.3737982862117949,0.3874268099183054,0.5077620314352405,0.48560689694780707,0.3894780603953286,0.479099749807224,0.38265260394750633,0.3675149437075702
64,0.6413050598621264,0.49745634275883727,0.440063891816263,0.6548949485918641,0.42871530411042014,0.6547556387313098,0.6505533993419875,0.5179332551603477,0.597863665438392,0.5562684569461854,0.5284300943323874,0.5024125452352232,0.6549395204183864,0.49723632694690895,0.4303852703923007,0.6551603280552678,0.6031854015766938,0.4446778544317395,0.39735552556992426,0.6482635620116702,0.5264543152346719,0.6532602569335121,0.6694462313074278,0.6073044835016682,0.5043892487819699,0.38058836697875925,0.6313757445239897,0.6556006932518486,0.6052397515621984,0.5284300943323874,0.5099159986985714,0.3520546300865599,0.6646322057182453,0.49723632694690895,0.657889512955546,0.6631290890066804,0.6532602569335121,0.6195840894425173,0.4303852703923007,0.5284300943323874,0.49723632694690895,0.4982960077896787,0.5989593855554493,0.650961975458264,0.4982191780821918,0.39061146040329675,0.5900618205406757,0.650961975458264,0.6646659107668155,0.4783631911782839,0.6568855915410345,0.6177739754298279,0.42526137499086103,0.4130527244372332,0.6476100181717627,0.3616499697658076,0.49723632694690895,0.5284300943323874,0.5016656245835939,0.354660725056609,1.0,0.4750268025798547,0.496257517889284,0.6552454572040564,0.5545205852721099,0.3968106548630597,0.6588913990320288,0.6562787187198148,0.4261480926503735,0.4303852703923007,0.5053835144102531,0.5928289340754211,0.5518701556157206,0.6625325740758614,0.42316186521112786,0.6542082377050805,0.3964537649876931,0.5019971223864422,0.4310464794766539,0.5387488120693752,0.6528513943695955,0.620321965620099,0.3551304813909082,0.4022294893538604,0.6728253137294204,0.6172262524801587,0.6532602569335121,0.6134847073554337,0.4287982690856639,0.3493488998652896,0.6528513943695955,0.6525695402457873,0.6532602569335121,0.37783447658613806,0.3555506882550166,0.45295867925818256,0.4303852703923007,0.6548949485918641,0.4992659180945038,0.5865655405584678,0.4303852703923007,0.5284300943323874,0.5830453595074921,0.6173809945414931,0.6601578194558282,0.5476494927835592,0.4303852703923007,0.39493087256649884,0.6519581245411893,0.6601704329121576,0.49754019678425726,0.5284300943323874,0.6551603280552678,0.4890281260250516,0.6552454572040564,0.5747200481405333
65,0.5049081384111985,0.904089997383797,0.765654363224594,0.4846396402765798,0.5632173331781734,0.499680900932447,0.499680900932447,0.49248708195884217,0.45895834930478063,0.519835483475996,0.80107370197101,0.8916054438154883,0.5074543516152505,0.9015352346549363,0.5670154459392127,0.500105805774456,0.5293986151550546,0.7495239759189559,0.6191590888628793,0.47748794022088586,0.5771160066585383,0.5009000163639339,0.4891789568853478,0.5282282083526375,0.8875643023939617,0.5508663720284339,0.4871537319918064,0.48637987159779367,0.5272432208461857,0.80107370197101,0.48246225051954106,0.4889450318784288,0.4735896229356706,0.9015352346549363,0.5025051626663055,0.5207356937497538,0.5009000163639339,0.5563546366123403,0.5670154459392127,0.80107370197101,0.9015352346549363,0.4958569941114193,0.5602817437228662,0.500105805774456,0.903876800088566,0.5936805505771023,0.4540208894287259,0.500105805774456,0.4877682148770605,0.5723530501395254,0.48594261505873293,0.5174875492035723,0.5645581202819141,0.6775651795535035,0.48040964352646204,0.49585612061990947,0.9015352346549363,0.80107370197101,0.5237917209554075,0.4654259685994304,0.4750268025798547,1.0,0.9036637780009811,0.48600078613906744,0.4974830633447538,0.581754624373061,0.4842706423056895,0.49733819471705787,0.6641366676810531,0.5670154459392127,0.8855658474894897,0.5145490074041678,0.5178211998972889,0.47416967370876717,0.5746019818719768,0.48198472116551316,0.5693562526654978,0.5145016070575757,0.5647969052224371,0.47372945581232256,0.499317171169951,0.5024192653739266,0.48289866844594004,0.624400270152531,0.501699802230479,0.48903060064566,0.5009000163639339,0.4918223607631148,0.5643148587075338,0.4734710409072499,0.499317171169951,0.4839674881361109,0.5009000163639339,0.46661582351778097,0.45909666913227715,0.7724733064835404,0.5670154459392127,0.4836704009767237,0.890881693238995,0.48631356136046566,0.5670154459392127,0.80107370197101,0.5208473436449227,0.48646322709894046,0.4735896229356706,0.5896797729813775,0.5670154459392127,0.5927119321673857,0.47682699589037597,0.49580434788748706,0.8845464159271691,0.80107370197101,0.500105805774456,0.8610237064594453,0.48600078613906744,0.46332327245650234
66,0.5340309591674443,0.9861089598839152,0.7841820386305395,0.5196822992364537,0.5913928541261931,0.5387047003076876,0.5426146832860468,0.5017962338916361,0.5007319025997643,0.5612429418372127,0.7648483382977398,0.9777654767678857,0.5441554729922835,0.9982447968813387,0.5954004284691605,0.53959520985576,0.5855217546987255,0.7535722011590441,0.636280118539712,0.5077538051555374,0.5997696967403439,0.5435276247951619,0.5169511987909248,0.5828762985051356,0.9728306649801712,0.5869376036849397,0.504323551440049,0.5130855798583913,0.5821044453048465,0.7625114362179679,0.49704364980411064,0.543732827595627,0.4922039243167484,0.9964926944792717,0.54109391766688,0.5405759340482822,0.5300825946740017,0.608121083772634,0.6426182009419114,0.7648483382977398,0.9982447968813387,0.5356187251528501,0.5948734741122627,0.542915433244854,0.9895313079322152,0.6243721359715342,0.47402631154200736,0.542915433244854,0.5149981537392211,0.6011514312120482,0.5032114529979939,0.5360943710732146,0.6398377998234352,0.6876876997285496,0.510725776018114,0.524582676982502,0.9947436918156455,0.7625114362179679,0.5605611918010706,0.5096635867068252,0.496257517889284,0.9036637780009811,1.0,0.5212182774885789,0.5373111788180484,0.6237375578446721,0.5166789076754964,0.5381116587498692,0.6944462505921585,0.6426182009419114,0.9675464287043478,0.5429148464816677,0.5681175685171291,0.4927679050465898,0.646883592456406,0.5144944497097274,0.6137613977556405,0.5454285361814044,0.5931043412315262,0.5207007531854455,0.5273357089836825,0.536777204056278,0.48958148213968367,0.6288321812302511,0.553383523898375,0.5422522257139586,0.5300825946740017,0.5384048048201059,0.5925290571853854,0.5197890976234252,0.5337449609634127,0.5191753848830797,0.540194074219552,0.5204448404042886,0.48273317304891267,0.7720022952214289,0.5954004284691605,0.5186840097289518,0.9793631295473874,0.5301125082726671,0.6426182009419114,0.7625114362179679,0.5675178333538643,0.5340309591674443,0.4922039243167484,0.6354837419509659,0.5954004284691605,0.6225387982491046,0.5102356795332551,0.5265160844890318,0.9450249354841712,0.7625114362179679,0.5278800547385444,0.8885773856168472,0.5212182774885789,0.5059807890196542
67,0.76268851824517,0.5196940360025305,0.47924708071748257,0.9860985408351294,0.433009475109039,0.8712971970114827,0.8587181404685724,0.5649542479699431,0.6530868187988881,0.6494728780805633,0.49189333638740956,0.5247165256128119,0.8481185577679348,0.5219500093986524,0.43541564575335134,0.8605269287971187,0.7041776893056392,0.4590243568080154,0.42897459036566904,0.8931162644610794,0.5618933179383215,0.8567856344475724,0.8919278940128864,0.6770338365268473,0.5261418875451559,0.4191568751623059,0.8153520868590332,0.8822001152390176,0.678311680238702,0.4907353737380171,0.5688532856151738,0.3791061969752295,0.8845317571430501,0.5212182774885789,0.8564926504841859,0.8175800900185333,0.8486836989226729,0.6598588563876212,0.4621011257669522,0.49189333638740956,0.5219500093986524,0.5690330573465132,0.6862714516601738,0.8545701853063694,0.5205275868474828,0.42662449123385626,0.6358067792306715,0.8545701853063694,0.8917424843616292,0.5259355452615389,0.8823309791232382,0.7020062221737062,0.45635247189990846,0.440832359443289,0.9055841717109198,0.3809161383823791,0.5204884198670157,0.4907353737380171,0.601010779993527,0.38265260394750633,0.6552454572040564,0.48600078613906744,0.5212182774885789,1.0,0.6299338799532057,0.4396759615544532,0.9182240289563238,0.8779314830963308,0.4653887518003511,0.4621011257669522,0.5144198959185713,0.7056178838657767,0.6180914154842185,0.8880954956904324,0.4532280388671477,0.9255783293154702,0.4407980099713396,0.5733750888986651,0.43530198632798967,0.6592718637696987,0.8548071696894699,0.7071228252449979,0.35795181640812623,0.42526788580660146,0.8512452097891817,0.6461699514612286,0.8486836989226729,0.7712202985911544,0.4338282821298331,0.3727873937972173,0.8820929399115995,0.9833467412304764,0.8627710759361272,0.38845755261636594,0.37648356190533283,0.4648523523152663,0.43541564575335134,0.9062989978157255,0.5241564245810055,0.7143312214632075,0.4621011257669522,0.4907353737380171,0.710954333959058,0.7735911009466794,0.8845317571430501,0.6190686834614801,0.43541564575335134,0.43246501744418236,0.8932807315742268,0.8611712966415467,0.518183801103873,0.4907353737380171,0.8570508201755355,0.5022252082922671,1.0,0.5887831319555691
68,0.6078437930060014,0.5356723058297892,0.4883797468010134,0.6282853868056976,0.4613260654820704,0.6528605008294657,0.6619189081241011,0.4728462324771381,0.5454077390523385,0.6441828293578404,0.5212053951888733,0.5423591503001998,0.6555083943044683,0.5380545467582278,0.4621693962610548,0.6651833763567887,0.6420207803119489,0.4686348797726207,0.43186664334380453,0.6323412279983198,0.5275019329466379,0.6636935407325677,0.6244445168604462,0.6176997474158508,0.5437680203064718,0.42356360167301926,0.6394500362797447,0.6233851784709956,0.6186724870870464,0.519834805784325,0.5078567558248362,0.39106575727599313,0.623092221319181,0.5373111788180484,0.6684585437583618,0.6317601316631092,0.6537365904097195,0.6496147599350333,0.49132439061633765,0.5212053951888733,0.5380545467582278,0.5089083992090061,0.6490311212643856,0.6648751944859481,0.5358300342234107,0.43199990687211065,0.5447866741422654,0.6648751944859481,0.6239104260738583,0.49947463630750566,0.632133479823467,0.574138730864077,0.48429259724172785,0.4452986849972648,0.6298497325749215,0.3975172151722111,0.5365696738184781,0.519834805784325,0.5621229188567597,0.3932367221158891,0.5545205852721099,0.4974830633447538,0.5373111788180484,0.6299338799532057,1.0,0.4463054274018357,0.6325057392638196,0.6540144634155121,0.46909201186408733,0.49132439061633765,0.5281178722873203,0.6186340793592477,0.6841721504826812,0.6213721845983553,0.4789356123681266,0.6308576977504851,0.44175106471192344,0.5079288981268913,0.463477136335735,0.6007781351460525,0.6465174279104567,0.5925966035277594,0.36932998000902817,0.42143335298290485,0.6485798230411076,0.6208916714994142,0.6537365904097195,0.6832012526640859,0.4612216027294666,0.3847714775367728,0.6531404818080432,0.6293965548385543,0.663989845393362,0.39263495310867236,0.3780819289437498,0.47524086677255917,0.4621693962610548,0.6449685660096445,0.5402958036484878,0.6374468714068916,0.49132439061633765,0.519834805784325,0.6637137630524979,0.6787407183673755,0.619362215728624,0.6749303477048844,0.4621693962610548,0.4321699412111808,0.6277349464072838,0.6526207143363456,0.5340022156675044,0.519834805784325,0.645370161987208,0.5165771257220347,0.6299338799532057,0.5589507014336444
69,0.4441183469501071,0.6237375578446721,0.7003192146792288,0.43958998487649137,0.44015570996328496,0.4643442827367412,0.4692456736744658,0.4854570882939677,0.4022490528519888,0.4815678720364935,0.5243924133519555,0.6194501951601336,0.4614599270021485,0.6232459305058154,0.44266429978154126,0.4644158807629793,0.47859081204543563,0.6262681034397768,0.7531800645979562,0.42232353755619545,0.44276990238877717,0.47041993804069154,0.43629860543410753,0.5120106864371917,0.6210535821557719,0.7365753525172388,0.40965907790496553,0.4323205777439739,0.5110825238605113,0.5230026506307087,0.44767839501481876,0.4626384878043459,0.39925071380237986,0.622193617080448,0.4673939452473617,0.4408547097175595,0.45670967185663525,0.5051888460547743,0.49336647463934796,0.5243924133519555,0.6232459305058154,0.5324522717327709,0.4934775062940197,0.46965894703802574,0.6231751110167073,0.8052459447947307,0.36661430721905885,0.46965894703802574,0.4347241647829078,0.6561995942845561,0.41651057306997286,0.43144083583056614,0.4905712022494743,0.7295123838617823,0.42606223650839925,0.46350688878046514,0.6226824381751476,0.5230026506307087,0.49825012242404093,0.45016685393344547,0.3968106548630597,0.581754624373061,0.6237375578446721,0.4396759615544532,0.4463054274018357,1.0,0.43242067681266455,0.46360636807317873,0.7415202230352553,0.49336647463934796,0.5678851283414905,0.4456766358265357,0.47531186277601833,0.40000594171180714,0.49594785971220506,0.4306505181218028,0.7342724521820375,0.5456137727748468,0.4409613468907895,0.4194059961861186,0.45320642661894556,0.4463272577048508,0.4402056098753785,0.5523751229235054,0.47109591076281704,0.45428737708511263,0.45670967185663525,0.4474619179601713,0.4409959418834681,0.47915304603865516,0.45820613944327215,0.43896003233624853,0.46623573742514746,0.40734650988981713,0.5156907273949906,0.6230767981023866,0.44266429978154126,0.43493127440614543,0.6172756032912174,0.4308412012157618,0.49336647463934796,0.5230026506307087,0.46751334085649254,0.4432370744519346,0.39925071380237986,0.5188776717797976,0.44266429978154126,0.7597468747379632,0.4253057850488938,0.4521335939049257,0.6069575383599114,0.5230026506307087,0.4539010418006042,0.5806435748113047,0.4396759615544532,0.41769285680725915
70,0.7600426834255541,0.5152286794652513,0.4742780795599723,0.9156492785793563,0.43069876066138185,0.855448462593673,0.8390600522193211,0.5607541397029032,0.6475426048924225,0.6470636510986945,0.48872022410505117,0.5201887461806364,0.8496791062514856,0.5173954247404723,0.4323103933428733,0.8535087404858348,0.6930214090923339,0.4561581816501894,0.4220275359100873,0.9196615893700855,0.5611420809489547,0.8372252990216695,0.8891511243749728,0.6745234289290776,0.5216057138070981,0.41345952332500097,0.8272052024240131,0.8840757508765156,0.6757980948989585,0.48759168025955507,0.5612691424702817,0.37550113539683805,0.913026747962638,0.5166789076754964,0.8452815706072967,0.8055921703025111,0.8332827064534382,0.6626082508863159,0.4565631685249256,0.48872022410505117,0.5173954247404723,0.5642777034368788,0.683870901238004,0.8350692637206589,0.5159815479241414,0.42100039876831563,0.652224212868861,0.8350692637206589,0.8984576452730283,0.5167732850271397,0.9031487904860579,0.7060309676105273,0.4509731605505356,0.43482321722393646,0.9377649899413621,0.37964127159754385,0.5159642629914063,0.48759168025955507,0.5836085675296165,0.3773887673231218,0.6588913990320288,0.4842706423056895,0.5166789076754964,0.9182240289563238,0.6325057392638196,0.43242067681266455,1.0,0.8619102416570771,0.458954141043234,0.4565631685249256,0.5117142664236041,0.6938870649202342,0.6157612539567118,0.9167637694855538,0.44781810875594685,0.9588537316525196,0.4343058955975947,0.5620334705113492,0.43288512721277284,0.6712362696334838,0.8434681664431679,0.6919645074703201,0.35647374147493566,0.4183202631960107,0.836092996383127,0.6490838849926615,0.8332827064534382,0.7833264073873353,0.43080049786842567,0.3691356917835535,0.8571256629783274,0.9131558884251957,0.85143574011742,0.385258012148186,0.3699705268735305,0.46193314698829463,0.4323103933428733,0.9697010285447636,0.5195561833195833,0.7316857499149756,0.4565631685249256,0.48759168025955507,0.7115183592221387,0.7973761244417854,0.9204429442548769,0.6169050095880281,0.4323103933428733,0.4248957010155982,0.9197874623205436,0.8453945850280621,0.5138136984833194,0.48759168025955507,0.8456807061325942,0.5004556365576103,0.9182240289563238,0.6008495794099409
71,0.7788427698995963,0.5372249106525615,0.5016805517056938,0.8710688538292759,0.4429950720003839,0.9813103426680723,0.970998459454709,0.5986794033596406,0.6162805755268064,0.687484124314342,0.5061200696974497,0.5424487656678896,0.9006696428571429,0.5388906535630046,0.4447524159113042,0.9735099337748344,0.740029956608519,0.47346831699697123,0.4466158691878294,0.826510845057004,0.5776101068007438,0.9633777675409553,0.8643868515035523,0.7312930620092933,0.5438979594421716,0.437219358057542,0.8448611265843395,0.8552009680871279,0.7295614461300365,0.5048488269580825,0.5847429066936275,0.3887293459006185,0.8424202330227234,0.5381116587498692,0.9582310693421805,0.8400732628054516,0.925586228154874,0.6943105207520954,0.47697749276202306,0.5061200696974497,0.5388906535630046,0.6139179129478061,0.7117103546963633,0.965904572359814,0.5374469607893257,0.4470924234041599,0.6209303771883454,0.965904572359814,0.8641615655778325,0.5644482689534895,0.9223330609752812,0.7257076707678589,0.47023723540196677,0.45860871708261153,0.8376343637119075,0.3953377182993652,0.5373345471120196,0.5048488269580825,0.6278365710188418,0.3921836205911881,0.6562787187198148,0.49733819471705787,0.5381116587498692,0.8779314830963308,0.6540144634155121,0.46360636807317873,0.8619102416570771,1.0,0.4870675646330284,0.47697749276202306,0.524550827168216,0.7207129158481064,0.6552178865709368,0.845704648558193,0.46721052705100086,0.8595527130928156,0.4639124107907292,0.6108625460447837,0.44387421293044976,0.6684507986470233,0.9278317987551272,0.7130040019325962,0.36395634181803826,0.43799711675949604,0.8945785330658793,0.6662175519001622,0.925586228154874,0.7985492474883186,0.443871172761967,0.383395200342178,0.9579296066252588,0.8687963410985939,0.9657963322358563,0.3908710718126419,0.38641352593995576,0.48081312347331584,0.4447524159113042,0.873348870224065,0.5421505513417044,0.7266813199781675,0.47697749276202306,0.5048488269580825,0.7415041475114041,0.7974137849067726,0.8424202330227234,0.6623872464427715,0.4447524159113042,0.4512719498426578,0.835099986461411,0.92530199485661,0.5336786313181204,0.5048488269580825,0.9254431625041672,0.5151801181539555,0.8779314830963308,0.6029328613866759
72,0.47699864779093193,0.6925282290613199,0.8320244098691076,0.4653588163014241,0.48277178776404883,0.48887686449070433,0.4936915482632629,0.4967259434960674,0.4269793588870612,0.5191386905250486,0.5750553352422065,0.691762952409367,0.4826996849230093,0.6937148733552349,0.48356509642081735,0.48998240891475975,0.5082079934897477,0.7526363160086511,0.7427693025503446,0.4488479599214203,0.48711404903355365,0.4948235009706391,0.4602066246309494,0.5308060031375593,0.695290775036681,0.7272395517433049,0.43862866329840516,0.45631158519433995,0.529912529533318,0.5734091076795316,0.4659962866203316,0.4812570004919972,0.428711745080209,0.6925282290613199,0.49294389070499883,0.46927967751682975,0.48135618451605183,0.5303617944191721,0.5306071185343293,0.5750553352422065,0.6937148733552349,0.5480954270487471,0.5212610876036015,0.4940720211924696,0.6939890202040472,0.7642956432890969,0.39649415954997597,0.4940720211924696,0.4586784387511058,0.6560635282972198,0.44465187335778106,0.46843641556944743,0.5282030549647572,0.7702051762959216,0.45253917215332007,0.48894043563137873,0.6932563377365577,0.5734091076795316,0.5233119750590163,0.4830239369250361,0.4261480926503735,0.6641366676810531,0.6944462505921585,0.4653887518003511,0.46909201186408733,0.7415202230352553,0.458954141043234,0.4870675646330284,1.0,0.5306071185343293,0.6523376880277942,0.47770720758884017,0.4944170028975846,0.4294695082922996,0.5309706741546971,0.45631158519433995,0.8071193506495764,0.5606098479310415,0.4816100658239646,0.44516889792894077,0.47789062283368383,0.47584640822861013,0.4573879458356814,0.6036956976075446,0.4964042334515735,0.46828679940287526,0.48135618451605183,0.4734869274972737,0.483755732842266,0.48940323777680583,0.4827827435388833,0.46472950840031035,0.491822908690484,0.43073753946187765,0.4926506587751461,0.7886455049461898,0.48356509642081735,0.46142160297015716,0.6934481450793362,0.45771331319578296,0.5306071185343293,0.5734091076795316,0.49203749436631933,0.46847576675200975,0.428711745080209,0.5516937578625688,0.48356509642081735,0.742640407481686,0.45189284936564006,0.47685509039052154,0.6751999853197733,0.5734091076795316,0.47857788129941053,0.674600903042658,0.4653887518003511,0.441223392997631
73,0.46362587478461287,0.6440660291512471,0.5764679236736312,0.46195881382708487,0.986779662288649,0.4767743264409512,0.48215734598728616,0.41957320395323566,0.4347634147598218,0.498060048135268,0.622856845002811,0.6514391992308102,0.4788015212563736,0.6421487429241864,1.0,0.47925294850538536,0.5002220875146315,0.5285334504860713,0.5016448204295625,0.44873415692467666,0.477965676563894,0.48311628761354675,0.46016024076446055,0.47547465006204886,0.6544148831596297,0.48246731199634146,0.4417171267259748,0.4570251649986984,0.4749359967776511,0.6210135758517968,0.4213911132619302,0.6035190498040252,0.4243304272224503,0.6411810558171064,0.4815711297851958,0.4608921066446789,0.47389552104215366,0.5256929762348549,1.0,0.622856845002811,0.6421487429241864,0.4452563208771618,0.5194814011239296,0.4833377788035374,0.6406796614102775,0.4989911499786921,0.411511790443328,0.4833377788035374,0.45889599752829036,0.4725817820089885,0.43515187278151934,0.4460490069001763,0.9764613672714823,0.5271394313306905,0.4528314233483654,0.44244048317920315,0.6402153392659474,0.6210135758517968,0.4963668100170197,0.46501766388313953,0.4303852703923007,0.5670154459392127,0.6426182009419114,0.4621011257669522,0.49132439061633765,0.49336647463934796,0.4565631685249256,0.47697749276202306,0.5306071185343293,1.0,0.6086442751851765,0.4760390571116331,0.5135146146335103,0.4242094178913989,0.9435072284090853,0.45580108576062356,0.48854583378414096,0.4501142559975685,0.986779662288649,0.45144001006410334,0.4711729153222169,0.4603200439194828,0.5209986338079975,0.48424701672095316,0.4880800936116138,0.46135429645283643,0.47389552104215366,0.47826687495769954,0.9900669337007242,0.5610625913078715,0.4743913364359032,0.46146918355955396,0.47982848996782457,0.4470581103627093,0.4861692604679903,0.5406251231277546,1.0,0.4598341991083374,0.6450636120660521,0.4582503830335149,1.0,0.6210135758517968,0.4992338699205439,0.4730983815984155,0.4237244151274755,0.5450755271862248,1.0,0.4958620528130739,0.4509598642765435,0.4717781679616415,0.6450428244662301,0.6210135758517968,0.4717120427639476,0.5928243861515906,0.4621011257669522,0.4422050672393873
74,0.53328365221054,0.9774158896575431,0.7473890174271666,0.5130563004853071,0.6045079714128642,0.5268585293522949,0.5268585293522949,0.5070513664078606,0.48788259776294113,0.5487732439048428,0.891264667535854,0.9924137515804684,0.5357329610082965,0.970004123144585,0.6086442751851765,0.5272421651500703,0.5630603802134475,0.7521801430666413,0.598211604551066,0.5050214044798063,0.6137500167585033,0.5280240279068514,0.5165023043090174,0.5510191785773949,0.9727688839037876,0.5494218225082055,0.5124400588452033,0.5137365526875747,0.5500799614432493,0.891264667535854,0.504416311511934,0.49724713431194767,0.5011749689694617,0.970004123144585,0.5296038011814046,0.5516533379319265,0.5280240279068514,0.5938769836177766,0.6086442751851765,0.891264667535854,0.970004123144585,0.500521470629296,0.5930578947509798,0.5272421651500703,0.9724682629003113,0.5775189283634246,0.4818624870060616,0.5272421651500703,0.5151086936002783,0.5519241664248504,0.5134003010574847,0.5457338371864068,0.6046820066945959,0.6510631634285203,0.5078276725216866,0.5189143618612494,0.970004123144585,0.891264667535854,0.5501234357254449,0.4877027016119268,0.5053835144102531,0.8855658474894897,0.9675464287043478,0.5144198959185713,0.5281178722873203,0.5678851283414905,0.5117142664236041,0.524550827168216,0.6523376880277942,0.6086442751851765,1.0,0.5465353133078581,0.5489215909512134,0.5017523174939696,0.6106743875373226,0.5094194997139063,0.5630868455332672,0.5170596752081805,0.6062951266494568,0.5011965175538703,0.5264656521657144,0.5261936168887276,0.4927146673659712,0.650047194312108,0.5312282481424926,0.5177104026226376,0.5280240279068514,0.5200863709914086,0.6056705955643504,0.4824977610091656,0.5264656521657144,0.5123825882175015,0.5280240279068514,0.49703431127717645,0.47345820404936345,0.7701472012124103,0.6086442751851765,0.5110566899784503,0.9628921911521335,0.513735403096002,0.6086442751851765,0.891264667535854,0.5515436522635402,0.513753561598828,0.5011749689694617,0.6238590588938525,0.6086442751851765,0.5786186026256591,0.5035168323900128,0.5230391760360215,0.9511556075056609,0.891264667535854,0.5272421651500703,0.9006838748043468,0.5144198959185713,0.4896257808078976
75,0.7441668693170287,0.5420093719712261,0.49577680732965124,0.7068319620258912,0.4553244952263555,0.7255761750945354,0.7234177884244983,0.5229293152166951,0.5647876757885927,0.6567489247985302,0.5141054452697089,0.5481603545109982,0.7314758009236687,0.5436984110246205,0.4571264476707008,0.727536946966,0.7251737993494483,0.4868551784729777,0.44162223607495144,0.6736739315692658,0.5887967381735625,0.7285380832515506,0.7051669470745922,0.6152764160381394,0.548680872429458,0.43067140106747714,0.7112174433146647,0.6920402154995581,0.6139554699058242,0.512779647757438,0.5489772977818259,0.3899922821582982,0.6585937141195022,0.5429148464816677,0.7312272538190174,0.7347733237571678,0.7209478892309472,0.6545630053859326,0.4760390571116331,0.5141054452697089,0.5436984110246205,0.5263971641280701,0.6900974953463942,0.7268261890201803,0.5422597508060174,0.4363718736807422,0.5538075313807531,0.7268261890201803,0.6985607198030973,0.5188502925140728,0.6984245712624746,0.7286439859963075,0.4695543692141184,0.45518496266907177,0.6881498461265688,0.4009856355248847,0.5421331634553886,0.512779647757438,0.6156797878576595,0.3980102775414638,0.5928289340754211,0.5145490074041678,0.5429148464816677,0.7056178838657767,0.6186340793592477,0.4456766358265357,0.6938870649202342,0.7207129158481064,0.47770720758884017,0.4760390571116331,0.5465353133078581,1.0,0.6169170492589974,0.6566660043711504,0.465872081032786,0.6981167666354094,0.44845237724407894,0.5303865584397413,0.4572503501151226,0.614649982556271,0.7187718882290873,0.6894226469482615,0.37249414236083056,0.4473514244999641,0.7159645150382662,0.6113276915127026,0.7209478892309472,0.6896823063639068,0.4562229179192669,0.3826317596125202,0.7263196545917269,0.7051669470745922,0.726071639869301,0.3952877677016734,0.3846343755352324,0.4956552403062049,0.4571264476707008,0.6992405118187781,0.5469907939357543,0.645397047020994,0.4760390571116331,0.512779647757438,0.7025075810791452,0.6822793493921935,0.6585937141195022,0.6432593974303956,0.4571264476707008,0.4420844083358591,0.6858999331389712,0.7137007071460971,0.5418883679024409,0.512779647757438,0.7173134657477547,0.5342175359178547,0.7056178838657767,0.5622774417398035
76,0.6087703278898567,0.5660775289992582,0.5188495425851535,0.6165501030641544,0.4726135183709007,0.6491717327618899,0.652798875986611,0.4887366461445262,0.5473329337970538,0.6481858726422265,0.5503872660934133,0.5734575296289693,0.6566623887393914,0.5689382092179712,0.47342978143520886,0.6557902862977197,0.6553170876283321,0.48718794772717405,0.4545508947055714,0.6040066285035606,0.5420139216983212,0.6544765479539864,0.6292043259495306,0.6527736574252395,0.5748960649654629,0.4463651511613911,0.6081735321335291,0.6258187467771623,0.6514040023529759,0.5488568805103811,0.5074381871677076,0.4068874372899039,0.5963089788415096,0.5681175685171291,0.6563699012697208,0.632679222956316,0.6499404201421584,0.6695669957132182,0.5135146146335103,0.5503872660934133,0.5689382092179712,0.5207073094012339,0.6816568693760633,0.6555665272326398,0.5664819441119215,0.45938710600853616,0.5109994323766803,0.6555665272326398,0.6263250957001988,0.5282789774456327,0.6221260932258041,0.6105833420712313,0.5071090887521357,0.4688936540068612,0.6087036469506589,0.4212503601099121,0.5672988127682236,0.5488568805103811,0.6083138585701741,0.4126125995339958,0.5518701556157206,0.5178211998972889,0.5681175685171291,0.6180914154842185,0.6841721504826812,0.47531186277601833,0.6157612539567118,0.6552178865709368,0.4944170028975846,0.5135146146335103,0.5489215909512134,0.6169170492589974,1.0,0.5981330659414383,0.5015651155119577,0.6165173630756927,0.46800302714153624,0.516568953331108,0.47373626761807197,0.5712267358035963,0.6455496483736552,0.5921552421340144,0.37878210502248305,0.4420634931786917,0.65490716659739,0.6398840068375615,0.6499404201421584,0.6571844229692947,0.47246722568589544,0.40146746976250003,0.6469437303864543,0.6175580439066929,0.6571844229692947,0.40577343535503235,0.39441770187492825,0.49544700673502645,0.47342978143520886,0.6247552589231891,0.5714114196739558,0.6005668766270027,0.5135146146335103,0.5488568805103811,0.6645906418020308,0.6480292943406697,0.5963089788415096,0.6687586480291986,0.47342978143520886,0.4581362655957501,0.6135142474896328,0.6488495764589056,0.5658796934415843,0.5488568805103811,0.646917057642147,0.5395575696012244,0.6180914154842185,0.5582648849857275
77,0.7271665612378959,0.49404562433079685,0.44446586035753866,0.8879657001015457,0.42269479980063135,0.836441521353468,0.836441521353468,0.5553826377843131,0.6299472005059785,0.6182148208966765,0.5284300943323874,0.4988778784856238,0.8042230534692381,0.49371430447055736,0.4242094178913989,0.8303819055657956,0.6592317597536089,0.4473079257082557,0.3982266582683269,0.9547113994055105,0.5360183289525979,0.827386348501188,0.8884951061641221,0.6855306947522259,0.4999337341739627,0.3830607526722139,0.7981463819377024,0.9024638095367712,0.6876380261906562,0.5284300943323874,0.5559077557271684,0.35006941924228147,0.9957303349078931,0.49371430447055736,0.8214629348500074,0.7517883960146624,0.827386348501188,0.6230501547014227,0.4242094178913989,0.5284300943323874,0.49371430447055736,0.5660249342719023,0.6370630030409254,0.8303819055657956,0.4946647424754283,0.3881559478786263,0.6558016130738742,0.8303819055657956,0.8954267838522271,0.4974823442925405,0.9058021224608876,0.6741480538038582,0.4193851763984916,0.41219403144856076,0.9278638815573562,0.3662137654424232,0.49371430447055736,0.5284300943323874,0.5420445654500227,0.35467858520137246,0.6625325740758614,0.47416967370876717,0.4927679050465898,0.8880954956904324,0.6213721845983553,0.40000594171180714,0.9167637694855538,0.845704648558193,0.4294695082922996,0.4242094178913989,0.5017523174939696,0.6566660043711504,0.5981330659414383,1.0,0.4162450978294427,0.9241359595736048,0.39750968291547384,0.5492792864236973,0.4245408570668086,0.6394624013163099,0.833400242600051,0.6701665689335468,0.3505022818854684,0.4040582212130879,0.824413411173692,0.6414619372399091,0.827386348501188,0.7760325404128902,0.4228610400270388,0.34723156242994846,0.833400242600051,0.8914375164001919,0.827386348501188,0.38061472049793366,0.3516928080856955,0.45295867925818256,0.4242094178913989,0.9095017254286184,0.49571640150450996,0.7080378347057528,0.4242094178913989,0.5284300943323874,0.672970692036213,0.7950722668683218,0.9957303349078931,0.5875466228101153,0.4242094178913989,0.3922168666060494,0.9388916204256514,0.8519978106185003,0.4925825056942655,0.5284300943323874,0.8303819055657956,0.4899434519090891,0.8880954956904324,0.5892614523356263
78,0.455008262441263,0.6499357409235632,0.5773720470993421,0.45305993832856917,0.9266676036958403,0.4670297376646838,0.47228227570199766,0.4169607806714468,0.4283621092058818,0.485844508721185,0.605183698706999,0.6576039969041612,0.46908685968819597,0.6463789312312226,0.9388779304529363,0.4694377962035674,0.4897456082765158,0.5264043900138617,0.5039133649906552,0.4411552346570397,0.4699959633239144,0.4732400101523126,0.4507052543875548,0.4738653452995599,0.6575634418373469,0.4835242603750497,0.4321461304004945,0.44763851127542476,0.47329169127207904,0.603410136298395,0.41751981046289366,0.619767759302643,0.41635904885694625,0.646883592456406,0.4717080156667439,0.4523106292547635,0.4641246400975152,0.5145919689558557,0.9435072284090853,0.605183698706999,0.6463789312312226,0.44436838741745366,0.5102412330603617,0.4734388365528049,0.6463818446131481,0.5001753386842024,0.4024960471577913,0.4734388365528049,0.44945788731423975,0.4740535900525946,0.42649084945803917,0.438451072736787,0.9531864461563325,0.5297590033706112,0.4441313694995883,0.43545737814689056,0.6458761619662833,0.603410136298395,0.4857745226147207,0.4580442392025824,0.42316186521112786,0.5746019818719768,0.646883592456406,0.4532280388671477,0.4789356123681266,0.49594785971220506,0.44781810875594685,0.46721052705100086,0.5309706741546971,0.9435072284090853,0.6106743875373226,0.465872081032786,0.5015651155119577,0.4162450978294427,1.0,0.4464829053642878,0.4870343128394368,0.44973958997825425,0.9387580395426394,0.44348104477758005,0.46146363343285257,0.4534601141529885,0.5342133693450372,0.4845441789069301,0.4789539120398409,0.45451999793814146,0.4641246400975152,0.4677757315269322,0.9297337907705745,0.5737617837937489,0.4646626803224128,0.452578814902977,0.47000132641734677,0.43885084498331206,0.4894549162514457,0.5389410235534416,0.9388779304529363,0.45042227702551907,0.6478881380381435,0.4507767386479884,0.9435072284090853,0.603410136298395,0.49012340054860026,0.46341630474134976,0.41575719779648684,0.5319845110297828,0.9388779304529363,0.49583041639830866,0.44336945668300776,0.4620026649031691,0.6525022139853125,0.603410136298395,0.4619904105307565,0.5944659554422824,0.4532280388671477,0.43606316261960854
79,0.7579723737251717,0.5130855798583913,0.47190862592135113,0.9229784293963654,0.4295786095741542,0.8531112029665306,0.8367816680888297,0.5537322333013791,0.6485879243311927,0.6428711692897722,0.48770687657941114,0.5180068710178029,0.8473712047827612,0.5152020311135713,0.43117467343453053,0.8426674279053448,0.6884093126131343,0.4547606060335089,0.4211657269651344,0.9322525256215468,0.5581056294972487,0.834956455768849,0.8913697499433437,0.6670867431312181,0.5194178513575054,0.41117502653021254,0.8208500504194469,0.886275807388077,0.6683326381925155,0.48658817105392416,0.554253747097319,0.3747674128343704,0.9203517414424162,0.5144944497097274,0.8346210126417744,0.7940447361843535,0.8393939575267627,0.6534248923610013,0.45580108576062356,0.48770687657941114,0.5152020311135713,0.5561663716998961,0.6794031817269438,0.8328052845472562,0.5137942297223734,0.41874294689168673,0.6562915776317381,0.8328052845472562,0.8959366432886026,0.5121296775753955,0.903040033191877,0.696551132463967,0.4496463949895826,0.43334337362546216,0.9559974100837825,0.37923574633503343,0.5137887394413868,0.48658817105392416,0.5821458777444196,0.3772062347383555,0.6542082377050805,0.48198472116551316,0.5144944497097274,0.9255783293154702,0.6308576977504851,0.4306505181218028,0.9588537316525196,0.8595527130928156,0.45631158519433995,0.45580108576062356,0.5094194997139063,0.6981167666354094,0.6165173630756927,0.9241359595736048,0.4464829053642878,1.0,0.43165502441621134,0.5561909966433262,0.43171204524693163,0.6723576593088817,0.8454206398725631,0.696282766122881,0.35556824140883775,0.4175029099046202,0.8257033528900773,0.6473299942242114,0.8393939575267627,0.7812043337783047,0.4296901313573594,0.3683892157484603,0.8591375687441561,0.9254453825622964,0.8406399734004129,0.3852999867575676,0.37014171527123,0.4605089594047813,0.43117467343453053,0.9458889955057093,0.5173359749084405,0.7262882135602619,0.45580108576062356,0.48658817105392416,0.7066210432607652,0.7951973642034428,0.9278695495428873,0.6175838763991168,0.43117467343453053,0.42399078320193373,0.9323595105424757,0.8516956413921578,0.5117233884884653,0.48658817105392416,0.8476435218181271,0.4980357316379083,0.9255783293154702,0.5991698233282505
80,0.44796929734339735,0.6137613977556405,0.7140498294912231,0.4407198990977006,0.43824110080765777,0.4668364371230725,0.4706873524309101,0.4834637054088426,0.40118505933580645,0.4946350075449866,0.52385524959338,0.6127117946654719,0.4586936963953698,0.6133123050816666,0.43912527962201375,0.46689335749486466,0.4738459116838598,0.6430947312400213,0.7056954797806776,0.4248151091750745,0.4458059015626491,0.47186898288229195,0.43737620878480715,0.5026282285999685,0.614302367124688,0.75112947320142,0.407120338029643,0.43421875923212927,0.5017357440719667,0.5224686817607171,0.44589034939117567,0.44314517121685826,0.3967681650388626,0.6122908529696047,0.46992252611453794,0.43385667249351345,0.45907574197910617,0.4997468303008585,0.48854583378414096,0.52385524959338,0.6133123050816666,0.5461328974232552,0.48825214732347555,0.4711001485686476,0.6131873237800564,0.7484206311806203,0.3650815488883866,0.4711001485686476,0.4357872966028686,0.6445443253469978,0.41373693722267924,0.4340003056821101,0.4857035717633824,0.7079705280202032,0.4286339416716003,0.4638590170694389,0.6127372327732256,0.5224686817607171,0.4999339965678215,0.47605457894901176,0.3964537649876931,0.5693562526654978,0.6137613977556405,0.4407980099713396,0.44175106471192344,0.7342724521820375,0.4343058955975947,0.4639124107907292,0.8071193506495764,0.48854583378414096,0.5630868455332672,0.44845237724407894,0.46800302714153624,0.39750968291547384,0.4870343128394368,0.43165502441621134,1.0,0.5559660115920729,0.43748000609907406,0.4156348121798817,0.45550963727930677,0.44562193428340074,0.41961257254842843,0.5803112251841115,0.472518107582865,0.4431349652459351,0.45907574197910617,0.4458978772231784,0.43906982028444747,0.4538440012451225,0.4605831239214024,0.44008252873876863,0.46875250714109473,0.40183022886711073,0.4849628918358767,0.6394363233447095,0.43912527962201375,0.43685140324338045,0.6105421805171487,0.42645249895503673,0.48854583378414096,0.5224686817607171,0.4602138315216197,0.44169598100759605,0.3967681650388626,0.5169382067027712,0.43912527962201375,0.7323164516922644,0.4270737271271174,0.4544250546523112,0.5978098601924684,0.5224686817607171,0.4562167898427137,0.5710562165369185,0.4407980099713396,0.41422837839268883
81,0.5607733537909884,0.5454285361814044,0.5519930381439384,0.5740286526562238,0.41720185153769723,0.614745408378734,0.6236428226832157,0.7910821709818642,0.4729817822303805,0.5838913715141951,0.4823849553510431,0.5448586303814293,0.5889470758206988,0.5462912796105323,0.41916952440910565,0.6190048518995379,0.546113571000311,0.5092468826678214,0.5229440907240515,0.5544533764297755,0.48050020096202467,0.622887512560263,0.566088251767411,0.6751476520057895,0.543378048875288,0.5215245380062973,0.5321331663918987,0.5626605216225556,0.6735428581673449,0.4813223368716848,0.5565960912052117,0.4046277031713007,0.5474852534370908,0.5464839266343247,0.6222049967205295,0.5789724473376512,0.6102764407223792,0.567791642507089,0.4501142559975685,0.4823849553510431,0.5462912796105323,0.8792461777519974,0.5525679632888069,0.6239832019083642,0.5468783726158074,0.5370896593669988,0.43072087427666295,0.6239832019083642,0.5676694148191558,0.7581816868587417,0.5801359559761601,0.5426104006574299,0.4468347892479396,0.5252704120363948,0.550740076541156,0.411443237522194,0.5466796209938984,0.4813223368716848,0.547417572069644,0.3988244963016462,0.5019971223864422,0.5145016070575757,0.5454285361814044,0.5733750888986651,0.5079288981268913,0.5456137727748468,0.5620334705113492,0.6108625460447837,0.5606098479310415,0.4501142559975685,0.5170596752081805,0.5303865584397413,0.516568953331108,0.5492792864236973,0.44973958997825425,0.5561909966433262,0.5559660115920729,1.0,0.4182415676858808,0.4784707636850575,0.6082312295073307,0.5443546679898862,0.381840466296448,0.48388263427500694,0.5993886413471149,0.5319104394122859,0.6102764407223792,0.5372042659937312,0.4179190331448224,0.4072957974949749,0.6049622724634438,0.5727480587689312,0.620433588643522,0.37251947357548215,0.43973519236010894,0.5244528709365543,0.41916952440910565,0.5642194294336383,0.5426572879011314,0.50545358160493,0.4501142559975685,0.4813223368716848,0.5311123609810655,0.5349095915434762,0.5474852534370908,0.5486531925444803,0.41916952440910565,0.5421727905189234,0.5615420084114631,0.604058743959993,0.5381552727837422,0.4813223368716848,0.6071567394535269,0.5085981721447552,0.5733750888986651,0.48761782871846243
82,0.4393684097715487,0.5982085631315329,0.5262724240409585,0.43486441015250465,0.9802403084220347,0.44506039773459777,0.44596645966459664,0.4186406677763754,0.40832121212121214,0.46198823529411764,0.6755886187591073,0.6041859340844123,0.4483320403413499,0.5926537633500781,0.986779662288649,0.4473903628478367,0.45782727131751194,0.5263905325443787,0.4618264410093772,0.42685968631287785,0.47718034209504673,0.447177959523731,0.4391037703185638,0.434284098855808,0.608613272575809,0.43905544693074566,0.44083026625551247,0.43736400185650653,0.4337130288030812,0.6755886187591073,0.42112438505903127,0.538443137645769,0.42467958902658615,0.5926537633500781,0.4495697796432319,0.4600481240531147,0.44906269599061344,0.48811475886450595,0.986779662288649,0.6755886187591073,0.5926537633500781,0.4105227943189076,0.48761094296033103,0.4473903628478367,0.593918776371308,0.4527984453581164,0.411315709510787,0.4473903628478367,0.4386491421546472,0.42989844871345395,0.43425425026988235,0.44676870244826666,0.9609032994838609,0.48818156689074343,0.43113434824952585,0.41966525943890537,0.5926537633500781,0.6755886187591073,0.46198823529411764,0.4251510119167108,0.4310464794766539,0.5647969052224371,0.5931043412315262,0.43530198632798967,0.463477136335735,0.4409613468907895,0.43288512721277284,0.44387421293044976,0.4816100658239646,0.986779662288649,0.6062951266494568,0.4572503501151226,0.47373626761807197,0.4245408570668086,0.9387580395426394,0.43171204524693163,0.43748000609907406,0.4182415676858808,1.0,0.41843345111896346,0.4476090995590694,0.4324960307612267,0.5224169741697416,0.46886563736123515,0.4488375021738739,0.4231224508755053,0.44906269599061344,0.4401480255266062,0.9770333998490318,0.49859659405424767,0.445760450859601,0.43425425026988235,0.4481110291427509,0.41252324711495414,0.45933577696323447,0.5383861648749556,0.986779662288649,0.4340817796367559,0.5964610909704072,0.4265905652180426,0.986779662288649,0.6755886187591073,0.4607727678914882,0.4352574290444015,0.42403746097814776,0.5059230992339496,0.986779662288649,0.45255688798595256,0.4260867461718958,0.44613782601106317,0.6012721370318562,0.6755886187591073,0.44833298819631395,0.5904683005037709,0.43530198632798967,0.4119394479505787
83,0.6411636767769006,0.5191753848830797,0.46665633805544526,0.6574508740062749,0.41765818793357157,0.6643356643356644,0.6599529704068503,0.4426042100360598,0.608831194091406,0.566029533188744,0.4904584453166874,0.5242059982055018,0.6874358775556569,0.5214335181385156,0.4189570162073971,0.6605759696367123,0.6541715550861918,0.43833366927117295,0.4129597425604187,0.6511423662634642,0.5308392718385346,0.661808971245825,0.661623414087255,0.5776776684747633,0.5241005975501586,0.39928295518469903,0.6635554590840026,0.6520336837670321,0.5785451192430564,0.48931354043061925,0.44926612940331206,0.3751909824242748,0.6414155421199851,0.521476283893652,0.6556576288416955,0.6415243140850757,0.6459358565531568,0.5996937807643604,0.45144001006410334,0.4904584453166874,0.5214335181385156,0.4884319107123608,0.6366079745124863,0.6602640822282625,0.5200085674966108,0.40888266640168364,0.6966145887480091,0.6602640822282625,0.658235241670321,0.46973906180479236,0.6427546853322256,0.5850599581942866,0.4456644194985476,0.4275801202652596,0.6596311816795458,0.37392694845264035,0.5207414861772567,0.48931354043061925,0.5210298273353794,0.3763208406113703,0.5387488120693752,0.47372945581232256,0.5207007531854455,0.6592718637696987,0.6007781351460525,0.4194059961861186,0.6712362696334838,0.6684507986470233,0.44516889792894077,0.45144001006410334,0.5011965175538703,0.614649982556271,0.5712267358035963,0.6394624013163099,0.44348104477758005,0.6723576593088817,0.4156348121798817,0.4784707636850575,0.41843345111896346,1.0,0.6438410074773712,0.6014253671571361,0.34894425099854665,0.40286726639641385,0.6791148585708001,0.6023869814875478,0.6459358565531568,0.7530254792024719,0.4183050277753602,0.3691129956310597,0.664720604989549,0.6558972842873907,0.6593363024597524,0.3821926701158696,0.360887156638594,0.44356174232825124,0.4189570162073971,0.6795859363943308,0.5228604684144156,0.8409426599942682,0.45144001006410334,0.48931354043061925,0.6591116895597511,0.75872512559288,0.6414155421199851,0.6227715174787096,0.4189570162073971,0.41104605596791294,0.6573532998032569,0.6502353427733029,0.5162163162050899,0.48931354043061925,0.6453429438245883,0.48846250904724536,0.6592718637696987,0.5741689122968194
84,0.7663637682497395,0.5265335675442778,0.4904722452361226,0.8524515192117911,0.4466755055883182,0.9303015080528587,0.9209561251130142,0.6070358965706332,0.6110993218289753,0.6826200644391244,0.4992451953414142,0.5316140748227458,0.8557024598846561,0.5280798752713778,0.4484815065660531,0.9328482115404325,0.707809263416479,0.4768689638726601,0.4408726390129214,0.8169075777485765,0.5812631501236573,0.9187004388328586,0.8905368403159644,0.7013852352153295,0.5330439075018669,0.43218194576499785,0.8389906674220191,0.8901679465234268,0.6997372183654769,0.49802554400806304,0.589211335443709,0.3832681516748852,0.830193966725157,0.5273357089836825,0.9378873326087402,0.8465341196572689,0.9864014182439677,0.6711257238360948,0.4711729153222169,0.4992451953414142,0.5280798752713778,0.5989106423757298,0.7040130505709625,0.9210389051594139,0.5266559378751884,0.43948303521897536,0.61400475470067,0.9210389051594139,0.8997354895504972,0.548144628843854,0.9081689790331612,0.7215942474484337,0.4645333927974133,0.45225832444878206,0.827977466473902,0.3922926685656272,0.5265934166891028,0.49802554400806304,0.6161409476229704,0.38905857803852784,0.6528513943695955,0.499317171169951,0.5273357089836825,0.8548071696894699,0.6465174279104567,0.45320642661894556,0.8434681664431679,0.9278317987551272,0.47789062283368383,0.4711729153222169,0.5264656521657144,0.7187718882290873,0.6455496483736552,0.833400242600051,0.46146363343285257,0.8454206398725631,0.45550963727930677,0.6082312295073307,0.4476090995590694,0.6438410074773712,1.0,0.6953852871346572,0.36612064943854183,0.43481098063300744,0.846227919421996,0.644791510853402,0.9864014182439677,0.7676612487704342,0.4475759302011813,0.3781474944363441,0.9227615611675959,0.8502267894115502,0.9353313435285189,0.3890265912645891,0.38333634300878566,0.4843039079218,0.4484815065660531,0.8460568667920072,0.5311500885271377,0.6991349911450024,0.4711729153222169,0.49802554400806304,0.7085907130187885,0.7663637682497395,0.830193966725157,0.6419887417843329,0.4484815065660531,0.44342559199474985,0.8171754844968946,0.9756341626297211,0.5241355808929459,0.49802554400806304,0.9972513662955477,0.5172103886449437,0.8548071696894699,0.5813390921202727
85,0.6860261764923068,0.5349786528518686,0.4904350614495542,0.7083772553044464,0.43120367797962056,0.7147167140618759,0.7094904494351505,0.5353956000546394,0.5803223088229369,0.6246091294029749,0.49802562809666484,0.5393514058402823,0.7174823318503057,0.5375679191660792,0.4327344558928406,0.7166942281360363,0.6832774825898078,0.4677452056101517,0.4358053473103514,0.6772979211804705,0.5534188105108384,0.7114559409855884,0.6940930402674572,0.6516233062565561,0.5417196043974529,0.42457042307861065,0.6724999219457367,0.6779491639064832,0.6501404818153613,0.4968156834424439,0.5213681457563227,0.38554172828525435,0.6722551657894946,0.536777204056278,0.7140550153405716,0.687374749498998,0.7006416849463443,0.6643664081703593,0.4603200439194828,0.49802562809666484,0.5375679191660792,0.5502753206942974,0.6881613086223316,0.7097616260874442,0.5361061111161147,0.43431920970307014,0.5438107035379631,0.7097616260874442,0.6874765011306968,0.5235125155202784,0.6776161703635183,0.6686154068232496,0.45538295975070764,0.4504999250803386,0.6830509253725854,0.38359671287828556,0.5359883806867477,0.4968156834424439,0.5663081166209143,0.3886240426552984,0.620321965620099,0.5024192653739266,0.536777204056278,0.7071228252449979,0.5925966035277594,0.4463272577048508,0.6919645074703201,0.7130040019325962,0.47584640822861013,0.4603200439194828,0.5261936168887276,0.6894226469482615,0.5921552421340144,0.6701665689335468,0.4534601141529885,0.696282766122881,0.44562193428340074,0.5443546679898862,0.4324960307612267,0.6014253671571361,0.6953852871346572,1.0,0.3620798357468468,0.43240753997363873,0.7145302625959755,0.6483797526930529,0.7006416849463443,0.6731855035654977,0.43196651320542906,0.37930827585888593,0.7122327541292286,0.7066651360263961,0.7152382148859041,0.3896866791546923,0.37994254776050795,0.47493240014365895,0.4327344558928406,0.688190203975575,0.5418181397923058,0.6398213297354074,0.4603200439194828,0.4968156834424439,0.6512264181498636,0.6686077497161456,0.6722551657894946,0.6089769797691651,0.4327344558928406,0.43885543933777404,0.6807563181515988,0.6934730343847312,0.5305547707832908,0.4968156834424439,0.6970463658851346,0.5144446208304438,0.7071228252449979,0.5961204976664184
86,0.36413235467284216,0.48995802032699953,0.47454149634293413,0.3574047674302954,0.5224169741697416,0.36510815001708324,0.36557023093177865,0.3848680327470437,0.34083158557400006,0.3766315971189903,0.5056982897461462,0.49150098545258175,0.367987617716592,0.4905728960007991,0.5209986338079975,0.36619718309859156,0.379798489791875,0.47978628007771634,0.48925154201733806,0.35232975984706943,0.3964399941791521,0.36628017611895247,0.359247479101229,0.37120304647256624,0.49096135350179243,0.4364805229801188,0.35756604122133373,0.35774250954293163,0.3705679260105228,0.5056982897461462,0.35768685704964165,0.6917846493791244,0.3504347158064204,0.4905728960007991,0.36787727912308493,0.3765586034912718,0.36724013395495436,0.3945762478356029,0.5209986338079975,0.5056982897461462,0.4905728960007991,0.37281986787915644,0.3953297596097721,0.36619718309859156,0.49065496956110916,0.4679497085060055,0.34051403301370464,0.36619718309859156,0.3586776859504132,0.39924371465558356,0.3569360663511824,0.37138477227922145,0.5268869430989515,0.5197444610762918,0.35477875283777865,0.35535195441580286,0.4905728960007991,0.5056982897461462,0.37845598332869174,0.3594052678019047,0.3551304813909082,0.48289866844594004,0.48958148213968367,0.35795181640812623,0.36932998000902817,0.4402056098753785,0.35647374147493566,0.36395634181803826,0.4573879458356814,0.5209986338079975,0.4927146673659712,0.37249414236083056,0.37878210502248305,0.3505022818854684,0.5342133693450372,0.35556824140883775,0.41961257254842843,0.381840466296448,0.5224169741697416,0.34894425099854665,0.36612064943854183,0.3620798357468468,1.0,0.43178793725576964,0.36731104899143013,0.35594176916820214,0.36724013395495436,0.35992243475974495,0.5217033762269414,0.7271192164809186,0.36519672217261123,0.3569360663511824,0.3667510149693622,0.34770227185470814,0.6347505204848717,0.4774764789911827,0.5209986338079975,0.3562851341100242,0.48909848215098994,0.3542709996463009,0.5209986338079975,0.5056982897461462,0.37561098124070247,0.3568633661275742,0.3504347158064204,0.408095199005202,0.5209986338079975,0.47152978590173855,0.35243537705618455,0.3642722758738851,0.48676838061270544,0.5056982897461462,0.36667728575979613,0.4859422117285988,0.35795181640812623,0.34323588869043414
87,0.43770187808294436,0.6288321812302511,0.6204143537831445,0.42506235669808695,0.4679163370052543,0.44084407441004325,0.4432773324924652,0.47742042992834527,0.39501200205537973,0.4621475573395157,0.535052726057385,0.6290055064481515,0.4386206896551724,0.6298881706435095,0.470642776013537,0.44031578792903575,0.4583467572938436,0.6379596185000977,0.5972211406894864,0.4123446817609465,0.4794023147761069,0.44430018785919645,0.42195440384783145,0.45670567135965573,0.6290756087832677,0.5576263278668753,0.41084590107122304,0.41930396383135315,0.45604471412258224,0.5336022809309686,0.4367040471220286,0.4308925450491171,0.4035444399959964,0.6288321812302511,0.4434585570169388,0.4387170324787163,0.4354184931153628,0.46879772292709515,0.48424701672095316,0.535052726057385,0.6298881706435095,0.4652627014973908,0.46292191593042165,0.44369833121076985,0.6298464562352717,0.5881318359778768,0.3864280901869232,0.44369833121076985,0.4206191485929988,0.5248061366546675,0.4140242153696522,0.43833294293146596,0.482830900567857,0.6173602349341314,0.4155586278841979,0.48890314723594847,0.629337379201161,0.5336022809309686,0.49452809227787364,0.5434744751523751,0.4022294893538604,0.624400270152531,0.6288321812302511,0.42526788580660146,0.42143335298290485,0.5523751229235054,0.4183202631960107,0.43799711675949604,0.6036956976075446,0.48424701672095316,0.650047194312108,0.4473514244999641,0.4420634931786917,0.4040582212130879,0.4845441789069301,0.4175029099046202,0.5803112251841115,0.48388263427500694,0.46886563736123515,0.40286726639641385,0.43481098063300744,0.43240753997363873,0.43178793725576964,1.0,0.4470598881138886,0.41793210555530463,0.4354184931153628,0.4193111541802342,0.46879372427238464,0.42600640125710704,0.4367816768377009,0.42454936105478175,0.4416682203408492,0.4073441303126755,0.44307041400339287,0.6405922440065333,0.470642776013537,0.4181179843565608,0.6238092869726375,0.408498939962258,0.48424701672095316,0.5336022809309686,0.44011473754999064,0.4155184990218641,0.4035444399959964,0.4875404557418305,0.470642776013537,0.608394494821159,0.4141188625581161,0.43169328771831994,0.6222162783715073,0.5336022809309686,0.43537670044803994,0.6376705219879466,0.42526788580660146,0.39961497572898075
88,0.7550144763839661,0.5523889450786876,0.5103052001945345,0.8489534425535336,0.44606682727558394,0.8879474783271486,0.8972860864009436,0.5806746630636462,0.6318630128752482,0.6865313468653135,0.5170905120392475,0.5577831281261779,0.9086546158939743,0.5542055395166733,0.4487658937920718,0.8859060139695726,0.7700655998392179,0.47572088155809716,0.4563706746184714,0.7872759379020368,0.5833193601395084,0.8996853683509253,0.8343733643104955,0.7201004234959886,0.559252873490412,0.44447612516150914,0.8487104107200848,0.8216816913479941,0.7184331593772904,0.5157455065695351,0.5811633266043389,0.39650699576128134,0.8212642078900614,0.553383523898375,0.8817540348146023,0.8749742594063483,0.8486438365443233,0.7096541558755194,0.4880800936116138,0.5170905120392475,0.5542055395166733,0.6045269789743439,0.7189640850896132,0.8973901738247534,0.5527407878878506,0.4542624773446186,0.636529052763927,0.8973901738247534,0.8341060886885376,0.5657463513928094,0.8773319837350133,0.7538807221861797,0.4819041264101602,0.46982823961850917,0.809226785697033,0.39705792462478623,0.5525634068957592,0.5157455065695351,0.623428191084865,0.39739066328088346,0.6728253137294204,0.501699802230479,0.553383523898375,0.8512452097891817,0.6485798230411076,0.47109591076281704,0.836092996383127,0.8945785330658793,0.4964042334515735,0.4880800936116138,0.5312282481424926,0.7159645150382662,0.65490716659739,0.824413411173692,0.4789539120398409,0.8257033528900773,0.472518107582865,0.5993886413471149,0.4488375021738739,0.6791148585708001,0.846227919421996,0.7145302625959755,0.36731104899143013,0.4470598881138886,1.0,0.673881203089288,0.8486438365443233,0.7952335237811187,0.44695247439456304,0.39138735520108453,0.8765728462221316,0.8467924720503222,0.888168045940504,0.39521944883718524,0.3923811084638374,0.4817947633511477,0.4487658937920718,0.846918422912128,0.5556720000509356,0.7312844011574307,0.4880800936116138,0.5157455065695351,0.7332217145278997,0.7940958704083105,0.8212642078900614,0.673805204755739,0.4487658937920718,0.46051690917150356,0.7990042024659862,0.8607162482717621,0.5483507726642459,0.5157455065695351,0.8483679899180845,0.5197022062698673,0.8512452097891817,0.620549713752627
89,0.6421569227594144,0.539436296004304,0.48786104860439194,0.6471289032935917,0.42217630235239506,0.6594498409787333,0.6606586961821297,0.5199725306169166,0.6053016742035691,0.6028630259477108,0.5004867350422577,0.5447724488244605,0.681885399709212,0.5430614042419138,0.42355077123706003,0.6668066937660289,0.6549844459031365,0.458848074893963,0.4346454008463836,0.6301897628989364,0.5306731965533287,0.6652363001732944,0.6456383866827816,0.688453809760296,0.5453027810309299,0.42197972302489223,0.6166133941871407,0.6365374059145277,0.6897602568209209,0.4992573883192074,0.5038498995123339,0.38726753351789267,0.6392289402841367,0.5422522257139586,0.6674031358080811,0.6594415745369511,0.6495335740428101,0.6968141589941823,0.46135429645283643,0.5004867350422577,0.5430614042419138,0.5513436396619015,0.6727287111646768,0.663705786441029,0.5406395680424542,0.43469372833581776,0.5371059110535729,0.663705786441029,0.6424100588188184,0.5314494974585693,0.6405935936364026,0.6337635708840461,0.45585596305269116,0.45003574831446336,0.6381901657129296,0.3848899231489199,0.5414449461886813,0.4992573883192074,0.5285539275277523,0.38172717210597373,0.6172262524801587,0.48903060064566,0.5422522257139586,0.6461699514612286,0.6208916714994142,0.45428737708511263,0.6490838849926615,0.6662175519001622,0.46828679940287526,0.46135429645283643,0.5177104026226376,0.6113276915127026,0.6398840068375615,0.6414619372399091,0.45451999793814146,0.6473299942242114,0.4431349652459351,0.5319104394122859,0.4231224508755053,0.6023869814875478,0.644791510853402,0.6483797526930529,0.35594176916820214,0.41793210555530463,0.673881203089288,1.0,0.6495335740428101,0.6855304399327105,0.42240546209059004,0.3810629479306315,0.6597923936569636,0.6456383866827816,0.6655637486051935,0.3825024550431893,0.3740063128816109,0.4605089594047813,0.42355077123706003,0.6569134602127549,0.5455003101374494,0.6407057291988224,0.46135429645283643,0.4992573883192074,0.6842932018870836,0.6868113606516439,0.6434076152051945,0.6078396700899041,0.42355077123706003,0.43747895109469276,0.6413875087633737,0.6483797526930529,0.5365887699090003,0.4992573883192074,0.6462703357410827,0.5044765965040444,0.6461699514612286,0.6019581488834359
90,0.7686692573321164,0.5292596477499099,0.49359193021782566,0.8463521880888996,0.4481110291427509,0.932906111565094,0.923531978366531,0.6112751327423436,0.6106453385302292,0.6902652725754792,0.5013266234483074,0.5343738231725177,0.85815556979362,0.5308351486151811,0.4499325883093148,0.9403715768925235,0.7128194535333214,0.4786048119798746,0.44398123789920513,0.8072019041787242,0.5845302902585562,0.9260463729187672,0.8884859862668476,0.7065414656866157,0.535807890657133,0.43449955612210056,0.833014648209781,0.8834993494835696,0.7048813335592797,0.5000908191378152,0.5932555477213971,0.38528253415568836,0.8242182638957428,0.5300825946740017,0.945445136063712,0.8528587933141057,1.0,0.6782487665437783,0.47389552104215366,0.5013266234483074,0.5308351486151811,0.6033945967660942,0.7118465549732813,0.9284127606733558,0.5294068819318958,0.4417646256934031,0.6106248461727788,0.9284127606733558,0.8929403496118042,0.553755566307744,0.9012469048461267,0.7266665367602643,0.46717793334029883,0.45524578936577664,0.8180793084006766,0.3936137815049658,0.5293319163756843,0.5000908191378152,0.6180336108526129,0.3903444215484251,0.6532602569335121,0.5009000163639339,0.5300825946740017,0.8486836989226729,0.6537365904097195,0.45670967185663525,0.8332827064534382,0.925586228154874,0.48135618451605183,0.47389552104215366,0.5280240279068514,0.7209478892309472,0.6499404201421584,0.827386348501188,0.4641246400975152,0.8393939575267627,0.45907574197910617,0.6102764407223792,0.44906269599061344,0.6459358565531568,0.9864014182439677,0.7006416849463443,0.36724013395495436,0.4354184931153628,0.8486438365443233,0.6495335740428101,1.0,0.7735369290746494,0.4490192316915256,0.3802531218618485,0.9253622550414723,0.8441559476720436,0.9428758070579438,0.3899257960449577,0.3847832528301532,0.486084853161589,0.4499325883093148,0.8485556630978158,0.5339514624314634,0.7013304535163553,0.47389552104215366,0.5000908191378152,0.7137051364521558,0.7686692573321164,0.8242182638957428,0.6482546831814925,0.4499325883093148,0.4467048620046683,0.8074817896175672,0.9783492121307095,0.5267872920064631,0.5000908191378152,0.9837245033112583,0.5188660665991707,0.8486836989226729,0.5856439911864347
91,0.7230475532485477,0.536650969983752,0.4936106983655275,0.7691313697812556,0.43933222437021385,0.7893181155809602,0.7864493275135291,0.5190048627679531,0.6108373428869138,0.6524331673168189,0.5083960764695825,0.5427262789763883,0.8032754422922062,0.5391802470896365,0.44103142974343007,0.795182084435948,0.7328288961327449,0.4631327044715218,0.4346259439720198,0.7558737172205001,0.57559434054143,0.7922634037653182,0.7708539281072414,0.6684288579443102,0.5441702814128927,0.4229165515892625,0.8671834939727623,0.7557821446843537,0.6696353539466503,0.5071087644124415,0.539902364202174,0.3878231344778707,0.7787593106439239,0.5384048048201059,0.7881778747957038,0.7852892954830185,0.7735369290746494,0.6803325408613218,0.47826687495769954,0.5083960764695825,0.5391802470896365,0.552645779659612,0.7255768320495718,0.7903195321637427,0.5368595648221691,0.4309076295744634,0.6599521340247307,0.7903195321637427,0.7668670003243016,0.5180716189519557,0.8129218655206207,0.6777592795071756,0.47152349476376254,0.4469110016740711,0.7694470800028254,0.3875221931216654,0.5376312432538515,0.5071087644124415,0.5840205562760276,0.3842915160773501,0.6134847073554337,0.4918223607631148,0.5384048048201059,0.7712202985911544,0.6832012526640859,0.4474619179601713,0.7833264073873353,0.7985492474883186,0.4734869274972737,0.47826687495769954,0.5200863709914086,0.6896823063639068,0.6571844229692947,0.7760325404128902,0.4677757315269322,0.7812043337783047,0.4458978772231784,0.5372042659937312,0.4401480255266062,0.7530254792024719,0.7676612487704342,0.6731855035654977,0.35992243475974495,0.4193111541802342,0.7952335237811187,0.6855304399327105,0.7735369290746494,1.0,0.44017926150490994,0.3820388534207903,0.7831103939942718,0.7672325156452666,0.793417447281467,0.38966636553192946,0.37567981870472056,0.46894438332650057,0.44103142974343007,0.7971768988212389,0.5424239918059381,0.827634132525641,0.47826687495769954,0.5071087644124415,0.7702389100687528,0.9529657113771295,0.7787593106439239,0.6861195282830301,0.44103142974343007,0.4333093251735169,0.7633993562432385,0.776366080806138,0.5340003933835427,0.5071087644124415,0.7659847145436346,0.5115898448769446,0.7712202985911544,0.6099107360462609
92,0.43871569886336614,0.5976112199953636,0.5288658650661192,0.4333904985407829,0.9966638362109633,0.445051736272293,0.4459481327427794,0.4181991981417834,0.40819544616725634,0.4619185841539944,0.6769333026561342,0.6035666770755977,0.44743113144600133,0.5920841128883502,0.9900669337007242,0.44736179850683666,0.4569534876248397,0.5289108693139043,0.46278822404233194,0.4250871395045475,0.4771006624140615,0.4471539847805392,0.4367036160783984,0.43317105915829307,0.6079714861630202,0.4399343746135913,0.4408348965562926,0.43502658447370557,0.4326220907086876,0.6769333026561342,0.42060127661647906,0.5376313057437867,0.42296846033538443,0.5920841128883502,0.4495257888794722,0.4599582802935216,0.4490192316915256,0.4867048131942107,0.9900669337007242,0.6769333026561342,0.5920841128883502,0.41044100582621007,0.4861547261881136,0.44736179850683666,0.5933436406113779,0.452729075490293,0.4105266989628614,0.44736179850683666,0.43624830603457343,0.42941009260783053,0.4335492961138742,0.44523253169006805,0.9768989922908938,0.48922472712734844,0.42914374569526864,0.41957402013266265,0.5920841128883502,0.6769333026561342,0.4619185841539944,0.4259701728467118,0.4287982690856639,0.5643148587075338,0.5925290571853854,0.4338282821298331,0.4612216027294666,0.4409959418834681,0.43080049786842567,0.443871172761967,0.483755732842266,0.9900669337007242,0.6056705955643504,0.4562229179192669,0.47246722568589544,0.4228610400270388,0.9297337907705745,0.4296901313573594,0.43906982028444747,0.4179190331448224,0.9770333998490318,0.4183050277753602,0.4475759302011813,0.43196651320542906,0.5217033762269414,0.46879372427238464,0.44695247439456304,0.42240546209059004,0.4490192316915256,0.44017926150490994,1.0,0.49803138726237656,0.4457466941356842,0.4328030355461004,0.44807733207921324,0.41321619235781243,0.4620258189497753,0.5410691591734601,0.9900669337007242,0.43193430876323985,0.5976112199953636,0.4267601333756368,0.9900669337007242,0.6769333026561342,0.46069109427694016,0.43532412965186074,0.42238868583949274,0.5069303103005219,0.9900669337007242,0.45249219552054304,0.4243136355820485,0.4451808278605291,0.6006579432945667,0.6769333026561342,0.44829467612786406,0.5898751395743017,0.4338282821298331,0.4112409739917805
93,0.37632244964584666,0.5189389681915252,0.5134142864453494,0.37271653859706605,0.49859659405424767,0.3838394328468079,0.38749578868578033,0.3640714489402565,0.3581066388412182,0.3969487878949965,0.4712476415912211,0.5192419579513428,0.38455550555237966,0.5197173586172571,0.49747438677591516,0.385189232417517,0.40240619191020666,0.4529355799036307,0.49162422846304554,0.36466195824647646,0.39291584229035,0.3879918520706276,0.3712742443456247,0.4029426093437163,0.5183158460151899,0.4487716889875014,0.3542688651178781,0.36934252101985177,0.40237371500145114,0.47034721695304554,0.3601499541654695,0.8729191972763511,0.34712171217791227,0.5197890976234252,0.3865805735678334,0.3699769830658815,0.3802531218618485,0.41400679673116525,0.5610625913078715,0.4712476415912211,0.5197173586172571,0.4084728084140367,0.41170604774113223,0.3879772181322707,0.5190809703662185,0.494297597848955,0.33846658039928507,0.3879772181322707,0.3701343179502404,0.44492980611301547,0.3525278753627616,0.3658065899506826,0.5674647765580431,0.5132917170111038,0.36654453890438526,0.37032284723203895,0.5198636009608147,0.47034721695304554,0.401743539456848,0.38738070855505785,0.3493488998652896,0.4734710409072499,0.5197890976234252,0.3727873937972173,0.3847714775367728,0.47915304603865516,0.3691356917835535,0.383395200342178,0.48940323777680583,0.5610625913078715,0.4824977610091656,0.3826317596125202,0.40146746976250003,0.34723156242994846,0.5737617837937489,0.3683892157484603,0.4538440012451225,0.4072957974949749,0.49859659405424767,0.3691129956310597,0.3781474944363441,0.37930827585888593,0.7271192164809186,0.42600640125710704,0.39138735520108453,0.3810629479306315,0.3802531218618485,0.3820388534207903,0.49803138726237656,1.0,0.3811869977415584,0.37269906161141836,0.3856448598130841,0.36746683745735365,0.6290636095159019,0.45336863962350765,0.49747438677591516,0.37134739821326335,0.5186879271070615,0.37449998153777986,0.5610625913078715,0.47034721695304554,0.3970084250140865,0.378880345289787,0.34712171217791227,0.42733620796975974,0.49747438677591516,0.49079663500958753,0.3670029060541758,0.3784769469442228,0.5172081449321103,0.47034721695304554,0.3785628465024068,0.4745260413886868,0.3727873937972173,0.36419117175787913
94,0.7782292384196571,0.5328923546121717,0.49678061547671254,0.8751610987439348,0.44486386731856964,0.9759979951340232,0.9505839075929541,0.5995892988690451,0.6127360190928415,0.6839121726314198,0.5034689770353847,0.5380580590738708,0.9003777808870855,0.5345098664286397,0.4466346614308974,0.9580165289256198,0.7300125926962362,0.47562417538561425,0.4436863315212948,0.8260031770424839,0.5841070912305945,0.9531623230043095,0.8596005651812287,0.7056531601654583,0.5394993391033075,0.43421857122966745,0.8515938946095355,0.8504456110365035,0.7040014227280811,0.5022170486151222,0.5856748312119117,0.3865868096664113,0.830193966725157,0.5337449609634127,0.9480632430525358,0.8526732772144155,0.9253622550414723,0.6854826482549954,0.4743913364359032,0.5034689770353847,0.5345098664286397,0.6030078358340069,0.708087217509285,0.9506361949288958,0.533074248103491,0.4432012636567066,0.6218035723980672,0.9506361949288958,0.8593671894918364,0.5575177118866439,0.9081689790331612,0.7263433895712703,0.46770708483616474,0.45577746594555063,0.8456664870592524,0.3930676004126932,0.5329819344381553,0.5022170486151222,0.6245800699800295,0.39044406631631257,0.6528513943695955,0.499317171169951,0.5337449609634127,0.8820929399115995,0.6531404818080432,0.45820613944327215,0.8571256629783274,0.9579296066252588,0.4827827435388833,0.4743913364359032,0.5264656521657144,0.7263196545917269,0.6469437303864543,0.833400242600051,0.4646626803224128,0.8591375687441561,0.4605831239214024,0.6049622724634438,0.445760450859601,0.664720604989549,0.9227615611675959,0.7122327541292286,0.36519672217261123,0.4367816768377009,0.8765728462221316,0.6597923936569636,0.9253622550414723,0.7831103939942718,0.4457466941356842,0.3811869977415584,1.0,0.8728657041183155,0.9555084876845563,0.39119670288497566,0.38562276577936655,0.48300546221228496,0.4466346614308974,0.86851916309708,0.5376931035713012,0.7259384441297089,0.4743913364359032,0.5022170486151222,0.7281349778304905,0.7930641425991578,0.830193966725157,0.6569294873212385,0.4466346614308974,0.4472360299749208,0.8304200053392198,0.9202375753699045,0.5295014063419476,0.5022170486151222,0.920388389248698,0.5172103886449437,0.8820929399115995,0.5923395643792361
95,0.7623079013429566,0.51768411069457,0.4778179973266467,0.9971902680506145,0.4319872588069884,0.8622639660699039,0.8499095161338173,0.5626373459830563,0.649652182102567,0.6515459190917972,0.4904584453166874,0.5226789299232191,0.847865448521383,0.5199003543609674,0.43437887413791026,0.8516657700774772,0.7008084465292314,0.45788695091980625,0.4282548079292562,0.8929270385185776,0.5599910007622488,0.8480208927137844,0.8870468013335786,0.6708629049818454,0.5241005975501586,0.4184114288321029,0.8180846149898209,0.8819944265951131,0.6721182157728572,0.48931354043061925,0.5665236865359745,0.37866307582840486,0.8878477649971537,0.5191753848830797,0.8477108900480097,0.8085671400531117,0.8441559476720436,0.6568653037070529,0.46146918355955396,0.4904584453166874,0.5199003543609674,0.5683974339931254,0.6830495375931539,0.8458320766581705,0.5184816938402895,0.4258981013522743,0.6373524508965336,0.8458320766581705,0.8915528360278383,0.5252827184041482,0.8786919924982446,0.6992704600663644,0.45571065084536183,0.44014466756913895,0.9054166815547816,0.38012135335303665,0.5184522887596626,0.48931354043061925,0.5982462808573075,0.38186007955038065,0.6525695402457873,0.4839674881361109,0.5191753848830797,0.9833467412304764,0.6293965548385543,0.43896003233624853,0.9131558884251957,0.8687963410985939,0.46472950840031035,0.46146918355955396,0.5123825882175015,0.7051669470745922,0.6175580439066929,0.8914375164001919,0.452578814902977,0.9254453825622964,0.44008252873876863,0.5727480587689312,0.43425425026988235,0.6558972842873907,0.8502267894115502,0.7066651360263961,0.3569360663511824,0.42454936105478175,0.8467924720503222,0.6456383866827816,0.8441559476720436,0.7672325156452666,0.4328030355461004,0.37269906161141836,0.8728657041183155,1.0,0.8538826572062507,0.38810783373580765,0.3762435855089001,0.46370836175955865,0.43437887413791026,0.9061340364241657,0.5220864763670681,0.713881368676569,0.46146918355955396,0.48931354043061925,0.7105196098871823,0.7732257207158113,0.8878477649971537,0.6164857856094439,0.43437887413791026,0.43174221858726636,0.8978858231095974,0.8565417671240878,0.5162163162050899,0.48931354043061925,0.852458325895409,0.5001055004608704,0.9833467412304764,0.5857905603625657
96,0.7811838071807286,0.5392949957366322,0.5050440193933249,0.8560938422484927,0.447177959523731,0.9735374571487232,0.9634136570112525,0.6074919564884327,0.6133404672730516,0.7037695768581271,0.5083960764695825,0.5445339893856485,0.8851893400945172,0.5409775044711888,0.4489818526957475,0.9866497139224412,0.7390339642435634,0.4786048119798746,0.4498406378642059,0.808683294947812,0.5845302902585562,0.9711195721784183,0.8581938147942413,0.7334997042361652,0.5459840895138884,0.4405165834158285,0.83919820310373,0.8448607956517858,0.7317663169964183,0.5071087644124415,0.5932555477213971,0.3909072929766583,0.8242182638957428,0.540194074219552,0.9919729386468906,0.8590627254266688,0.9428758070579438,0.7045627854359576,0.47982848996782457,0.5083960764695825,0.5409775044711888,0.623656674833494,0.7225940365750771,0.9685428862436857,0.5395328521967236,0.45041519361999505,0.6144556020276392,0.9685428862436857,0.8536419400600473,0.5723499558003592,0.9012469048461267,0.7266665367602643,0.47301073850660486,0.4617316512930503,0.8235457298058744,0.39817956281171485,0.5394125279567848,0.5071087644124415,0.6345309557096382,0.3947682581633343,0.6532602569335121,0.5009000163639339,0.540194074219552,0.8627710759361272,0.663989845393362,0.46623573742514746,0.85143574011742,0.9657963322358563,0.491822908690484,0.47982848996782457,0.5280240279068514,0.726071639869301,0.6571844229692947,0.827386348501188,0.47000132641734677,0.8406399734004129,0.46875250714109473,0.620433588643522,0.4481110291427509,0.6593363024597524,0.9353313435285189,0.7152382148859041,0.3667510149693622,0.4416682203408492,0.888168045940504,0.6655637486051935,0.9428758070579438,0.793417447281467,0.44807733207921324,0.3856448598130841,0.9555084876845563,0.8538826572062507,1.0,0.3915510295934533,0.38854098659515757,0.486084853161589,0.4489818526957475,0.8670330878311532,0.5442631137109729,0.7160076396567637,0.47982848996782457,0.5071087644124415,0.7341358086938369,0.7885388063222458,0.8242182638957428,0.6665908016873636,0.4489818526957475,0.45471616264565623,0.816982040872497,0.9279146534381951,0.5356919179792852,0.5071087644124415,0.9329149047272877,0.5188660665991707,0.8627710759361272,0.6025936624573468
97,0.392269380196852,0.5204448404042886,0.4632161534673202,0.3885230308242595,0.4126717988473627,0.39125390290775025,0.39218037506229964,0.362829250322343,0.3722755615471663,0.40172245137282336,0.49081347789391677,0.525500322788896,0.3925591440070678,0.5211753973625592,0.4137657895526418,0.3917795144067291,0.406549257970111,0.43056385970105077,0.4098792357739152,0.3808674585282143,0.40441570122277665,0.3930267812026276,0.38855097954858825,0.39095637724775834,0.528525120731155,0.39697138443298785,0.3933287950987066,0.3865789726268448,0.39070872361370645,0.48966530603922326,0.3628198440405013,0.3747456846459107,0.3808756802009209,0.5212159400021515,0.3918043716367446,0.3950767605316223,0.3899257960449577,0.41380513056090784,0.4470581103627093,0.49081347789391677,0.5211753973625592,0.36999945074058477,0.4093874249126491,0.3929406761641505,0.5189893528424452,0.40593637568642305,0.36402694032482913,0.3929406761641505,0.38733689904669155,0.3884570390208852,0.3817545974480148,0.3948491871829365,0.4424453354688362,0.4280244547438477,0.38382186227405124,0.39665812735119665,0.5204833541115979,0.48966530603922326,0.39940557642526564,0.37470847134624985,0.37783447658613806,0.46661582351778097,0.5204448404042886,0.38845755261636594,0.39263495310867236,0.40734650988981713,0.385258012148186,0.3908710718126419,0.43073753946187765,0.4470581103627093,0.49703431127717645,0.3952877677016734,0.40577343535503235,0.38061472049793366,0.43885084498331206,0.3852999867575676,0.40183022886711073,0.37251947357548215,0.41252324711495414,0.3821926701158696,0.3890265912645891,0.3896866791546923,0.34770227185470814,0.4073441303126755,0.39521944883718524,0.3825024550431893,0.3899257960449577,0.38966636553192946,0.41321619235781243,0.36746683745735365,0.39119670288497566,0.38810783373580765,0.3915510295934533,1.0,0.35634032390895176,0.4349561100410228,0.4137657895526418,0.38564030124691,0.5210695514619584,0.38435953133426326,0.4470581103627093,0.48966530603922326,0.39925513949378044,0.38745982871217094,0.3799191518980564,0.43001213622427964,0.4137657895526418,0.40498920987895526,0.3811753709117235,0.3878670577735503,0.5243270617648002,0.48966530603922326,0.38941877547828885,0.4817367791125493,0.38845755261636594,0.371633228634296
98,0.3777928580656107,0.48273317304891267,0.48252528267818007,0.3767491178362217,0.4608239300599776,0.38695955336961657,0.3907834603676339,0.4115382014754606,0.35091792990815146,0.3964237583208423,0.46662092142865497,0.48418720255871756,0.3858754057075866,0.4828855236146271,0.46323328655876767,0.3879876884715783,0.3980327839347021,0.44748720114325236,0.5010237708592287,0.36521642531243803,0.3929764225320636,0.3911969263254133,0.3728329121467274,0.3988039001233333,0.4847129180166572,0.48549674341803506,0.3599928228711174,0.37120719985964445,0.3982013489882588,0.4660738203055953,0.38856731401087763,0.5746697347793801,0.35170716619824377,0.48273317304891267,0.38958220799780824,0.37833458843933276,0.3847832528301532,0.40823922520303013,0.4861692604679903,0.46662092142865497,0.4828855236146271,0.4317731009305152,0.40830213441080104,0.39127255414784723,0.48243544531674565,0.5291885162918329,0.3383698162720783,0.39127255414784723,0.3725591759193606,0.4754640013619632,0.3593802717157107,0.37250339851511033,0.48548845637164545,0.5013829140689092,0.36753940617430636,0.3705712099537576,0.48258314489532783,0.4660738203055953,0.40793165613383753,0.3923300563626107,0.3555506882550166,0.45909666913227715,0.48273317304891267,0.37648356190533283,0.3780819289437498,0.5156907273949906,0.3699705268735305,0.38641352593995576,0.4926506587751461,0.4861692604679903,0.47345820404936345,0.3846343755352324,0.39441770187492825,0.3516928080856955,0.4894549162514457,0.37014171527123,0.4849628918358767,0.43973519236010894,0.45933577696323447,0.360887156638594,0.38333634300878566,0.37994254776050795,0.6347505204848717,0.44307041400339287,0.3923811084638374,0.3740063128816109,0.3847832528301532,0.37567981870472056,0.4620258189497753,0.6290636095159019,0.38562276577936655,0.3762435855089001,0.38854098659515757,0.35634032390895176,1.0,0.4524876696000146,0.46323328655876767,0.37065661958143786,0.482924067269334,0.3675148193976124,0.4861692604679903,0.4660738203055953,0.39078632512309297,0.37281004436904,0.35170716619824377,0.41945689767427885,0.46323328655876767,0.544321067773139,0.3691342666075625,0.38235418922593106,0.4815746313698476,0.4660738203055953,0.38387528790764347,0.4642867112954826,0.37648356190533283,0.3593858970468854
99,0.48788949928622094,0.7695733828093528,0.8409050956406948,0.46444440489538286,0.5399427838611028,0.48342232339751107,0.48342232339751107,0.5062866121504797,0.4287490710777275,0.5194079355055742,0.7211544852621622,0.7710755424780232,0.48537845983098227,0.7705320615819402,0.5406251231277546,0.48388340301871124,0.5029253560954868,0.8860686958573499,0.6745674033658852,0.4556325087500037,0.5326545687764487,0.4847672535983916,0.4682898804799754,0.5101262648389133,0.7749663996483586,0.612745497514465,0.46719063020622187,0.4652660135287219,0.5090708599567982,0.7211544852621622,0.47768556671116014,0.45797203390858265,0.4523198749178851,0.7705320615819402,0.48788949928622094,0.49799118828712774,0.486084853161589,0.5304621696981955,0.5406251231277546,0.7211544852621622,0.7705320615819402,0.4988687325135923,0.5341134239295121,0.48388340301871124,0.7690735249380919,0.6479450886207191,0.4280663624707969,0.48388340301871124,0.4667661726903349,0.5892320534223706,0.4681153642470799,0.4973321469639685,0.5363535324111913,0.7453550856689776,0.45880680135079094,0.5017551785398136,0.7705320615819402,0.7211544852621622,0.5227060340442646,0.4548967877216125,0.45295867925818256,0.7724733064835404,0.7720022952214289,0.4648523523152663,0.47524086677255917,0.6230767981023866,0.46193314698829463,0.48081312347331584,0.7886455049461898,0.5406251231277546,0.7701472012124103,0.4956552403062049,0.49544700673502645,0.45295867925818256,0.5389410235534416,0.4605089594047813,0.6394363233447095,0.5244528709365543,0.5383861648749556,0.44356174232825124,0.4843039079218,0.47493240014365895,0.4774764789911827,0.6405922440065333,0.4817947633511477,0.4605089594047813,0.486084853161589,0.46894438332650057,0.5410691591734601,0.45336863962350765,0.48300546221228496,0.46370836175955865,0.486084853161589,0.4349561100410228,0.4524876696000146,1.0,0.5406251231277546,0.46233635448136956,0.7661912568770192,0.4580719811796932,0.5406251231277546,0.7211544852621622,0.4941795417831489,0.46226367770167986,0.4523198749178851,0.5573237897994947,0.5406251231277546,0.6370790689190158,0.4539556548397063,0.47910328595300355,0.758139980068802,0.7211544852621622,0.4851914178783319,0.7885151806960905,0.4648523523152663,0.43598179264639075
100,0.4395149311373332,0.6005326372134109,0.5284679823938663,0.434979089568854,0.986779662288649,0.4459358330389803,0.44684101276894,0.41957320395323566,0.4088980167144063,0.462820862956535,0.6782830994196897,0.6065330909778623,0.44919816365624265,0.5949380443211251,1.0,0.44826243842548924,0.4577974499493435,0.5285334504860713,0.4637551671967883,0.42647151846307235,0.477965676563894,0.44804969419875285,0.43834069946195237,0.4345348225979372,0.6109936130691686,0.44081846736319186,0.4417171267259748,0.43663944551812855,0.43397347354037635,0.6782830994196897,0.4213911132619302,0.5368287901666269,0.4243304272224503,0.5949380443211251,0.45043807265989577,0.4608921066446789,0.4499325883093148,0.4888978556271282,1.0,0.6782830994196897,0.5949380443211251,0.41146606667334673,0.48716183296525045,0.44826243842548924,0.5962100201415179,0.4546767461580179,0.411511790443328,0.44826243842548924,0.43788669629522786,0.43079730740463723,0.43515187278151934,0.4460490069001763,0.9736980221032585,0.49027305960763107,0.4306156205828396,0.42057952211696265,0.5949380443211251,0.6782830994196897,0.462820862956535,0.42679451422182524,0.4303852703923007,0.5670154459392127,0.5954004284691605,0.43541564575335134,0.4621693962610548,0.44266429978154126,0.4323103933428733,0.4447524159113042,0.48356509642081735,1.0,0.6086442751851765,0.4571264476707008,0.47342978143520886,0.4242094178913989,0.9388779304529363,0.43117467343453053,0.43912527962201375,0.41916952440910565,0.986779662288649,0.4189570162073971,0.4484815065660531,0.4327344558928406,0.5209986338079975,0.470642776013537,0.4487658937920718,0.42355077123706003,0.4499325883093148,0.44103142974343007,0.9900669337007242,0.49747438677591516,0.4466346614308974,0.43437887413791026,0.4489818526957475,0.4137657895526418,0.46323328655876767,0.5406251231277546,1.0,0.4334695840346237,0.5987662775506764,0.42749452574396035,1.0,0.6782830994196897,0.46161232092791027,0.4361501727778844,0.4237244151274755,0.507942552187825,1.0,0.4544251576243481,0.42569998883999266,0.4470148827677801,0.6036222400472833,0.6782830994196897,0.4492041422955221,0.5928243861515906,0.43541564575335134,0.41218499215032656
101,0.7589171509837622,0.5172102501765269,0.4765192005577116,0.9037676246243932,0.4318423887207322,0.8667657325501521,0.8500340885511871,0.5578565900983371,0.6528149266808505,0.6570082607495211,0.49117097118680525,0.5221831732778209,0.8608333747206357,0.5194045829027094,0.4334695840346237,0.8691693377084364,0.7010276547456855,0.45656796697700186,0.42361562476295583,0.9124523875562933,0.5642107671909599,0.8523889386028852,0.896560383706185,0.6825608298616245,0.5236004822142304,0.41439792757103144,0.8399300959450458,0.891464526756836,0.6838634884114967,0.49001953406228216,0.5583733951699564,0.37768010864799545,0.9058111391181873,0.5186840097289518,0.8606911253805724,0.8057945609638674,0.8485556630978158,0.6672744684798214,0.4598341991083374,0.49117097118680525,0.5194045829027094,0.5687139736428072,0.69163722593446,0.8501868518668406,0.5179903261438586,0.42261061344433454,0.6614447380630585,0.8501868518668406,0.9011569620939117,0.522153046765826,0.9104540979015926,0.706322001001753,0.45355927188686695,0.436345498451347,0.9303084002203922,0.3811805822762093,0.5179653084580613,0.49001953406228216,0.5835602168222948,0.37838689971820993,0.6548949485918641,0.4836704009767237,0.5186840097289518,0.9062989978157255,0.6449685660096445,0.43493127440614543,0.9697010285447636,0.873348870224065,0.46142160297015716,0.4598341991083374,0.5110566899784503,0.6992405118187781,0.6247552589231891,0.9095017254286184,0.45042227702551907,0.9458889955057093,0.43685140324338045,0.5642194294336383,0.4340817796367559,0.6795859363943308,0.8460568667920072,0.688190203975575,0.3562851341100242,0.4181179843565608,0.846918422912128,0.6569134602127549,0.8485556630978158,0.7971768988212389,0.43193430876323985,0.37134739821326335,0.86851916309708,0.9061340364241657,0.8670330878311532,0.38564030124691,0.37065661958143786,0.46233635448136956,0.4334695840346237,1.0,0.521577507191652,0.7410068264232761,0.4598341991083374,0.49001953406228216,0.7262901797024783,0.8037898058846734,0.9131274307938687,0.6272867207853977,0.4334695840346237,0.4265304313733737,0.9076766394591962,0.8610525551361939,0.5157641727170656,0.49001953406228216,0.8439942950041391,0.4997614027299967,0.9062989978157255,0.6132833326451955
102,0.5388835947854995,0.9693463948706516,0.7824529133120466,0.5226001542602913,0.5964610909704072,0.5427546162033998,0.5467278588961197,0.5028271427859402,0.503413347902423,0.5655333454113574,0.7695656154442416,0.9679163129282345,0.5464048759871888,0.9776969157889772,0.5987662775506764,0.5436532302651526,0.5891000849574579,0.7481251411791281,0.6294019181988822,0.5111929797630926,0.6033043150149584,0.5476488094480412,0.5198157222623879,0.5866156291562591,0.9663595804779278,0.5830012933230564,0.5083252086394239,0.5158962652161991,0.5858364365325479,0.7672134349952079,0.5001532306825806,0.5420081967213115,0.4951463195764656,0.9760022639373644,0.5451710064339055,0.5438573638361963,0.5339514624314634,0.610552735270093,0.6450636120660521,0.7695656154442416,0.9776969157889772,0.5331625272694575,0.5998000776348271,0.5470255848204455,0.9726219347884667,0.617878536540411,0.4762072112568619,0.5470255848204455,0.517835760275344,0.5967616747309069,0.5062493020772904,0.5393634840871022,0.6408516902998622,0.6792542837341998,0.5142130909880509,0.52513933440901,0.9743106038658734,0.7672134349952079,0.5628186993793385,0.508511611362366,0.4992659180945038,0.890881693238995,0.9793631295473874,0.5241564245810055,0.5402958036484878,0.6172756032912174,0.5195561833195833,0.5421505513417044,0.6934481450793362,0.6450636120660521,0.9628921911521335,0.5469907939357543,0.5714114196739558,0.49571640150450996,0.6478881380381435,0.5173359749084405,0.6105421805171487,0.5426572879011314,0.5964610909704072,0.5228604684144156,0.5311500885271377,0.5418181397923058,0.48909848215098994,0.6238092869726375,0.5556720000509356,0.5455003101374494,0.5339514624314634,0.5424239918059381,0.5976112199953636,0.5186879271070615,0.5376931035713012,0.5220864763670681,0.5442631137109729,0.5210695514619584,0.482924067269334,0.7661912568770192,0.5987662775506764,0.521577507191652,1.0,0.5331906220232913,0.6450636120660521,0.7672134349952079,0.5720184504888618,0.5379928475352045,0.4951463195764656,0.640831342283892,0.5987662775506764,0.6161031138443394,0.5130372492836677,0.5294995114730584,0.9420544371995029,0.7672134349952079,0.5317053225812615,0.8848659617643918,0.5241564245810055,0.5094204339210014
103,0.6748502381290044,0.5284266196562363,0.4770713144412402,0.7156266451605676,0.4260308599084745,0.7219174381227015,0.7165360794651245,0.4827555252338462,0.6359991482593005,0.599827329974396,0.49526555236493575,0.5336009941688176,0.7514426994385471,0.5308792176640945,0.42749452574396035,0.7174734252833173,0.6865847361354952,0.4506553299477337,0.4208015337645323,0.7093943079176346,0.5550978372811535,0.718528459316743,0.7171557237153257,0.6239564037171783,0.5333567148019945,0.40672782874617736,0.7774065566924201,0.7065134099616859,0.625005993930717,0.49407830357108773,0.49838951025894646,0.3804371328422162,0.7103762361665856,0.530968636106976,0.7116564863822011,0.7293744190809269,0.7013304535163553,0.6402387836955508,0.4582503830335149,0.49526555236493575,0.5308792176640945,0.5171551828407854,0.6750754620993725,0.7168026594687988,0.5294329201721149,0.4165559772296015,0.6967179026858764,0.7168026594687988,0.7134386650097639,0.4902984932713823,0.720649814211027,0.6443616985192415,0.45275961177989754,0.43539971260840366,0.7187614824976116,0.37690698512721277,0.5301998343807574,0.49407830357108773,0.5458175724203974,0.37758193003131624,0.5865655405584678,0.48631356136046566,0.5301125082726671,0.7143312214632075,0.6374468714068916,0.4308412012157618,0.7316857499149756,0.7266813199781675,0.45771331319578296,0.4582503830335149,0.513735403096002,0.645397047020994,0.6005668766270027,0.7080378347057528,0.4507767386479884,0.7262882135602619,0.42645249895503673,0.50545358160493,0.4265905652180426,0.8409426599942682,0.6991349911450024,0.6398213297354074,0.3542709996463009,0.408498939962258,0.7312844011574307,0.6407057291988224,0.7013304535163553,0.827634132525641,0.4267601333756368,0.37449998153777986,0.7259384441297089,0.713881368676569,0.7160076396567637,0.38435953133426326,0.3675148193976124,0.4580719811796932,0.42749452574396035,0.7410068264232761,0.5331906220232913,1.0,0.4582503830335149,0.49407830357108773,0.7074208933791476,0.834853237622302,0.7103762361665856,0.6497659584596099,0.42749452574396035,0.41850738815220395,0.7130813132169295,0.7065929313470192,0.5251035471029162,0.49407830357108773,0.6977152097055626,0.5004591572037742,0.7143312214632075,0.5962053204664993
104,0.46362587478461287,0.6440660291512471,0.5764679236736312,0.46195881382708487,0.986779662288649,0.4767743264409512,0.48215734598728616,0.41957320395323566,0.4347634147598218,0.498060048135268,0.622856845002811,0.6514391992308102,0.4788015212563736,0.6421487429241864,1.0,0.47925294850538536,0.5002220875146315,0.5285334504860713,0.5016448204295625,0.44873415692467666,0.477965676563894,0.48311628761354675,0.46016024076446055,0.47547465006204886,0.6544148831596297,0.48246731199634146,0.4417171267259748,0.4570251649986984,0.4749359967776511,0.6210135758517968,0.4213911132619302,0.6035190498040252,0.4243304272224503,0.6411810558171064,0.4815711297851958,0.4608921066446789,0.47389552104215366,0.5256929762348549,1.0,0.622856845002811,0.6421487429241864,0.4452563208771618,0.5194814011239296,0.4833377788035374,0.6406796614102775,0.4989911499786921,0.411511790443328,0.4833377788035374,0.45889599752829036,0.4725817820089885,0.43515187278151934,0.4460490069001763,0.9764613672714823,0.5271394313306905,0.4528314233483654,0.44244048317920315,0.6402153392659474,0.6210135758517968,0.4963668100170197,0.46501766388313953,0.4303852703923007,0.5670154459392127,0.6426182009419114,0.4621011257669522,0.49132439061633765,0.49336647463934796,0.4565631685249256,0.47697749276202306,0.5306071185343293,1.0,0.6086442751851765,0.4760390571116331,0.5135146146335103,0.4242094178913989,0.9435072284090853,0.45580108576062356,0.48854583378414096,0.4501142559975685,0.986779662288649,0.45144001006410334,0.4711729153222169,0.4603200439194828,0.5209986338079975,0.48424701672095316,0.4880800936116138,0.46135429645283643,0.47389552104215366,0.47826687495769954,0.9900669337007242,0.5610625913078715,0.4743913364359032,0.46146918355955396,0.47982848996782457,0.4470581103627093,0.4861692604679903,0.5406251231277546,1.0,0.4598341991083374,0.6450636120660521,0.4582503830335149,1.0,0.6210135758517968,0.4992338699205439,0.4730983815984155,0.4237244151274755,0.5450755271862248,1.0,0.4958620528130739,0.4509598642765435,0.4717781679616415,0.6450428244662301,0.6210135758517968,0.4717120427639476,0.5928243861515906,0.4621011257669522,0.4422050672393873
105,0.5017869317207994,0.7625114362179679,0.6315241934383908,0.48966530603922326,0.6755886187591073,0.5052959612191809,0.5089603509381031,0.5140066978551525,0.4740001052081903,0.5371282672384163,0.9964053499814528,0.7731396462628197,0.509429300831755,0.7636836853463806,0.6782830994196897,0.5066519254639485,0.5456876366054113,0.709272183449651,0.5284739678651745,0.48074997538360026,0.6472991282562569,0.5103744583508025,0.48931354043061925,0.5167534003174262,0.7767213166744529,0.5066519254639485,0.5463711429813125,0.48658817105392416,0.5162482498333626,1.0,0.5155916864790244,0.4796351144745175,0.5278881304803538,0.7625114362179679,0.5084938214656388,0.5808881049160212,0.5000908191378152,0.567690996107907,0.6210135758517968,0.9964053499814528,0.7636836853463806,0.4770225003362561,0.5533928309213424,0.5099006702635323,0.7601734436680722,0.5224686817607171,0.5117826009152031,0.5099006702635323,0.48793112022718493,0.5084938214656388,0.5403430733440704,0.5737505432420686,0.611666963001277,0.5593940678019224,0.48402091807088904,0.4846478824687487,0.7613413554042086,1.0,0.5347681013927394,0.48560689694780707,0.5284300943323874,0.80107370197101,0.7625114362179679,0.4907353737380171,0.519834805784325,0.5230026506307087,0.48759168025955507,0.5048488269580825,0.5734091076795316,0.6210135758517968,0.891264667535854,0.512779647757438,0.5488568805103811,0.5284300943323874,0.603410136298395,0.48658817105392416,0.5224686817607171,0.4813223368716848,0.6755886187591073,0.48931354043061925,0.49802554400806304,0.4968156834424439,0.5056982897461462,0.5336022809309686,0.5157455065695351,0.4992573883192074,0.5000908191378152,0.5071087644124415,0.6769333026561342,0.47034721695304554,0.5022170486151222,0.48931354043061925,0.5071087644124415,0.48966530603922326,0.4660738203055953,0.7211544852621622,0.6782830994196897,0.49001953406228216,0.7672134349952079,0.49407830357108773,0.6210135758517968,1.0,0.5318713977285761,0.5017869317207994,0.5278881304803538,0.6050431672314851,0.6782830994196897,0.5214079350782403,0.48190464261109967,0.4968156834424439,0.7636836853463806,1.0,0.49843371733204556,0.8409489480277117,0.4907353737380171,0.4772725235062139
106,0.7172200709593614,0.5653867274740298,0.5150460254710307,0.7121571675887313,0.4597749752354481,0.7368270601666492,0.7377694195239923,0.5184538486230603,0.580680899280636,0.6455049504306737,0.5333122614458757,0.5719253130166685,0.7394744993229909,0.5683660372999138,0.46161232092791027,0.7387670710172063,0.741909127040309,0.4881223263857286,0.45295105020688414,0.6795557922336177,0.6034500516643908,0.7397131403370097,0.7044571148522552,0.6653617095666411,0.5733974969143235,0.4407158014237796,0.7243273952666682,0.6946488075097743,0.6665073421130139,0.5318713977285761,0.5163884257402757,0.4028931154567372,0.6749781932900657,0.5675178333538643,0.7392372681678953,0.7431486847077956,0.7137051364521558,0.692358085329606,0.4992338699205439,0.5333122614458757,0.5683660372999138,0.5396228691225113,0.7346648439725517,0.7380085866950415,0.5658271493224171,0.4500186912625257,0.5764138619383816,0.7380085866950415,0.7040219511718021,0.5312289928581566,0.7067107571140375,0.6921247101108849,0.49212988940824287,0.46692663793946315,0.6937939120471119,0.40246825759591065,0.5666715366487324,0.5318713977285761,0.6048939101856076,0.39985582649949963,0.5830453595074921,0.5208473436449227,0.5675178333538643,0.710954333959058,0.6637137630524979,0.46751334085649254,0.7115183592221387,0.7415041475114041,0.49203749436631933,0.4992338699205439,0.5515436522635402,0.7025075810791452,0.6645906418020308,0.672970692036213,0.49012340054860026,0.7066210432607652,0.4602138315216197,0.5311123609810655,0.4607727678914882,0.6591116895597511,0.7085907130187885,0.6512264181498636,0.37561098124070247,0.44011473754999064,0.7332217145278997,0.6842932018870836,0.7137051364521558,0.7702389100687528,0.46069109427694016,0.3970084250140865,0.7281349778304905,0.7105196098871823,0.7341358086938369,0.39925513949378044,0.39078632512309297,0.4941795417831489,0.46161232092791027,0.7262901797024783,0.5720184504888618,0.7074208933791476,0.4992338699205439,0.5318713977285761,1.0,0.7554625437156649,0.6749781932900657,0.7026780131388494,0.46161232092791027,0.45117108083962804,0.6945537046179181,0.7067379441702626,0.5620600756350652,0.5318713977285761,0.7072146160490157,0.5379475229580173,0.710954333959058,0.5801353722234395
107,0.7088768605733551,0.5323253741277153,0.48715181053677464,0.7751605749895246,0.43450321898722016,0.7881373718732924,0.7889450833027246,0.518208555072501,0.6138385197854421,0.6407463288917766,0.5030356375092426,0.5383508213908115,0.8137063850010784,0.5347981468887917,0.4361501727778844,0.7902954790737762,0.722266836918671,0.45755022298232173,0.4314439959949214,0.769059779913594,0.5642027780757267,0.7911040986893758,0.7695579415766184,0.6722225809435224,0.5389248395514404,0.4182971695358626,0.8697825477974648,0.754407881122479,0.6734559433838626,0.5017869317207994,0.5362565546744034,0.38472977122793856,0.7979381090199168,0.5340309591674443,0.7833230943805998,0.77609040859591,0.7686692573321164,0.6813834961546456,0.4730983815984155,0.5030356375092426,0.5347981468887917,0.5503914584696992,0.7182006106696505,0.7891500175946677,0.5325022261798753,0.4270225237023456,0.6604633985773696,0.7891500175946677,0.7655490985518468,0.5157905998942875,0.8271985135356003,0.6783619903258695,0.4664666139431837,0.44385870684305034,0.7830608234348833,0.3840461650041519,0.5332656514382402,0.5017869317207994,0.5721253223219729,0.38148927093234736,0.6173809945414931,0.48646322709894046,0.5340309591674443,0.7735911009466794,0.6787407183673755,0.4432370744519346,0.7973761244417854,0.7974137849067726,0.46847576675200975,0.4730983815984155,0.513753561598828,0.6822793493921935,0.6480292943406697,0.7950722668683218,0.46341630474134976,0.7951973642034428,0.44169598100759605,0.5349095915434762,0.4352574290444015,0.75872512559288,0.7663637682497395,0.6686077497161456,0.3568633661275742,0.4155184990218641,0.7940958704083105,0.6868113606516439,0.7686692573321164,0.9529657113771295,0.43532412965186074,0.378880345289787,0.7930641425991578,0.7732257207158113,0.7885388063222458,0.38745982871217094,0.37281004436904,0.46226367770167986,0.4361501727778844,0.8037898058846734,0.5379928475352045,0.834853237622302,0.4730983815984155,0.5017869317207994,0.7554625437156649,1.0,0.7979381090199168,0.6674098375254637,0.4361501727778844,0.42863690095680795,0.7806064178609586,0.7751091744458792,0.5297624573500368,0.5017869317207994,0.7646797646797647,0.5047619576042901,0.7735911009466794,0.6103592113555202
108,0.7245446885734655,0.4934924462244745,0.4438273984484171,0.8843980133584518,0.4222176570284012,0.8332159325154169,0.8332159325154169,0.5535369860716164,0.6318944603725164,0.6198795691629209,0.5278881304803538,0.4983113876977953,0.8070860484968347,0.49314667563849024,0.4237244151274755,0.8271947972627133,0.6611291922327022,0.4466828292732507,0.3975824999353955,0.9586767101938652,0.5370813717098224,0.8242182638957428,0.8849435258865853,0.6831179549034467,0.4993684426905694,0.38242084432717677,0.7950976539138458,0.8988230604053601,0.6852119087089092,0.5278881304803538,0.5540639325038454,0.3499523679459593,0.9914841086523578,0.49314667563849024,0.8183324719921753,0.749096657633243,0.8242182638957428,0.6246551717968993,0.4237244151274755,0.5278881304803538,0.49314667563849024,0.5641102687376726,0.6387675444653618,0.8271947972627133,0.49409346591374986,0.3875522774428119,0.6579073957815265,0.8271947972627133,0.891830975757084,0.49604243282480054,0.9021303714493809,0.6761952179612349,0.41891420370589505,0.41157541083230736,0.9316250405449238,0.3657693354807178,0.49314667563849024,0.5278881304803538,0.5404954272569152,0.3544351794151491,0.6601578194558282,0.4735896229356706,0.4922039243167484,0.8845317571430501,0.619362215728624,0.39925071380237986,0.9204429442548769,0.8424202330227234,0.428711745080209,0.4237244151274755,0.5011749689694617,0.6585937141195022,0.5963089788415096,0.9957303349078931,0.41575719779648684,0.9278695495428873,0.3967681650388626,0.5474852534370908,0.42403746097814776,0.6414155421199851,0.830193966725157,0.6722551657894946,0.3504347158064204,0.4035444399959964,0.8212642078900614,0.6434076152051945,0.8242182638957428,0.7787593106439239,0.42238868583949274,0.34712171217791227,0.830193966725157,0.8878477649971537,0.8242182638957428,0.3799191518980564,0.35170716619824377,0.4523198749178851,0.4237244151274755,0.9131274307938687,0.4951463195764656,0.7103762361665856,0.4237244151274755,0.5278881304803538,0.6749781932900657,0.7979381090199168,1.0,0.5859588500052101,0.4237244151274755,0.39157131077817575,0.942756817402979,0.8486734216406978,0.49205089384973755,0.5278881304803538,0.8271947972627133,0.48933305889486595,0.8845317571430501,0.5909569448885215
109,0.6442948389231539,0.6326514315943924,0.5739320423919053,0.6176489903649197,0.5059230992339496,0.6636958442736846,0.6718973279634128,0.5045647811808428,0.5428942089357929,0.7234811353376541,0.6068233295231082,0.6413825292020088,0.6708323717330619,0.6364550780883932,0.507942552187825,0.6676455696202531,0.7149334017997483,0.5457235371344438,0.5044744400492056,0.6000662804475806,0.6402573657339162,0.6759191793754079,0.618565478771108,0.6401293651099218,0.6428734729580629,0.4916751113853679,0.6340057440291431,0.6134317916098648,0.638908905024974,0.6050431672314851,0.5174717469147436,0.43339232575033027,0.5859588500052101,0.6354837419509659,0.6705647100513833,0.6712302738503612,0.6482546831814925,0.6941093210360175,0.5450755271862248,0.6068233295231082,0.6364550780883932,0.5435640383787813,0.6991462257758504,0.6745745588824441,0.6335470058749528,0.49875186101440677,0.5319844931647503,0.6745745588824441,0.6159887683887114,0.5639480808762981,0.6211023182895601,0.6262061454480253,0.5375587910677279,0.520432117460522,0.6104190988082833,0.4510202555612146,0.6359419557222814,0.6050431672314851,0.6464081014011609,0.4379851348671439,0.5476494927835592,0.5896797729813775,0.6354837419509659,0.6190686834614801,0.6749303477048844,0.5188776717797976,0.6169050095880281,0.6623872464427715,0.5516937578625688,0.5450755271862248,0.6238590588938525,0.6432593974303956,0.6687586480291986,0.5875466228101153,0.5319845110297828,0.6175838763991168,0.5169382067027712,0.5486531925444803,0.5059230992339496,0.6227715174787096,0.6419887417843329,0.6089769797691651,0.408095199005202,0.4875404557418305,0.673805204755739,0.6078396700899041,0.6482546831814925,0.6861195282830301,0.5069303103005219,0.42733620796975974,0.6569294873212385,0.6164857856094439,0.6665908016873636,0.43001213622427964,0.41945689767427885,0.5573237897994947,0.507942552187825,0.6272867207853977,0.640831342283892,0.6497659584596099,0.5450755271862248,0.6050431672314851,0.7026780131388494,0.6674098375254637,0.5859588500052101,1.0,0.507942552187825,0.5013568692382169,0.6025176425710471,0.6427148160924429,0.6308146521077005,0.6050431672314851,0.6410091684036422,0.6078210688361195,0.6190686834614801,0.5492415776886858
110,0.4395149311373332,0.6005326372134109,0.5284679823938663,0.434979089568854,0.986779662288649,0.4459358330389803,0.44684101276894,0.41957320395323566,0.4088980167144063,0.462820862956535,0.6782830994196897,0.6065330909778623,0.44919816365624265,0.5949380443211251,1.0,0.44826243842548924,0.4577974499493435,0.5285334504860713,0.4637551671967883,0.42647151846307235,0.477965676563894,0.44804969419875285,0.43834069946195237,0.4345348225979372,0.6109936130691686,0.44081846736319186,0.4417171267259748,0.43663944551812855,0.43397347354037635,0.6782830994196897,0.4213911132619302,0.5368287901666269,0.4243304272224503,0.5949380443211251,0.45043807265989577,0.4608921066446789,0.4499325883093148,0.4888978556271282,1.0,0.6782830994196897,0.5949380443211251,0.41146606667334673,0.48716183296525045,0.44826243842548924,0.5962100201415179,0.4546767461580179,0.411511790443328,0.44826243842548924,0.43788669629522786,0.43079730740463723,0.43515187278151934,0.4460490069001763,0.9736980221032585,0.49027305960763107,0.4306156205828396,0.42057952211696265,0.5949380443211251,0.6782830994196897,0.462820862956535,0.42679451422182524,0.4303852703923007,0.5670154459392127,0.5954004284691605,0.43541564575335134,0.4621693962610548,0.44266429978154126,0.4323103933428733,0.4447524159113042,0.48356509642081735,1.0,0.6086442751851765,0.4571264476707008,0.47342978143520886,0.4242094178913989,0.9388779304529363,0.43117467343453053,0.43912527962201375,0.41916952440910565,0.986779662288649,0.4189570162073971,0.4484815065660531,0.4327344558928406,0.5209986338079975,0.470642776013537,0.4487658937920718,0.42355077123706003,0.4499325883093148,0.44103142974343007,0.9900669337007242,0.49747438677591516,0.4466346614308974,0.43437887413791026,0.4489818526957475,0.4137657895526418,0.46323328655876767,0.5406251231277546,1.0,0.4334695840346237,0.5987662775506764,0.42749452574396035,1.0,0.6782830994196897,0.46161232092791027,0.4361501727778844,0.4237244151274755,0.507942552187825,1.0,0.4544251576243481,0.42569998883999266,0.4470148827677801,0.6036222400472833,0.6782830994196897,0.4492041422955221,0.5928243861515906,0.43541564575335134,0.41218499215032656
111,0.4378497718319573,0.6209992897049625,0.7036533335405706,0.43233773641277284,0.45156953223956664,0.4529190221302154,0.45752448129666456,0.48126414325270217,0.3957926172510504,0.47504795354031193,0.5227881123938404,0.6168002569127218,0.44871141167735645,0.6220504674605835,0.4544251576243481,0.45305299539170507,0.4631755210355237,0.6374440545757685,0.7709981846644307,0.41609188463105784,0.4453798435893289,0.45865473434182275,0.4285002371255862,0.48779213600032806,0.618401632909405,0.7097348131830891,0.39952619619345375,0.42475035824552365,0.48695768384988275,0.5214079350782403,0.43457635873074124,0.4724919602523679,0.39157131077817575,0.6209992897049625,0.4558303886925795,0.42809478697173553,0.4467048620046683,0.4874095563779049,0.4958620528130739,0.5227881123938404,0.6220504674605835,0.523843109596019,0.47742141468086957,0.457944247579258,0.621974191457197,0.8529924812030075,0.3672558030694028,0.457944247579258,0.426999606775514,0.6367511567360483,0.4043921808384363,0.4279249642954571,0.49218652539483204,0.7975715536896202,0.41967143965471787,0.47067188720640313,0.6214848181293494,0.5214079350782403,0.48731694677495735,0.4730408902449297,0.39493087256649884,0.5927119321673857,0.6225387982491046,0.43246501744418236,0.4321699412111808,0.7597468747379632,0.4248957010155982,0.4512719498426578,0.742640407481686,0.4958620528130739,0.5786186026256591,0.4420844083358591,0.4581362655957501,0.3922168666060494,0.49583041639830866,0.42399078320193373,0.7323164516922644,0.5421727905189234,0.45255688798595256,0.41104605596791294,0.44342559199474985,0.43885543933777404,0.47152978590173855,0.608394494821159,0.46051690917150356,0.43747895109469276,0.4467048620046683,0.4333093251735169,0.45249219552054304,0.49079663500958753,0.4472360299749208,0.43174221858726636,0.45471616264565623,0.40498920987895526,0.544321067773139,0.6370790689190158,0.4544251576243481,0.4265304313733737,0.6161031138443394,0.41850738815220395,0.4958620528130739,0.5214079350782403,0.45117108083962804,0.42863690095680795,0.39157131077817575,0.5013568692382169,0.4544251576243481,1.0,0.4181508678842097,0.44330128432180843,0.6016129137751731,0.5214079350782403,0.4440755162277408,0.5930737939012969,0.43246501744418236,0.4097305997224919
112,0.7338409862034979,0.5095546297292727,0.4671591732254341,0.8955298339460964,0.42416180747012766,0.8247869420771342,0.8133279823024442,0.5576048114290508,0.6366713989297805,0.6322981705714276,0.48297389112941835,0.5144592268279661,0.8235287173130276,0.510933270475622,0.42569998883999266,0.8189179183831,0.6742017401440407,0.4482968769604885,0.41634057976432026,0.9292510895245829,0.5402195832399731,0.8076482461404179,0.8472840159654368,0.6782688319732838,0.514492053892246,0.4082263621672714,0.783835765000932,0.8556593335270156,0.6795731093403906,0.48190464261109967,0.5649109920001837,0.37343045011472303,0.9349903682507621,0.5109250938634825,0.8112351108954593,0.7599462191408022,0.8074817896175672,0.6382559453017312,0.4509598642765435,0.48297389112941835,0.510933270475622,0.5660708619777896,0.6603263651440389,0.8095315222842557,0.5102179189192659,0.4145267791636097,0.6408509678873965,0.8095315222842557,0.860393138530504,0.5106492692701841,0.9095830311985516,0.685572302443328,0.44546730896954106,0.42997770116050343,0.9169017965274114,0.3777234807176415,0.5102255247469117,0.48190464261109967,0.5668586409795618,0.3737982862117949,0.6519581245411893,0.47682699589037597,0.5102356795332551,0.8932807315742268,0.6277349464072838,0.4253057850488938,0.9197874623205436,0.835099986461411,0.45189284936564006,0.4509598642765435,0.5035168323900128,0.6858999331389712,0.6135142474896328,0.9388916204256514,0.44336945668300776,0.9323595105424757,0.4270737271271174,0.5615420084114631,0.4260867461718958,0.6573532998032569,0.8171754844968946,0.6807563181515988,0.35243537705618455,0.4141188625581161,0.7990042024659862,0.6413875087633737,0.8074817896175672,0.7633993562432385,0.4243136355820485,0.3670029060541758,0.8304200053392198,0.8978858231095974,0.816982040872497,0.3811753709117235,0.3691342666075625,0.4539556548397063,0.42569998883999266,0.9076766394591962,0.5130372492836677,0.7130813132169295,0.4509598642765435,0.48190464261109967,0.6945537046179181,0.7806064178609586,0.942756817402979,0.6025176425710471,0.42569998883999266,0.4181508678842097,1.0,0.8231139095363754,0.5089036127468979,0.48190464261109967,0.8152165067140404,0.49086673579277734,0.8932807315742268,0.5933556473053817
113,0.7571830531190227,0.5257177697192953,0.48863356277406517,0.8587934360404996,0.44428614367297864,0.9277662369088608,0.9184580839844345,0.6019439464723744,0.619637211089426,0.6836351821030382,0.49802562809666484,0.5307959267836183,0.8662382127425858,0.5272591362338142,0.4470148827677801,0.925454749951432,0.7059930130974054,0.4730111559657116,0.4407181212762686,0.8228534618485465,0.5744095729339245,0.9162129357387321,0.9021336046341257,0.7025259557006028,0.5322262594843646,0.43115301542329315,0.8446674417706693,0.8970560594199696,0.7008709478592549,0.4968156834424439,0.5914155376331802,0.38353993579127144,0.8486734216406978,0.5265160844890318,0.9256093106213815,0.839880181884563,0.9783492121307095,0.6694621038667355,0.4717781679616415,0.49802562809666484,0.5272591362338142,0.5972087350836164,0.7022257188451754,0.91854349401479,0.5258347125393793,0.4376228685907769,0.6244772812382974,0.91854349401479,0.9067432891434682,0.5466922594001662,0.9295783545720371,0.7159222325624861,0.4650745276842042,0.45211384730549825,0.8298318109757682,0.3909411284187895,0.5257749070188183,0.4968156834424439,0.6077743894872173,0.3874268099183054,0.6601704329121576,0.49580434788748706,0.5265160844890318,0.8611712966415467,0.6526207143363456,0.4521335939049257,0.8453945850280621,0.92530199485661,0.47685509039052154,0.4717781679616415,0.5230391760360215,0.7137007071460971,0.6488495764589056,0.8519978106185003,0.4620026649031691,0.8516956413921578,0.4544250546523112,0.604058743959993,0.44613782601106317,0.6502353427733029,0.9756341626297211,0.6934730343847312,0.3642722758738851,0.43169328771831994,0.8607162482717621,0.6483797526930529,0.9783492121307095,0.776366080806138,0.4451808278605291,0.3784769469442228,0.9202375753699045,0.8565417671240878,0.9279146534381951,0.3878670577735503,0.38235418922593106,0.47910328595300355,0.4470148827677801,0.8610525551361939,0.5294995114730584,0.7065929313470192,0.4717781679616415,0.4968156834424439,0.7067379441702626,0.7751091744458792,0.8486734216406978,0.6427148160924429,0.4470148827677801,0.44330128432180843,0.8231139095363754,1.0,0.5233339143644897,0.4968156834424439,0.9729976235369304,0.513572788904127,0.8611712966415467,0.5913353776159826
114,0.5305799677576557,0.9481901510016393,0.7578545795735531,0.5167044055645208,0.5994948735997638,0.5342480730334007,0.5388934428833775,0.4987645877914801,0.5007902869813862,0.5590777229022681,0.7660244003404472,0.9532958982756449,0.5403740687382141,0.9434924301255119,0.6036222400472833,0.5351166829493872,0.5783077756548116,0.7373179672873622,0.6156605473663226,0.5064846206870974,0.6065942543027995,0.5397882919209301,0.51480175324336,0.5752719079872931,0.9549942208623559,0.5789259799841368,0.504538015176313,0.511052692639655,0.5745312207315734,0.7636836853463806,0.4972702857394444,0.5404832828140651,0.49205089384973755,0.9450249354841712,0.5374325675213936,0.5395687730734513,0.5267872920064631,0.6038802150632521,0.6450428244662301,0.7660244003404472,0.9434924301255119,0.5298035354490386,0.5908769515463748,0.539195626966195,0.9417933007459125,0.6032950485308605,0.4756086617192365,0.539195626966195,0.5129070951738134,0.5924514748003142,0.5034137521955245,0.533917636521565,0.6422674251035281,0.6633024106041843,0.5087499856411146,0.5228721397755465,0.9434076898430842,0.7636836853463806,0.5574182384756712,0.5077620314352405,0.49754019678425726,0.8845464159271691,0.9450249354841712,0.518183801103873,0.5340022156675044,0.6069575383599114,0.5138136984833194,0.5336786313181204,0.6751999853197733,0.6450428244662301,0.9511556075056609,0.5418883679024409,0.5658796934415843,0.4925825056942655,0.6525022139853125,0.5117233884884653,0.5978098601924684,0.5381552727837422,0.6012721370318562,0.5162163162050899,0.5241355808929459,0.5305547707832908,0.48676838061270544,0.6222162783715073,0.5483507726642459,0.5365887699090003,0.5267872920064631,0.5340003933835427,0.6006579432945667,0.5172081449321103,0.5295014063419476,0.5162163162050899,0.5356919179792852,0.5243270617648002,0.4815746313698476,0.758139980068802,0.6036222400472833,0.5157641727170656,0.9420544371995029,0.5251035471029162,0.6450428244662301,0.7636836853463806,0.5620600756350652,0.5297624573500368,0.49205089384973755,0.6308146521077005,0.6036222400472833,0.6016129137751731,0.5089036127468979,0.5233339143644897,1.0,0.7636836853463806,0.5246609289155447,0.874699831347101,0.518183801103873,0.5028477822903419
115,0.5017869317207994,0.7625114362179679,0.6315241934383908,0.48966530603922326,0.6755886187591073,0.5052959612191809,0.5089603509381031,0.5140066978551525,0.4740001052081903,0.5371282672384163,0.9964053499814528,0.7731396462628197,0.509429300831755,0.7636836853463806,0.6782830994196897,0.5066519254639485,0.5456876366054113,0.709272183449651,0.5284739678651745,0.48074997538360026,0.6472991282562569,0.5103744583508025,0.48931354043061925,0.5167534003174262,0.7767213166744529,0.5066519254639485,0.5463711429813125,0.48658817105392416,0.5162482498333626,1.0,0.5155916864790244,0.4796351144745175,0.5278881304803538,0.7625114362179679,0.5084938214656388,0.5808881049160212,0.5000908191378152,0.567690996107907,0.6210135758517968,0.9964053499814528,0.7636836853463806,0.4770225003362561,0.5533928309213424,0.5099006702635323,0.7601734436680722,0.5224686817607171,0.5117826009152031,0.5099006702635323,0.48793112022718493,0.5084938214656388,0.5403430733440704,0.5737505432420686,0.611666963001277,0.5593940678019224,0.48402091807088904,0.4846478824687487,0.7613413554042086,1.0,0.5347681013927394,0.48560689694780707,0.5284300943323874,0.80107370197101,0.7625114362179679,0.4907353737380171,0.519834805784325,0.5230026506307087,0.48759168025955507,0.5048488269580825,0.5734091076795316,0.6210135758517968,0.891264667535854,0.512779647757438,0.5488568805103811,0.5284300943323874,0.603410136298395,0.48658817105392416,0.5224686817607171,0.4813223368716848,0.6755886187591073,0.48931354043061925,0.49802554400806304,0.4968156834424439,0.5056982897461462,0.5336022809309686,0.5157455065695351,0.4992573883192074,0.5000908191378152,0.5071087644124415,0.6769333026561342,0.47034721695304554,0.5022170486151222,0.48931354043061925,0.5071087644124415,0.48966530603922326,0.4660738203055953,0.7211544852621622,0.6782830994196897,0.49001953406228216,0.7672134349952079,0.49407830357108773,0.6210135758517968,1.0,0.5318713977285761,0.5017869317207994,0.5278881304803538,0.6050431672314851,0.6782830994196897,0.5214079350782403,0.48190464261109967,0.4968156834424439,0.7636836853463806,1.0,0.49843371733204556,0.8409489480277117,0.4907353737380171,0.4772725235062139
116,0.7646797646797647,0.5270737598868076,0.49109066124183526,0.8546900121839353,0.4473903628478367,0.9279028497860051,0.9186109009632099,0.6053867620093939,0.6125324004616787,0.6841395970838187,0.4996566016896974,0.5321610136714267,0.8578938380029405,0.5286258982442409,0.4492041422955221,0.9304418466172429,0.7093959090869645,0.47773392789011826,0.44148852907721275,0.8149461593968104,0.5828927270591,0.9163695201496688,0.89291577426396,0.7000073028194227,0.5335917001965597,0.4328163942244167,0.8359914498315039,0.8925546244409028,0.6983649930828685,0.49843371733204556,0.5912285420936779,0.38366531627047795,0.8271947972627133,0.5278800547385444,0.9354632012299352,0.8496890490463894,0.9837245033112583,0.6725414959977553,0.4717120427639476,0.4996566016896974,0.5286258982442409,0.5978635914958906,0.7055700912743884,0.9186959913282208,0.5272010881712464,0.4401089650271438,0.6161620062327913,0.9186959913282208,0.9021529891164182,0.5473777931989401,0.9046947794903165,0.7241245030121068,0.4650569064677019,0.45285013882364233,0.8301455695571054,0.3922672883332853,0.5271360855391172,0.49843371733204556,0.617437086829894,0.3894780603953286,0.6551603280552678,0.500105805774456,0.5278800547385444,0.8570508201755355,0.645370161987208,0.4539010418006042,0.8456807061325942,0.9254431625041672,0.47857788129941053,0.4717120427639476,0.5272421651500703,0.7173134657477547,0.646917057642147,0.8303819055657956,0.4619904105307565,0.8476435218181271,0.4562167898427137,0.6071567394535269,0.44833298819631395,0.6453429438245883,0.9972513662955477,0.6970463658851346,0.36667728575979613,0.43537670044803994,0.8483679899180845,0.6462703357410827,0.9837245033112583,0.7659847145436346,0.44829467612786406,0.3785628465024068,0.920388389248698,0.852458325895409,0.9329149047272877,0.38941877547828885,0.38387528790764347,0.4851914178783319,0.4492041422955221,0.8439942950041391,0.5317053225812615,0.6977152097055626,0.4717120427639476,0.49843371733204556,0.7072146160490157,0.7646797646797647,0.8271947972627133,0.6410091684036422,0.4492041422955221,0.4440755162277408,0.8152165067140404,0.9729976235369304,0.5246609289155447,0.49843371733204556,1.0,0.5180354606781467,0.8570508201755355,0.580365421515092
117,0.5180259138954195,0.897553867266528,0.7604492673081985,0.5008065210209085,0.5887091590787359,0.5176327208219627,0.5176327208219627,0.5001033054927388,0.46897812750584755,0.5380024257158736,0.8409489480277117,0.9025038951671752,0.5243867291853724,0.8865908083679362,0.5928243861515906,0.5180354606781467,0.5451653367808804,0.7907873676252577,0.6156689484958554,0.49243779657061576,0.5897659964335552,0.5188660665991707,0.505498468640419,0.5401397955187676,0.8984423868255041,0.5590969149680328,0.5033214584499122,0.5025856424711196,0.5391658074584904,0.8409489480277117,0.48971507660000957,0.4842627201826993,0.48933305889486595,0.8865908083679362,0.5205438795520927,0.5379893149866714,0.5188660665991707,0.5740659844703878,0.5928243861515906,0.8409489480277117,0.8865908083679362,0.4917505723084566,0.576592801973147,0.5180354606781467,0.8888161200535227,0.591802185697307,0.4693208860109238,0.5180354606781467,0.504030982805209,0.5583406427492991,0.5022325524496911,0.5333470027874603,0.5887515817246857,0.6762152573831732,0.49635569119789136,0.5155439175791259,0.8865908083679362,0.8409489480277117,0.5366267301274686,0.479099749807224,0.4890281260250516,0.8610237064594453,0.8885773856168472,0.5022252082922671,0.5165771257220347,0.5806435748113047,0.5004556365576103,0.5151801181539555,0.674600903042658,0.5928243861515906,0.9006838748043468,0.5342175359178547,0.5395575696012244,0.4899434519090891,0.5944659554422824,0.4980357316379083,0.5710562165369185,0.5085981721447552,0.5904683005037709,0.48846250904724536,0.5172103886449437,0.5144446208304438,0.4859422117285988,0.6376705219879466,0.5197022062698673,0.5044765965040444,0.5188660665991707,0.5115898448769446,0.5898751395743017,0.4745260413886868,0.5172103886449437,0.5001055004608704,0.5188660665991707,0.4817367791125493,0.4642867112954826,0.7885151806960905,0.5928243861515906,0.4997614027299967,0.8848659617643918,0.5004591572037742,0.5928243861515906,0.8409489480277117,0.5379475229580173,0.5047619576042901,0.48933305889486595,0.6078210688361195,0.5928243861515906,0.5930737939012969,0.49086673579277734,0.513572788904127,0.874699831347101,0.8409489480277117,0.5180354606781467,1.0,0.5022252082922671,0.4778371782692635
118,0.76268851824517,0.5196940360025305,0.47924708071748257,0.9860985408351294,0.433009475109039,0.8712971970114827,0.8587181404685724,0.5649542479699431,0.6530868187988881,0.6494728780805633,0.49189333638740956,0.5247165256128119,0.8481185577679348,0.5219500093986524,0.43541564575335134,0.8605269287971187,0.7041776893056392,0.4590243568080154,0.42897459036566904,0.8931162644610794,0.5618933179383215,0.8567856344475724,0.8919278940128864,0.6770338365268473,0.5261418875451559,0.4191568751623059,0.8153520868590332,0.8822001152390176,0.678311680238702,0.4907353737380171,0.5688532856151738,0.3791061969752295,0.8845317571430501,0.5212182774885789,0.8564926504841859,0.8175800900185333,0.8486836989226729,0.6598588563876212,0.4621011257669522,0.49189333638740956,0.5219500093986524,0.5690330573465132,0.6862714516601738,0.8545701853063694,0.5205275868474828,0.42662449123385626,0.6358067792306715,0.8545701853063694,0.8917424843616292,0.5259355452615389,0.8823309791232382,0.7020062221737062,0.45635247189990846,0.440832359443289,0.9055841717109198,0.3809161383823791,0.5204884198670157,0.4907353737380171,0.601010779993527,0.38265260394750633,0.6552454572040564,0.48600078613906744,0.5212182774885789,1.0,0.6299338799532057,0.4396759615544532,0.9182240289563238,0.8779314830963308,0.4653887518003511,0.4621011257669522,0.5144198959185713,0.7056178838657767,0.6180914154842185,0.8880954956904324,0.4532280388671477,0.9255783293154702,0.4407980099713396,0.5733750888986651,0.43530198632798967,0.6592718637696987,0.8548071696894699,0.7071228252449979,0.35795181640812623,0.42526788580660146,0.8512452097891817,0.6461699514612286,0.8486836989226729,0.7712202985911544,0.4338282821298331,0.3727873937972173,0.8820929399115995,0.9833467412304764,0.8627710759361272,0.38845755261636594,0.37648356190533283,0.4648523523152663,0.43541564575335134,0.9062989978157255,0.5241564245810055,0.7143312214632075,0.4621011257669522,0.4907353737380171,0.710954333959058,0.7735911009466794,0.8845317571430501,0.6190686834614801,0.43541564575335134,0.43246501744418236,0.8932807315742268,0.8611712966415467,0.518183801103873,0.4907353737380171,0.8570508201755355,0.5022252082922671,1.0,0.5887831319555691
119,0.5474862893909657,0.5053271473276943,0.45901289201281525,0.5871304814893997,0.41092583337119665,0.5971041424430007,0.6009011595034924,0.45877569951228,0.5466378777445312,0.5227245413509256,0.4782851199758475,0.5095352681734335,0.6195189305659382,0.5066685670188739,0.41218499215032656,0.6036267302285186,0.5840689549246322,0.4307879352732248,0.40796943509070593,0.5952984115283309,0.4734539798778413,0.6050402316563324,0.588169222360389,0.6014560855027754,0.5109420606517715,0.39598035203865095,0.5893215960195196,0.5752343286394236,0.6024505750063448,0.4772725235062139,0.4571204515804956,0.37033473431169783,0.5909569448885215,0.5066427441338599,0.5995300763321606,0.5774017784547237,0.5856439911864347,0.5885521940009871,0.4422050672393873,0.4782851199758475,0.5066685670188739,0.5022822032412223,0.6107856641976378,0.6036562332998533,0.5059277345384012,0.4065679932953867,0.5501925585200392,0.6036562332998533,0.5828210023613439,0.48106773680828757,0.5856493838160012,0.5654423708756275,0.43659045988813416,0.4229309923838237,0.5882203071243659,0.36899185078231567,0.505953000932266,0.4772725235062139,0.48424705478883584,0.3675149437075702,0.5747200481405333,0.46332327245650234,0.5059807890196542,0.5887831319555691,0.5589507014336444,0.41769285680725915,0.6008495794099409,0.6029328613866759,0.441223392997631,0.4422050672393873,0.4896257808078976,0.5622774417398035,0.5582648849857275,0.5892614523356263,0.43606316261960854,0.5991698233282505,0.41422837839268883,0.48761782871846243,0.4119394479505787,0.5741689122968194,0.5813390921202727,0.5961204976664184,0.34323588869043414,0.39961497572898075,0.620549713752627,0.6019581488834359,0.5856439911864347,0.6099107360462609,0.4112409739917805,0.36419117175787913,0.5923395643792361,0.5857905603625657,0.6025936624573468,0.371633228634296,0.3593858970468854,0.43598179264639075,0.41218499215032656,0.6132833326451955,0.5094204339210014,0.5962053204664993,0.4422050672393873,0.4772725235062139,0.5801353722234395,0.6103592113555202,0.5909569448885215,0.5492415776886858,0.41218499215032656,0.4097305997224919,0.5933556473053817,0.5913353776159826,0.5028477822903419,0.4772725235062139,0.580365421515092,0.4778371782692635,0.5887831319555691,1.0
