,0,1,2,3,4,5,6,7,8,9,10,11,12,13,14,16,17,18,19,20,21,22,23,24,25,26,27,28,29,30,32,33,34,35,36,37,38,39,41,42,43,44,45,46,47,48,49,50,52,53,54,55,56,57,58,59,60,61,62,63,64,65,66,67,68,69,70,71,72,73,74,75,76,77,78,79,80,81,82,83,84,85,86,87,88,89,90,91,92,93,94,95,96,97,98,99,100,101,102,103,104,105,106,107,108,109,110,111,112,113,114,115,116,117,118,119
0,1.0,0.000612618786237115,0.016426266709383398,0.565669395213356,0.0006688583564082481,0.5754506978050848,0.5571716478648675,0.3214594166948968,0.3823451125354106,0.3619089754729227,0.06500556228594224,0.0010821145634064143,0.5483423733894671,0.0012038535232585742,0.0004969005976916097,0.5783043359054738,0.45043609909227655,0.014355450032174135,0.019464953328655908,0.5361240936932635,0.27106087366974463,0.5661646642818876,0.5750664389123779,0.35060334180140323,0.0011019547535264156,0.018309179450874277,0.5172805238840161,0.5557060408244191,0.34857157720880666,0.06616177077404421,0.2862405373235497,1.7630340148894354e-05,0.5427031158112557,0.0010335446829095158,0.5782245098458114,0.5716613146168914,0.5593522125511234,0.333183516238445,0.00018510086748894277,0.06500556228594224,0.0012038535232585742,0.2729309762141507,0.3816693202641825,0.5631357781597615,0.0011856608943846742,0.016835266794645448,0.3620599057410899,0.5631357781597615,0.5652439738272791,0.1668853087824542,0.5595490684934383,0.4885758923577809,0.00022842260505366645,0.010962566539763234,0.554650705098874,0.0013888298147280893,0.0008781378977538633,0.06616177077404421,0.3182124130473684,0.0004649423240384532,0.40629246972263844,0.007931286538121318,0.0010335446829095158,0.5613482196862782,0.28228859007952717,0.02690594534549439,0.5628335023252912,0.5725195722280808,0.030686930887353744,0.00018510086748894277,0.0065314667547216165,0.511372675844838,0.26527345189387624,0.5457062330535555,0.0001247346960918702,0.5615492533131077,0.03215985900818794,0.25626094499889995,0.00021096640990611126,0.36906068522852,0.5575986398654975,0.4297517042228128,0.0018229831843763263,0.01207233135665533,0.5286637208528427,0.35697147512765953,0.5593522125511234,0.47965027977056973,0.0005798915505881289,0.0006590168914278977,0.5732516928925868,0.5632117193342214,0.5752279094992291,0.08110706302852191,0.02261535201386871,0.022649911053293968,0.0004969005976916097,0.556428165620306,0.003313644241988956,0.4154515951085178,0.00018510086748894277,0.06616177077404421,0.46178247675430995,0.46102217087336306,0.5427031158112557,0.3255804889129908,0.0004969005976916097,0.020713259285425244,0.5333849063770301,0.5440126319518284,8.52864265883176e-06,0.06616177077404421,0.5544404442089333,0.007447019646236981,0.5613482196862782,0.24414963628216088
1,0.000612618786237115,1.0,0.271294246256387,0.0006132141706683536,0.02397721989179236,0.0008189777174223626,0.0006265399680777438,0.09557788562693835,0.0039435627343084355,0.008555193287981683,0.01956834993306748,0.8573356955696246,0.001091455943360688,0.8415286030232474,0.018101254838345848,0.00051052192645294,0.0004007997718786273,0.22900002829257918,0.1983410265142253,0.00110852263254946,0.005346020021358471,0.00035844188694826037,9.592796627512688e-05,0.053262644556501086,0.7847197511655609,0.12138784026274145,3.464883827472851e-06,3.802798648852329e-05,0.05297479407794787,0.019843380071997183,0.05970474790721839,0.13861111625526817,0.0015902393676181378,0.8563203216447275,0.0002886736850966505,0.0028059956418633454,6.328423097664504e-05,0.00045752565826335574,0.009489953105554652,0.01956834993306748,0.8415286030232474,0.12661691074876882,0.0012148568796492868,0.0003402415353705726,0.9211096802003107,0.18144233382299216,0.0001487174579092639,0.0003402415353705726,6.360788152112463e-05,0.186554938259523,0.0019984457380093105,0.004491555964068666,0.001837208480390406,0.25088914827638387,9.588486541644129e-05,0.020826673828343748,0.8427930985813803,0.019843380071997183,0.0032658361221844638,6.009670310723608e-06,0.006168865058805289,0.5779707605198819,0.8563203216447275,0.0006842448181015931,0.024276811858299333,0.18205865283762157,0.00048364815354357156,0.0007913736445113013,0.1830486083317653,0.009489953105554652,0.818850641430577,9.09255952737143e-05,0.022385424177527712,0.001644713159906944,0.004724933823226056,0.00017977702464656482,0.13681430924845714,0.1326318216666766,0.01843056424662347,0.0014959944472916313,3.1649178643373655e-05,0.008323779505116658,0.10134121124956808,0.1351309547846318,0.0022184825047126054,0.010287885485078833,6.328423097664504e-05,1.0359789476581127e-07,0.02380226204514156,0.12351296994346583,0.0003164615143876418,0.0005904702002007424,0.0005326914474772093,0.0021437457644094583,0.10562344031788122,0.25626310551517056,0.018101254838345848,0.00011465220299970083,0.7240325952666675,0.004404570503713322,0.009489953105554652,0.019843380071997183,6.449303680155156e-05,0.0002997577688031664,0.0015902393676181378,0.003396803312231372,0.018101254838345848,0.18021928813673024,0.0017786418776251228,0.00013608888850727977,0.5875595433691471,0.019843380071997183,3.708963305575165e-05,0.4213794456830221,0.0006842448181015931,0.0047911709724485895
2,0.016426266709383398,0.271294246256387,1.0,0.013700603240285969,0.0006902369617941031,0.02169689494883156,0.0223542987916233,0.12570225159394022,0.0007997278715980362,0.014257858146520832,0.037913360103106884,0.2662711177260051,0.014455272788364355,0.2773433713813955,0.00047931278705152695,0.021156115803934426,0.009904711606008032,0.45452326798686415,0.4132110462022128,0.010135517235806944,0.0019783982031827876,0.02180849244756448,0.009916140913421224,0.06860857811605574,0.27715733923695185,0.34737270050352687,0.00838119971697887,0.009578651742969234,0.06813251578829073,0.03853930046682173,0.0839375285185815,0.11479666574656386,0.01172423902887228,0.271294246256387,0.022110981975105012,0.01160926688606484,0.0178263120148803,0.011186932792191594,0.0017175721026381808,0.037913360103106884,0.2773433713813955,0.18385413531534853,0.011132926797761207,0.021567372823492213,0.279236787928284,0.43464095832541555,4.3708157536682894e-07,0.021567372823492213,0.010162296374772688,0.2879003144559684,0.01589985198984102,0.0161281293896423,0.004088502686805593,0.46522600639953815,0.009254736406569134,0.08330126021660474,0.27526657683195993,0.03853930046682173,0.0288132231726758,0.0349141618108339,0.006695615630821253,0.3157173952820692,0.2813360851622526,0.013251863375127964,6.09396317261469e-05,0.3911065070921525,0.011753544299964834,0.02146049265941345,0.5695663782320362,0.0017175721026381808,0.2624362889776406,0.006772452220981219,0.0014135145932601754,0.011961905203986687,0.010403240124826003,0.010411597451138366,0.43464095832541555,0.19108831093842263,0.00036530367793443573,0.0028406753656222724,0.016799989046383117,0.01842111041191541,0.14496052841156054,0.1727462932460285,0.018258891048951186,0.012265765192826147,0.0178263120148803,0.009803430751463891,0.0007657406088585812,0.15957400561784815,0.01889355050352625,0.013526077984045898,0.022660568556746516,0.0008126291053904805,0.2280342208803099,0.5269351143803073,0.00047931278705152695,0.011077560448561029,0.27570558912710863,0.007048706145217991,0.0017175721026381808,0.03853930046682173,0.007932559062226108,0.00884152049408371,0.01172423902887228,0.0068653429167087965,0.00047931278705152695,0.4082374110314997,0.011596819652587586,0.016203312330589657,0.1822420197190013,0.03853930046682173,0.017002041309549097,0.29716715459930154,0.013251863375127964,0.009124389657217033
3,0.565669395213356,0.0006132141706683536,0.013700603240285969,1.0,0.0007175454053063387,0.7414963498427876,0.7245230013820538,0.3152340076037394,0.41732854333209324,0.37782353769625177,0.06986475687968081,0.001184017433519977,0.7214365215024057,0.0017515792733997742,0.0013129748873437698,0.723638547094186,0.4758763509398427,0.011385191162643448,0.017343712644314464,0.7916028993404102,0.22906749860685,0.7237562348273981,0.7738338615262758,0.4129979692788374,0.001248094992586424,0.022376429234877215,0.6702605769884283,0.7596209926517598,0.4151969729469347,0.07111511827500896,0.3181913460909726,0.0016277527728965947,0.7918240531672658,0.0015326168808861198,0.719315577894314,0.6872333437498745,0.7024713631917944,0.39646053136625553,0.00273586878705514,0.06986475687968081,0.0017515792733997742,0.28809763504461894,0.44447913208632156,0.7183697654885024,0.0016744557097405819,0.018910976457553477,0.4314171802273715,0.7183697654885024,0.7825732301743669,0.18044606151592174,0.7693682456807678,0.4820201695853842,0.0019508739850636276,0.011040411425226247,0.804303631826407,0.00035074697431898154,0.0013308493474047636,0.07111511827500896,0.28330905973541487,0.0009587375922973921,0.4300731113325966,0.0041857985915391685,0.0015326168808861198,0.9616183214389642,0.33825739308217617,0.035093151655651085,0.8209609144704972,0.7532611131975601,0.03224658382590481,0.00273586878705514,0.003886107946442751,0.4710364063001002,0.3099275897409067,0.7965779434547794,0.002466181871420378,0.835473913081036,0.03705936021281859,0.2868927341716193,0.0018478490202140873,0.4046249796340343,0.7116795841407085,0.4777975580356583,0.0038464094017427236,0.010007065313638774,0.73720417587222,0.3796921195939304,0.7024713631917944,0.5746538278442332,0.0008288894504005556,0.0039025747307027503,0.7563456855071323,0.990983894504904,0.7286919807904833,0.07835321043959317,0.03221127019731546,0.013117331262391486,0.0013129748873437698,0.7983699951198817,0.002518557408996393,0.4908788870634429,0.00273586878705514,0.07111511827500896,0.48559523926991455,0.583605938157445,0.7918240531672658,0.316342737602087,0.0013129748873437698,0.02693150382500226,0.7965843319603508,0.7219241214685206,2.963945623931401e-05,0.07111511827500896,0.715763467672104,0.008001211519574798,0.9616183214389642,0.3146040803404468
4,0.0006688583564082481,0.02397721989179236,0.0006902369617941031,0.0007175454053063387,1.0,0.0012653352265377161,0.00168818071742389,0.003506784889456139,0.004299963929223058,9.630869042989407e-05,0.0,0.027769397098488614,0.00022305620995456067,0.03284304071246471,0.9457203521125841,0.0018860761863649074,0.0030149416052944484,2.9830649336934595e-05,0.003076616742113003,0.00012549415716035878,0.012102503383455612,0.0015268376267763848,0.0009253481660203149,0.0023517500483584424,0.019685404814546673,0.0034039681704287443,0.00271940904683711,0.000980205919085265,0.00245934685242731,0.0,0.005473029316377245,0.34496418538491636,0.00034007740889437733,0.03284304071246471,0.002205320031957736,0.0009381866298069092,0.002512389282740117,9.131213017003115e-06,0.9457203521125841,0.0,0.03284304071246471,3.390526742853126e-05,0.0009880658169153873,0.0018860761863649074,0.032286221084409004,0.0031426494585748937,2.0379819822634698e-05,0.0018860761863649074,0.0011277026585836199,0.0004967548926431948,0.0009650570434859872,0.0009477719326086749,0.908190008332672,0.0036037346593790036,0.00024907992102712596,0.00726174022484529,0.03284304071246471,0.0,9.630869042989407e-05,0.004848339204083124,0.0038391026792703783,0.008765309856191188,0.026103976224593883,0.0005579953150098434,0.0021679923589796447,0.00015049552727241142,0.00036598193040578896,0.0014133239060005198,0.0001645618874553772,0.9457203521125841,0.037347871851809815,0.0001479547746230283,0.0006332737089643772,0.00020194949420641292,0.7882616784625254,0.0002854929043362037,7.822870431125343e-05,0.00016144110777225625,0.9225245064182794,0.003773700336878328,0.002281823827209414,0.0006591500177959002,0.30963872273625487,0.0032168523363822563,0.0012044579930631117,0.002935318487390817,0.002512389282740117,0.0005350819237433498,0.9845965595588476,0.3045806210569103,0.0013495885078767204,0.0006585262975270378,0.0019894827968700546,0.013231751938449698,0.24292119382566238,0.000487918987080331,0.9457203521125841,0.00045677872345007477,0.02397721989179236,0.0010360466873977272,0.9457203521125841,0.0,0.00021801023739384244,0.0003377280155344286,0.00017203084078109394,0.0008804012654472774,0.9457203521125841,0.0026737091627851146,0.0003064155547939461,0.002674220370499924,0.017932320016538866,0.0,0.0023955904309912756,0.004375239526692765,0.0005579953150098434,0.000701380597546848
5,0.5754506978050848,0.0008189777174223626,0.02169689494883156,0.7414963498427876,0.0012653352265377161,1.0,0.9315284832311458,0.3744474195714914,0.3589097400785815,0.40891499016021116,0.06378931366996424,0.0013403370695941796,0.7670559236224325,0.001489221538853259,0.0015553851479414907,0.933799782457509,0.4885833904998816,0.017286173273641858,0.024920069359128355,0.6975419437777528,0.23509921381552132,0.9304212757581853,0.738458467393998,0.4650416387435414,0.0013575930277538435,0.03226189524779004,0.7099791707343472,0.7317242669354228,0.4624863613701067,0.06492190383816461,0.3469696004418415,0.0017651673214224303,0.7342139582294946,0.0012996756217185574,0.9118494025702536,0.7121773146051086,0.8465735014876514,0.40582225933835864,0.0023183239372394694,0.06378931366996424,0.001489221538853259,0.35325414352308765,0.44248353386885503,0.9211151974834059,0.0014735768330366682,0.029360913018449022,0.41284092921632176,0.9211151974834059,0.7434370321063615,0.2234407305307597,0.8422216823081881,0.4952940248488003,0.0013770579764649433,0.016928140059844384,0.7094209324490487,0.004224384805612457,0.001125197852022063,0.06492190383816461,0.3015472047619547,0.0011263754412206256,0.4276591320893703,0.005931292313580152,0.0012996756217185574,0.7507786230453584,0.351072745014314,0.04945848543097329,0.7319648762401562,0.9459716624748244,0.04193042221906043,0.0023183239372394694,0.003122859690723226,0.47598352616050726,0.3295663601365454,0.7380429798794692,0.0019539157442680878,0.7317242669354228,0.05340664769782421,0.34078046561804937,0.00168818071742389,0.40406366687401224,0.8456981431396225,0.4734199765562161,0.005025433790365985,0.012324362644013247,0.7588049244012557,0.381344041706914,0.8465735014876514,0.5853783142485461,0.0014062528769268356,0.005146188821273388,0.9373297183150593,0.738458467393998,0.928069310717346,0.06928258131344572,0.03594739235162303,0.02095802398807589,0.0015553851479414907,0.7445619162124207,0.0029131986317093863,0.48897911655446363,0.0023183239372394694,0.06492190383816461,0.48919437134375976,0.5876578733521245,0.7342139582294946,0.3578335590775199,0.0015553851479414907,0.035661676007206725,0.6992811797010612,0.8438206054680177,4.791487850142321e-05,0.06492190383816461,0.8398184985458887,0.011564905176399872,0.7507786230453584,0.32265517566623864
6,0.5571716478648675,0.0006265399680777438,0.0223542987916233,0.7245230013820538,0.00168818071742389,0.9315284832311458,1.0,0.38063876955899567,0.35282075889205283,0.4037795567400819,0.06258727133889079,0.00104957007293359,0.7650898237468503,0.001227391611642847,0.0020230141359143445,0.9104311003101881,0.4929995744602095,0.017286173273641858,0.025453621258078037,0.6760710844764581,0.23509921381552132,0.9759859017221221,0.7133847110848418,0.47781924535356674,0.001047891361124968,0.03323519327549918,0.6994958559753621,0.7077380501206415,0.47525744835208344,0.0636964983710461,0.3527973268802259,0.002637052670921493,0.7342139582294946,0.0010590050634931912,0.8978186217590529,0.7121773146051086,0.8326639224889872,0.40800902683584456,0.00343320934246769,0.06258727133889079,0.001227391611642847,0.3720431535427688,0.4404394900961299,0.9829652022288795,0.001228234217910755,0.031218603062282354,0.406178169769908,0.9829652022288795,0.7187491708074786,0.23100331519952091,0.8422216823081881,0.5030380822314715,0.0022612982635842093,0.01703268178001545,0.6786231240204504,0.004618977694278941,0.0009049289485386836,0.0636964983710461,0.3014136205418999,0.0015531987307824875,0.42102406892823663,0.005931292313580152,0.0010590050634931912,0.7332914416509857,0.3609735642622775,0.05199692145992562,0.7076273966622872,0.9263283259195297,0.04361052877785035,0.00343320934246769,0.003122859690723226,0.46827830659763797,0.32845176369989376,0.7380429798794692,0.002993519309564332,0.7077380501206415,0.05450668603445795,0.35405194211861757,0.002171067876176997,0.39540890288460717,0.8337737259369047,0.46307664403860516,0.005637909171007341,0.011829256444749928,0.7707810126974789,0.38035175677665783,0.8326639224889872,0.5778371835341685,0.0018513839626202566,0.006705735085021138,0.8854727238404729,0.7216492086540691,0.9042155487372916,0.06745918508791908,0.03977510743891685,0.02095802398807589,0.0020230141359143445,0.7191008737573388,0.002534336398310841,0.4789670318851336,0.00343320934246769,0.0636964983710461,0.4839485285191796,0.5874760258217063,0.7342139582294946,0.3628376562563722,0.0020230141359143445,0.03776161002038031,0.6858311750897131,0.8332054971475862,1.0251372871076707e-05,0.0636964983710461,0.827312541320998,0.011564905176399872,0.7332914416509857,0.32787764028066513
7,0.3214594166948968,0.09557788562693835,0.12570225159394022,0.3152340076037394,0.003506784889456139,0.3744474195714914,0.38063876955899567,1.0,0.15384974920317127,0.268967818226537,0.0,0.10072354340875563,0.3475510622257557,0.10128560043462566,0.004774488511946929,0.3818370667772314,0.25241276364537085,0.1438248126491968,0.1678412339219417,0.29773264542367495,0.14145559936973473,0.3793192749978056,0.3172435463805888,0.4545118782905356,0.09676048604324222,0.15997835338794322,0.26689599261682545,0.3109201574072938,0.4500443820197716,0.0,0.3229528816874028,0.02362379398024346,0.30211559017334244,0.10128560043462566,0.39335126505818524,0.34787913130980347,0.39199615035045027,0.2593483042581601,0.004774488511946929,0.0,0.10128560043462566,0.6006113548552835,0.256134646519565,0.3818370667772314,0.10745990609109592,0.17264597179155636,0.13213205293949457,0.3818370667772314,0.31669267181077443,0.45259971190089127,0.339182738306434,0.2551800344079195,0.005060786727503552,0.1506334306378409,0.2913911034392284,0.027791168612963674,0.10128560043462566,0.0,0.25330873232791346,0.018503051401280626,0.24818217457957786,0.09833814849761224,0.09572378244199052,0.3156884685353467,0.1533322060442854,0.1849307642328709,0.3096117817253011,0.36977424770985384,0.1817101774418782,0.004774488511946929,0.11844417828542438,0.24098124095141857,0.17245325213417403,0.3046709979074942,0.012296551217424435,0.2990413698231752,0.1826935384063105,0.6511452184770703,0.0048456508497597296,0.13093926666002353,0.3843673455022546,0.26770004983296475,0.0645711456472029,0.14518597011553783,0.3408012334654148,0.24681375872805414,0.39199615035045027,0.2406299788884444,0.0037871053038791864,0.0382529004462354,0.37194248155797105,0.3124074562428823,0.3856158426372196,0.035817600430690794,0.12481511292895336,0.18266177395148106,0.004774488511946929,0.3048587240942791,0.09557788562693835,0.18724304186792037,0.004774488511946929,0.0,0.23188986587131377,0.2414001985375443,0.30211559017334244,0.18656648445086488,0.004774488511946929,0.17466268151054584,0.30740309023165996,0.3748215558634843,0.0673738575767808,0.0,0.3818370667772314,0.10591023156966405,0.3156884685353467,0.16803527210622496
8,0.3823451125354106,0.0039435627343084355,0.0007997278715980362,0.41732854333209324,0.004299963929223058,0.3589097400785815,0.35282075889205283,0.15384974920317127,1.0,0.24684170594774024,0.07915802437289314,0.007209966589660041,0.3724197094831043,0.006360108212364686,0.003778351270903199,0.3576490237621469,0.31575641071636346,1.1468958414747633e-05,0.001241292633632007,0.4192885870617525,0.20977429486085925,0.35586781684152685,0.4239077720472157,0.305042016045907,0.005319533575330452,0.0023032800780628544,0.3649651990502742,0.4138835076940765,0.30670534976002684,0.08058756788037583,0.166829768332008,0.0002591309342769167,0.42145756651570193,0.006966334592947511,0.35461882674558887,0.3594736741685139,0.356016103102669,0.29467150175388535,0.0009830415572617372,0.07915802437289314,0.006360108212364686,0.16700745538789977,0.2717154971877529,0.3534360682953041,0.005955143905142628,0.0021998178267490574,0.5047377744161194,0.3534360682953041,0.41436677226119284,0.0948286186145841,0.3643854183043502,0.29486406460386516,0.001241255610993533,0.00018313240945138588,0.41756411283651207,0.009550186806455389,0.006447108815247355,0.08058756788037583,0.1484585308639874,0.007320782710565789,0.3707137790517908,0.0036554875940404187,0.005864457626048059,0.42462218860411205,0.24152400748603325,0.009134463090810258,0.41645226996052676,0.3649635964971159,0.007547202636619026,0.0009830415572617372,0.009767864108652666,0.2771167027135526,0.23667397976583934,0.418569954126985,0.00020326055800599496,0.41830609791162743,0.008302687893605791,0.15324096673119597,0.002468319308552778,0.3559759896082698,0.3570714584865814,0.3080748083286269,0.0003507174375784678,2.8736066392514883e-05,0.3936608280429166,0.3474848047431246,0.356016103102669,0.355836037194972,0.004740608116278718,0.0010832068852108469,0.35920480300362007,0.41940565834047194,0.36004953303352255,0.03222045891107807,0.0063095525826671614,0.00029003949320488044,0.003778351270903199,0.4242528599366256,0.008020809759093925,0.3974155408036422,0.0009830415572617372,0.08058756788037583,0.30257431594507317,0.3610489813165042,0.42145756651570193,0.21793917785951325,0.003778351270903199,0.0036218016182629088,0.4020816812100267,0.3709877974873405,0.00530200734435452,0.08058756788037583,0.35931506875108965,0.0009292705798918724,0.42462218860411205,0.2705366228745479
9,0.3619089754729227,0.008555193287981683,0.014257858146520832,0.37782353769625177,9.630869042989407e-05,0.40891499016021116,0.4037795567400819,0.268967818226537,0.24684170594774024,1.0,0.054936846481702495,0.005806746367733399,0.372105645127381,0.005145938126984658,4.2061264211624167e-05,0.42453275550584935,0.32644896900957243,0.017238558169940566,0.02312017901342503,0.3513353303075752,0.16977787005542103,0.4093667971828335,0.3858116633545708,0.305334426254731,0.008354062244071281,0.03472425811204595,0.37466699408661963,0.3831881603247517,0.30376241737518056,0.05589689909973017,0.2751494344886937,1.855824983119745e-06,0.3691881684609884,0.005409573459586836,0.4321665429440699,0.3645656091656424,0.41742847635945307,0.29530204154449513,0.00014069454345291265,0.054936846481702495,0.005145938126984658,0.2756573612688273,0.2972808506070278,0.40749201770653487,0.005947635107013616,0.02956531780861428,0.2396299306035333,0.40749201770653487,0.3844605672649965,0.20259764445954623,0.407917694131178,0.36926944588091254,1.0182575895431959e-05,0.014404895623388711,0.36205730590373364,0.008146390352120402,0.004381625051743959,0.05589689909973017,0.31893990024018815,0.005834034487270841,0.26063703227505836,8.770116838350986e-05,0.005409573459586836,0.36837108964581233,0.30255788717492843,0.04048318780223457,0.3734528081890776,0.40217845940161834,0.04419893000692903,0.00014069454345291265,0.0028917238720518722,0.33460783771445923,0.27629256242515143,0.37121508299259026,2.5157511935346077e-07,0.36900224534166765,0.05866930932011601,0.27887566424751625,1.473526429225508e-05,0.2251143349833938,0.4086891326278914,0.3092460930740667,0.00023422860307931433,0.010103181138813581,0.3813457468614698,0.26666230086157977,0.41742847635945307,0.33682792036552145,6.647924539562931e-05,0.0012126949874381443,0.40136606812949277,0.37629594581190484,0.4264224085027135,0.06050947059831884,0.025742687185319156,0.028012743989335686,4.2061264211624167e-05,0.3841196102064034,0.0032274267902812916,0.27240503877478045,0.00014069454345291265,0.05589689909973017,0.2894408305197649,0.32676321661953256,0.37582703666306994,0.39155753914533786,4.2061264211624167e-05,0.033791675860085836,0.3660693737175558,0.4135339136599674,0.010122321542546872,0.05589689909973017,0.4104159955895453,0.0004783260229855611,0.36837108964581233,0.18255178364511745
10,0.06500556228594224,0.01956834993306748,0.037913360103106884,0.06986475687968081,0.0,0.06378931366996424,0.06258727133889079,0.0,0.07915802437289314,0.054936846481702495,1.0,0.0179857664772888,0.06243798314766936,0.01939611905021534,0.0,0.06333691734294296,0.0529925658733799,0.0,0.05705217591649257,0.07447795938298425,0.0,0.06214003788057746,0.0700256535676676,0.0602232656627524,0.017440658700010478,0.06333691734294296,0.0,0.07132280422441772,0.060369521075225786,0.9638543846408361,0.0,0.07515622728689288,0.0,0.01956834993306748,0.06273677154883793,0.0,0.06561921497380734,0.04850443753336473,0.03949743744355361,1.0,0.01939611905021534,0.07687437308125429,0.05134649160184607,0.06228890573958409,0.01991030385177147,0.05862688761142139,0.0,0.06228890573958409,0.07067199347691215,0.06273677154883793,0.0,0.0,0.040946646382840284,0.05012294280525069,0.07263819326296522,0.0723075970466426,0.019739739174981747,0.9638543846408361,0.05549751915386864,0.07181389947637695,0.0,0.0,0.01956834993306748,0.06938369695686199,0.05934973116053917,0.05848286091996873,0.07083427358230959,0.06394055470692311,0.047432596430646214,0.03949743744355361,0.0,0.061398798729918276,0.052304545221732425,0.0,0.04226396024112931,0.07132280422441772,0.05862688761142139,0.0741407041712014,0.0,0.0700256535676676,0.0663916255979458,0.06685798404156922,0.0,0.055778765030735984,0.06051597011152252,0.06592745891980922,0.06561921497380734,0.06318655667045932,0.0,0.08260425633618308,0.06485273236114059,0.0700256535676676,0.06318655667045932,0.06986475687968081,0.10265416352275701,0.0,0.0,0.06970413278469477,0.018874198912751522,0.06795487377905422,0.03949743744355361,0.9638543846408361,0.05620179813493664,0.06500556228594224,0.0,0.04200041684275038,0.0,0.05891547937858503,0.07380468576183669,0.06685798404156922,0.01939611905021534,0.9638543846408361,0.06623666155998241,0.0,0.06938369695686199,0.07670108413080119
11,0.0010821145634064143,0.8573356955696246,0.2662711177260051,0.001184017433519977,0.027769397098488614,0.0013403370695941796,0.00104957007293359,0.10072354340875563,0.007209966589660041,0.005806746367733399,0.0179857664772888,1.0,0.0016694521846688027,0.8026076984086098,0.02044754901922128,0.0009034497287854025,0.0010369027195740604,0.23484458065967873,0.17731562869086318,0.002008123442067568,0.006680767542186551,0.0006636170655287397,0.00034377864434299664,0.05941450638504306,0.7419513857472769,0.12242368540127502,8.04269440139873e-06,0.00022691715689574353,0.05911961498147276,0.018232528550402,0.06555924032004007,0.13441794550750832,0.003049326317201357,0.8218676216939055,0.0005710680710225379,0.004173676852813367,0.00023200744842456119,0.0010320981064821358,0.009812784691198902,0.0179857664772888,0.8026076984086098,0.12026451575545663,0.0031361477017800075,0.0006397594889013603,0.8347351377889363,0.16120781224834116,5.809172481135204e-06,0.0006397594889013603,0.00028215622641541516,0.16793501617340334,0.0034865968192080983,0.006382576888388618,0.0015318184160307232,0.22596517428667845,0.00037235481796375525,0.021856653698319302,0.8108726908314282,0.018232528550402,0.0033827340534018637,0.0006433282399941465,0.009228951369437936,0.5263479285306256,0.7916806864280285,0.0012780076991455557,0.01997597104810743,0.16175951943459865,0.0010079906048676684,0.001306328044035237,0.18045725358514492,0.009812784691198902,0.9210205736289601,1.2443095178787026e-05,0.018570994786664286,0.0031220596900926427,0.006361975412416281,0.0005181931867409946,0.13027173886317062,0.12581375164501127,0.020762732297382847,0.0024259760206226484,0.0001689788652790608,0.009337669908379002,0.1003349607480634,0.13363257148729793,0.0030413575471732028,0.013175015197664112,0.00023200744842456119,0.00020851475796311285,0.027604501042875908,0.12040972859421549,0.0006474067992676552,0.001153580232288685,0.0009316873496090441,0.0032848780212092754,0.09507346518771444,0.2634481472047891,0.02044754901922128,0.00037702053251755907,0.7020986723484987,0.006096702451753374,0.009812784691198902,0.018232528550402,0.00042240288508017197,0.0010821145634064143,0.003049326317201357,0.0018770486772764678,0.02044754901922128,0.1601130076681192,0.0029237902428913254,0.0003829479760661615,0.6069921438928046,0.018232528550402,0.00018074692675324906,0.4372513720746809,0.0012780076991455557,0.00582442738411973
12,0.5483423733894671,0.001091455943360688,0.014455272788364355,0.7214365215024057,0.00022305620995456067,0.7670559236224325,0.7650898237468503,0.3475510622257557,0.3724197094831043,0.372105645127381,0.06243798314766936,0.0016694521846688027,1.0,0.0018526718530358587,0.0005892211542109045,0.7456463813881761,0.513188477432315,0.011926393276338022,0.017813813701937797,0.6912018824389577,0.23641882101892978,0.768999458674828,0.6866396508141696,0.45395064946701225,0.001682602922282999,0.021813845671363432,0.6904680214893026,0.672978124198571,0.4515145037081963,0.06354430714622038,0.32626450174179467,0.0007591313891200452,0.6918153528335995,0.0016412485698008858,0.7368137384848575,0.7382945720193567,0.709041384582903,0.42635857050535114,0.0014393908112863652,0.06243798314766936,0.0018526718530358587,0.32075440645512393,0.4707254080649887,0.7648776748189926,0.0018410660619259825,0.020819866658166833,0.44073260348706506,0.7648776748189926,0.6913117148968086,0.18896800016488474,0.7721837443995311,0.5329749006314501,0.0007478113253510857,0.012037252423740876,0.7096660596962286,0.0006241584376918425,0.0014450887593282623,0.06354430714622038,0.2716964449445403,5.055249003716508e-07,0.42864229490159067,0.006355874502104989,0.0016412485698008858,0.7136100474878911,0.34974128391737797,0.04096580252509013,0.7303623650175913,0.7801304801581785,0.02857812080520159,0.0014393908112863652,0.004033699316417896,0.4811687076452994,0.3344037126699084,0.6952661575709465,0.001227132086961511,0.7311313285997838,0.037830895757202575,0.29705532399905504,0.0006852302533292168,0.4400980635909446,0.7082945449495269,0.4759326007893722,0.003949227203720542,0.007331239039017248,0.7921522901173799,0.41439445186855467,0.709041384582903,0.6059594653791918,0.0002814013328748601,0.0034553694415072737,0.78315852819838,0.718585138636233,0.7494279030114978,0.06890450418490232,0.03023243073432314,0.01474888606416881,0.0005892211542109045,0.7415575121087141,0.0018661352605392804,0.5364705132630556,0.0014393908112863652,0.06354430714622038,0.4861235182869525,0.6292427019598044,0.7074542892613724,0.3584761202709451,0.0005892211542109045,0.026259295948348076,0.7109122068855861,0.7300072172481659,2.5237873697366644e-05,0.06354430714622038,0.7114601898348818,0.009984278114990109,0.7136100474878911,0.35881148300023374
13,0.0012038535232585742,0.8415286030232474,0.2773433713813955,0.0017515792733997742,0.03284304071246471,0.001489221538853259,0.001227391611642847,0.10128560043462566,0.006360108212364686,0.005145938126984658,0.01939611905021534,0.8026076984086098,0.0018526718530358587,1.0,0.025206681609324544,0.0010614150740809816,0.00218360076098328,0.2326868143733808,0.20863938068137997,0.001862537307782275,0.0055735034523588765,0.000838286688795103,0.00038606251616916324,0.058544551192726724,0.7373332842161189,0.11944515119076468,2.0053147426739125e-06,0.0002560689874848767,0.05824134576428955,0.01966804554808654,0.05498258118307358,0.14770921694468925,0.0031379489300721384,0.9772301646330679,0.0007287470496164792,0.003908329812849125,0.0003201230007622041,0.0016604673723520163,0.015561556534310971,0.01939611905021534,1.0,0.13318903441926044,0.002866476070071088,0.0008101016334505538,0.9057698662006431,0.18894214594777745,1.689080296380662e-05,0.0008101016334505538,0.00031755564979302144,0.18450152040758938,0.002729985274225971,0.005738933723821631,0.004095387803811663,0.24813847509892978,0.0007185790700012824,0.02184223983850285,0.9593180026548336,0.01966804554808654,0.003052301528267356,0.00021515609878881384,0.008762098040108343,0.5483450003086067,0.9772301646330679,0.001871812456328357,0.017668866581533257,0.17981819319884254,0.0015246367051295333,0.001451648896419313,0.18778125896608708,0.015561556534310971,0.7785879091704325,3.2725898324937973e-07,0.01554019748464948,0.003216741146175834,0.0018781985858185271,0.0009281345773204643,0.1346600018044473,0.13930521855246658,0.025573562031500463,0.003106780759760129,0.0002416906849206855,0.011764775800170444,0.11653211508735004,0.13907679552377267,0.0032671642351259915,0.015843330163109945,0.0003201230007622041,0.0003226008310778846,0.032653022095344736,0.1323197995523446,0.0007694382380292916,0.0017125118474957965,0.0010935210385106587,0.0024053985928286616,0.10446115596320651,0.25998965294874393,0.025206681609324544,0.0007755600835398078,0.7849984501219495,0.006973378343029177,0.015561556534310971,0.01966804554808654,0.0006933029633087058,0.0012038535232585742,0.0031379489300721384,0.001211865112520006,0.025206681609324544,0.1876984488867244,0.002710760870965006,0.0004654167154578819,0.5572375675910934,0.01966804554808654,0.0002564467347096351,0.37979986450311853,0.001871812456328357,0.006279934553330459
14,0.0004969005976916097,0.018101254838345848,0.00047931278705152695,0.0013129748873437698,0.9457203521125841,0.0015553851479414907,0.0020230141359143445,0.004774488511946929,0.003778351270903199,4.2061264211624167e-05,0.0,0.02044754901922128,0.0005892211542109045,0.025206681609324544,1.0,0.0022384759326763916,0.002680791963056028,0.00010806768049918,0.0035047461509199332,0.00023326469457619358,0.011537536998207235,0.0018430925515090235,0.0011822143500604012,0.002022747728211235,0.014174977419674611,0.003902035404007891,0.0031592858276280177,0.0012468286428254625,0.0021222955838658708,0.0,0.005393683086253336,0.3411546557098113,0.000511460741802002,0.025206681609324544,0.002584109577951956,0.0011721680524962674,0.0029189810271812787,0.00015633055083708364,1.0,0.0,0.025206681609324544,0.00024175679008644208,0.000812129819104421,0.0022384759326763916,0.024681083495111656,0.004290775018894482,1.2700272312500215e-08,0.0022384759326763916,0.0014119682192005986,0.0001685223200533402,0.001642709482877419,0.0011036425722274847,0.9145957115905005,0.004027017546395333,0.0003918172967936922,0.005774793953308289,0.025206681609324544,0.0,4.2061264211624167e-05,0.005498245299223312,0.004399464336683829,0.00653007256880278,0.02007219980998843,0.001092512263976892,0.0019817025234801283,0.0004673298810920255,0.0005350628605330835,0.0017218426284019124,9.525728260783339e-05,1.0,0.025732614345056044,0.0002466240157371896,0.0005086308515115087,0.00033698236129517547,0.8270063707448859,0.0004370128596489804,4.984856003877251e-05,0.0004966218255864301,0.9457203521125841,0.003324019129330615,0.002670735727711706,0.0004831620392979908,0.30598647537332613,0.002235583403798485,0.001944873839247,0.0025474128293838405,0.0029189810271812787,0.000728791213856745,0.9567928080759931,0.30127034090172244,0.0016483688455193933,0.0012327146052063893,0.0023506734903395964,0.01240955804961773,0.26243719526603776,0.00029406428109174804,1.0,0.0006434166790515689,0.023627404154002298,0.0008083354567407238,1.0,0.0,0.0003334460453693175,0.0004971804672470871,0.00029812357396436797,0.0007267953513848404,1.0,0.0037379029638401327,0.00046824399156696414,0.0037428794116530547,0.013222653279098431,0.0,0.0027933393533448713,0.0027221742695227548,0.001092512263976892,0.0004958473639996886
16,0.5783043359054738,0.00051052192645294,0.021156115803934426,0.723638547094186,0.0018860761863649074,0.933799782457509,0.9104311003101881,0.3818370667772314,0.3576490237621469,0.42453275550584935,0.06333691734294296,0.0009034497287854025,0.7456463813881761,0.0010614150740809816,0.0022384759326763916,1.0,0.4946282771480494,0.016380353000439715,0.022769414207996688,0.6893859105839321,0.23820295704732666,0.9184942329690154,0.737273654079548,0.48233636312631795,0.0009044160305805462,0.030046566112277063,0.7003748447865913,0.7311814366479202,0.479713269608931,0.0644607170622418,0.3478663119991854,0.002070165293747943,0.7262277258158156,0.0009049575534863175,0.9540359454997528,0.7091907916240462,0.8639386898589336,0.42183935810442413,0.002993237007081156,0.06333691734294296,0.0010614150740809816,0.364361383797389,0.4592978456273849,0.9237752467735966,0.001059693549227811,0.028199366026270885,0.40772980923673396,0.9237752467735966,0.742730056454785,0.2242235428353637,0.8319897701132708,0.5018162329111477,0.001902342889157579,0.0149193509740238,0.6926183695907416,0.004266605726189559,0.0007627066792048609,0.0644607170622418,0.30600922884841675,0.0013633647335964838,0.42833237759432247,0.005098931500989992,0.0009049575534863175,0.7325936685905806,0.369532388619632,0.04799619483260894,0.7311320792491535,0.9281349690795321,0.04160654892677244,0.002993237007081156,0.002158267172075886,0.4776354544423641,0.33854330250965425,0.7299814838486832,0.002567737583772367,0.7142305367221219,0.051900904434217764,0.3471868100935153,0.0023955904309912756,0.39739321703317804,0.8538635898413622,0.47590338900144863,0.005593517720873045,0.010763234090002603,0.752535115421335,0.3920478845621881,0.8639386898589336,0.5941219268160798,0.0020580525551967582,0.005703893276803507,0.8973910662767542,0.720705283437486,0.9591914755505574,0.06979055545693423,0.036627233632788934,0.019908431116339904,0.0022384759326763916,0.7519300556251924,0.0022924081027056484,0.481255033486398,0.002993237007081156,0.0644607170622418,0.4899710582282807,0.5905984383340113,0.7262277258158156,0.3618336445193872,0.0022384759326763916,0.0344055203175675,0.69096959057034,0.8420694237948787,0.00017740767449957466,0.0644607170622418,0.8474126204727722,0.010154395837961207,0.7325936685905806,0.33295331987872434
17,0.45043609909227655,0.0004007997718786273,0.009904711606008032,0.4758763509398427,0.0030149416052944484,0.4885833904998816,0.4929995744602095,0.25241276364537085,0.31575641071636346,0.32644896900957243,0.0529925658733799,0.0010369027195740604,0.513188477432315,0.00218360076098328,0.002680791963056028,0.4946282771480494,1.0,0.006362017173730073,0.012979246325081874,0.44259709856959834,0.23914441929393754,0.4992608331139441,0.46226446973087115,0.3338198744297334,0.0004726856738171138,0.012934494205145705,0.48948421378244106,0.44906765180994,0.3321923982294507,0.053914579913308135,0.2283793789502667,0.00015392262780527483,0.44791009247399194,0.0019724882194006896,0.4909403915485117,0.5061481413031705,0.4598480540343478,0.3565371800857992,0.00021686786949094998,0.0529925658733799,0.00218360076098328,0.22859567446482487,0.38873930668252615,0.4971596192069306,0.0015893102139669804,0.012889247019775833,0.36169972584073123,0.4971596192069306,0.4614462542125559,0.15277112406625662,0.47402707903996233,0.503867978656211,0.0005048590330465918,0.0058113048066161625,0.45970872709102506,0.0002025877202369844,0.0017745451117562626,0.053914579913308135,0.2855127160687679,0.0006531296055584712,0.3442363071521727,0.002752554113900377,0.0019724882194006896,0.47504128144526814,0.29231869983289305,0.02963179259282333,0.4657086511293665,0.4985075826077472,0.022714808840924323,0.00021686786949094998,0.002017309832265021,0.45227606869357273,0.2785394556033914,0.45016648765742523,0.0002244881390572906,0.4607464111997624,0.02456510054134601,0.2073504707850689,0.0018142447985215401,0.381959341732455,0.45640416188355165,0.41344069553339063,0.0019151248565571408,0.003191188142821679,0.5295986486418903,0.35479043568080043,0.4598480540343478,0.4790273187346596,0.0028457813423223193,0.0019182721906913177,0.4866300350640941,0.4741586310914105,0.4907244105995804,0.08216791739093379,0.021282235346104048,0.00804056430023154,0.002680791963056028,0.47158656506703023,0.002900925639096941,0.4281099694098785,0.00021686786949094998,0.053914579913308135,0.4519059950338856,0.47301905772309955,0.45597166343168166,0.35315508855904987,0.002680791963056028,0.014092094732714366,0.4546728653151592,0.4566771341354873,0.00013311048453891572,0.053914579913308135,0.45820617528850255,0.0027118271237987,0.47504128144526814,0.29372504982852665
18,0.014355450032174135,0.22900002829257918,0.45452326798686415,0.011385191162643448,2.9830649336934595e-05,0.017286173273641858,0.017286173273641858,0.1438248126491968,1.1468958414747633e-05,0.017238558169940566,0.0,0.23484458065967873,0.011926393276338022,0.2326868143733808,0.00010806768049918,0.016380353000439715,0.006362017173730073,1.0,0.4422337028117292,0.009449813795638218,0.003372975525902172,0.01667851875742096,0.010829980297134025,0.052808111459484,0.25157889687693513,0.398763964273981,0.008565613294627971,0.009929045860350448,0.052247496804854805,0.0,0.06109296967489564,0.058696592424924275,0.009998031121566903,0.2326868143733808,0.01885026695147803,0.014095587695060488,0.018214024063539013,0.006753500551644292,0.00010806768049918,0.0,0.2326868143733808,0.15421277611011483,0.01710792775452188,0.016380353000439715,0.22766564204870657,0.3845664934807347,4.9151540518162574e-05,0.016380353000439715,0.010373640295315923,0.2482749772341278,0.01649496635923708,0.01464126827969488,2.4624606042158934e-06,0.4638335377938305,0.00806926099989328,0.0760711282939082,0.2326868143733808,0.0,0.017238558169940566,0.026047156723476073,0.0070738185931466255,0.24946415455144885,0.23770978898442185,0.010645555561120252,3.2310751886532924e-06,0.33189750458518597,0.009760866786519008,0.016389422440591297,0.4401766278357897,0.00010806768049918,0.23235955223290702,0.00990604614917337,0.00030459248980012105,0.010211628229773336,0.002190150943597669,0.009335518034508892,0.3953870119290278,0.1616881837709533,0.00016892684298571746,0.0004423450211581696,0.01759196213002519,0.014413670531770817,0.15725290265142047,0.20527834163023115,0.014079547082913705,0.014261704726120896,0.018214024063539013,0.007063511678434386,1.7226192880251603e-05,0.11098951520578239,0.016085636930844357,0.011152239353794561,0.018214024063539013,0.0005113003773965775,0.1588654489166936,0.6299158827101714,0.00010806768049918,0.009074415501160818,0.21762772993457705,0.003149152102387426,0.00010806768049918,0.0,0.007005522901465076,0.006386793589601673,0.009998031121566903,0.004970220531133875,0.00010806768049918,0.3316538172355554,0.00972138568216479,0.017294571103142302,0.18103046818738752,0.0,0.01790123574220282,0.3681233258775951,0.010645555561120252,0.0036928266430458594
19,0.019464953328655908,0.1983410265142253,0.4132110462022128,0.017343712644314464,0.003076616742113003,0.024920069359128355,0.025453621258078037,0.1678412339219417,0.001241292633632007,0.02312017901342503,0.05705217591649257,0.17731562869086318,0.017813813701937797,0.20863938068137997,0.0035047461509199332,0.022769414207996688,0.012979246325081874,0.4422337028117292,1.0,0.011003671092456806,0.00844362768546439,0.02538957482810095,0.014613069464710133,0.05206437847448158,0.1828497300667462,0.5001451002711162,0.011428064215417349,0.014325425955861653,0.051544259332306754,0.058053556653029324,0.07078093296970847,0.10509366672336176,0.014836770128937238,0.1983410265142253,0.024055867197356254,0.02118575531131001,0.024167442660141092,0.014213989633827466,0.004545822724983151,0.05705217591649257,0.20863938068137997,0.16503872911222006,0.015412862943238057,0.02505164454107387,0.20296969976818238,0.6279217271267133,4.138461032241457e-05,0.02505164454107387,0.014467623736572366,0.2610572353119376,0.020550274821609333,0.021544989181264067,0.006208008160008197,0.6907224731644632,0.01113782382138302,0.07824567306983854,0.20065716715530824,0.058053556653029324,0.04025973834361667,0.05937591547327589,0.014110699044048058,0.24351040097960516,0.21095786034481898,0.016402174895590187,0.0007131177959970074,0.4929038184796691,0.011991060917996208,0.022527277200717455,0.4518028094017333,0.004545822724983151,0.17595092839194626,0.010643431396132545,0.0020692929231749015,0.015186115523669278,0.014435973102826358,0.012077108940617346,0.41131946775638567,0.1764896918666643,0.003076616742113003,0.0026782319942087736,0.022603782021797365,0.01796401678280674,0.2082925531398732,0.21577945661766063,0.023740674113000678,0.014416785744074184,0.024167442660141092,0.008273425129078015,0.003286644915833835,0.15741977641834956,0.021679265352402013,0.01708703590115045,0.02412385848012391,0.0008678612485935061,0.2639749737932805,0.385036492680041,0.0035047461509199332,0.011322297092729413,0.17025898336751982,0.005476604066235237,0.004545822724983151,0.058053556653029324,0.008476839018452698,0.009194468739298004,0.014836770128937238,0.014095684495821619,0.0035047461509199332,0.5258226389943245,0.011806163179057298,0.02369532736183609,0.11116012869472566,0.058053556653029324,0.022911096057569403,0.2518604627636974,0.016402174895590187,0.008031101642273377
20,0.5361240936932635,0.00110852263254946,0.010135517235806944,0.7916028993404102,0.00012549415716035878,0.6975419437777528,0.6760710844764581,0.29773264542367495,0.4192885870617525,0.3513353303075752,0.07447795938298425,0.002008123442067568,0.6912018824389577,0.001862537307782275,0.00023326469457619358,0.6893859105839321,0.44259709856959834,0.009449813795638218,0.011003671092456806,1.0,0.21521721478571929,0.6682403646431153,0.7227090943920733,0.42264864416480985,0.0015045031030343483,0.016081430880118205,0.6500412533994947,0.7419875628697392,0.42470028145691996,0.07581740806589489,0.30603906185927243,0.0009228867865796822,0.8971540933157651,0.002242760584469924,0.6703521935025857,0.6285633120914895,0.6608045190908143,0.3926015374704368,0.0007841913347237239,0.07447795938298425,0.001862537307782275,0.27649323780151264,0.43140161325471144,0.6708378689391323,0.0023685783689848163,0.012134963981073109,0.45795159752895,0.6708378689391323,0.7513298463035224,0.1607705428392458,0.8375870543235291,0.4663476302377825,0.00038367171609113006,0.00709479484662661,0.9338861309187741,0.0018397052837191004,0.0019832105516474933,0.07581740806589489,0.24293688991372867,2.4385285515672744e-06,0.4239464649879816,0.004499059581125898,0.001626997182152505,0.7989821553332409,0.3688348553186585,0.024367248565544907,0.8412549362825792,0.7090996263692497,0.024074564877536328,0.0007841913347237239,0.004047990734328922,0.4392717037819495,0.3176722747734488,0.9036127209366235,0.0010523525133922602,0.8631038015698635,0.02806622095306912,0.2669911035981229,0.0007434979601588867,0.4069539267521785,0.6748495789039486,0.44466727103181947,0.0023255135058710534,0.005982246455707017,0.657871075357046,0.36925620268219334,0.6608045190908143,0.5786148139380802,6.164566794807911e-05,0.0021895634023539894,0.700208803400929,0.7951220471727097,0.6782961128878657,0.056418235571951886,0.021689149357382788,0.011128987707203147,0.00023326469457619358,0.8351648957205058,0.0034876500272362832,0.49573033614241613,0.0007841913347237239,0.07581740806589489,0.4595651819723671,0.596185697780204,0.9132933939781044,0.3255646086542092,0.00023326469457619358,0.01771387173007601,0.8499616930058719,0.6834766674050013,0.0004769945668825929,0.07581740806589489,0.6720080013128273,0.007511121341461317,0.7989821553332409,0.33473853495688155
21,0.27106087366974463,0.005346020021358471,0.0019783982031827876,0.22906749860685,0.012102503383455612,0.23509921381552132,0.23509921381552132,0.14145559936973473,0.20977429486085925,0.16977787005542103,0.0,0.006680767542186551,0.23641882101892978,0.0055735034523588765,0.011537536998207235,0.23820295704732666,0.23914441929393754,0.003372975525902172,0.00844362768546439,0.21521721478571929,1.0,0.23977228367316536,0.23531028518246294,0.1591263484466381,0.007897716589096646,0.005934654173161393,0.23001625962162298,0.22950243721172323,0.15791799080494287,0.0,0.10163513676357522,0.0022649753996607145,0.2100052212496858,0.0055735034523588765,0.23755879923548492,0.23954255258225182,0.23442889404967154,0.17407963515470487,0.011537536998207235,0.0,0.0055735034523588765,0.13919986772202514,0.18126922621930114,0.23820295704732666,0.006053887482562729,0.0033527176904195226,0.20240633109561781,0.23820295704732666,0.237719020145147,0.08190981742199463,0.22246309880050485,0.2210133079679574,0.012228464622187496,0.003469858097067368,0.22732122751984224,0.004182512722100893,0.0055735034523588765,0.0,0.12055696795281122,0.003333985242146167,0.1917583242663223,0.00983181646238096,0.005120244523577876,0.22665793915216248,0.10314481184207207,0.009684150513149059,0.2315175583563023,0.23052885252735505,0.010371549721646257,0.011537536998207235,0.00856436178578232,0.206853529044568,0.09853096173662138,0.21126798178991704,0.006556682950475522,0.2287107085623685,0.01445870828696119,0.1211973189073794,0.010574134752615344,0.1930756153460754,0.2313456217262124,0.19561793914158934,4.0404689836408734e-05,0.006907562841313322,0.2306979598359009,0.1754326742492176,0.23442889404967154,0.2312844041770956,0.011818896822501947,0.0002751547526670277,0.23664531278131132,0.22765958009199916,0.23442889404967154,0.05562196175745051,0.0032370262364300453,0.005233464578929882,0.011537536998207235,0.23436225499952387,0.005346020021358471,0.21501315683712993,0.011537536998207235,0.0,0.2232900815963842,0.22337253375398067,0.21506147910726,0.19244730301089316,0.011537536998207235,0.0072838378782447265,0.21510392270002512,0.22753726052871276,0.00767088752205508,0.0,0.23288149756458398,0.0056039793475129145,0.22665793915216248,0.1214378464409053
22,0.5661646642818876,0.00035844188694826037,0.02180849244756448,0.7237562348273981,0.0015268376267763848,0.9304212757581853,0.9759859017221221,0.3793192749978056,0.35586781684152685,0.4093667971828335,0.06214003788057746,0.0006636170655287397,0.768999458674828,0.000838286688795103,0.0018430925515090235,0.9184942329690154,0.4992608331139441,0.01667851875742096,0.02538957482810095,0.6682403646431153,0.23977228367316536,1.0,0.72092161632976,0.47414460796690505,0.0006508081041491641,0.03331444849188974,0.7061537645757329,0.7074743375796093,0.4716231676266424,0.06324056713394866,0.3512614505925797,0.0023663227637020735,0.7222836904513036,0.0007024415619596345,0.9155288080986078,0.725146046054454,0.8409969588285814,0.4130359500779811,0.0032106684898450207,0.06214003788057746,0.000838286688795103,0.37070050575247804,0.44602543689745905,0.9905855833393863,0.0008494687548462805,0.031196580337460367,0.411895074881495,0.9905855833393863,0.718345267045228,0.23188081375351088,0.8269724638424574,0.5051289511578746,0.0020923219523335044,0.01683872313031434,0.6866853034347402,0.004245050392939207,0.0005800706296785138,0.06324056713394866,0.3059743756750228,0.0013307176952691772,0.4253380995085758,0.005230430719381492,0.0007024415619596345,0.7324020884948645,0.3620702371571839,0.05202170184283977,0.7070843222663104,0.9112282243226775,0.04329126751844373,0.0032106684898450207,0.0022219311577221412,0.47533741362491966,0.3286514192802914,0.7260010203476696,0.0028157255678599893,0.7074743375796093,0.05454215858975601,0.3524329680181701,0.0019894827968700546,0.3979002599319403,0.8327850608095563,0.4656802567674318,0.005261614755012027,0.01173935703159192,0.7736179329199471,0.38673564119001147,0.8409969588285814,0.5867889121031362,0.0016808431495960493,0.006341713458697037,0.8977048488468168,0.72092161632976,0.9237038786691063,0.06990355101731624,0.0393055818214563,0.02023191655604895,0.0018430925515090235,0.7266142179960072,0.001952173922918524,0.48186627385540276,0.0032106684898450207,0.06324056713394866,0.4849116968537443,0.5907239743441474,0.7222836904513036,0.3669721720896711,0.0018430925515090235,0.037761084950312274,0.6778156843477913,0.8330332527378456,9.257581425821058e-05,0.06324056713394866,0.8258917001746796,0.010325386830570257,0.7324020884948645,0.33446581359309113
23,0.5750664389123779,9.592796627512688e-05,0.009916140913421224,0.7738338615262758,0.0009253481660203149,0.738458467393998,0.7133847110848418,0.3172435463805888,0.4239077720472157,0.3858116633545708,0.0700256535676676,0.00034377864434299664,0.6866396508141696,0.00038606251616916324,0.0011822143500604012,0.737273654079548,0.46226446973087115,0.010829980297134025,0.014613069464710133,0.7227090943920733,0.23531028518246294,0.72092161632976,1.0,0.4065142064160554,0.00036466766583050125,0.018490910520641814,0.7079773570737549,0.9341274732304176,0.40869011853398113,0.07127912693079218,0.3199586036106828,0.0007424099091807129,0.8109658489165305,0.00029118792232219967,0.7247329970200624,0.7038995482414793,0.7789270652681568,0.38951916346549476,0.0018776281859014818,0.0700256535676676,0.00038606251616916324,0.2761250960763603,0.4547246405933381,0.7155403969918959,0.0003667742557208557,0.015269107637334908,0.46428740673118984,0.7155403969918959,0.9427668377900337,0.17122513967347633,0.8191554108076418,0.5056525483379839,0.000981550939139474,0.008772995111616624,0.7507760098158638,0.0005628840528450218,0.00021061440256589628,0.07127912693079218,0.27445369734508407,0.00021577234937262407,0.450999120808686,0.00414934133672066,0.00029118792232219967,0.7778468053263051,0.33261560463757456,0.031187863783087147,0.7746191694907913,0.7416906762010052,0.0258251365849081,0.0018776281859014818,0.002159224330879806,0.46905101458877224,0.334740087952682,0.8155090442499758,0.0013748666460908965,0.7794204319858119,0.033044968013013126,0.274963087633093,0.002183391477488195,0.4114521613433862,0.779663121561007,0.45579126758175825,0.003195422053753532,0.007360750267804271,0.705732241812739,0.3778765665207818,0.7789270652681567,0.5783590514886467,0.0007253936343927051,0.002755326403998756,0.7287722609378126,0.7698939062856291,0.7341067924974632,0.0788456539028385,0.025821799433649463,0.012415647510510736,0.0011822143500604012,0.7859996988790287,0.0007621325560870697,0.49370959690947025,0.0018776281859014818,0.07127912693079218,0.4724033180700768,0.575066438912378,0.8109658489165305,0.3206562129786882,0.0011822143500604012,0.022555581585438883,0.7129806192130125,0.7994414513236272,9.65409717090502e-05,0.07127912693079218,0.7846082655929351,0.007662803866072122,0.7778468053263051,0.3164598548424863
24,0.35060334180140323,0.053262644556501086,0.06860857811605574,0.4129979692788374,0.0023517500483584424,0.4650416387435414,0.47781924535356674,0.4545118782905356,0.305042016045907,0.305334426254731,0.0602232656627524,0.05941450638504306,0.45395064946701225,0.058544551192726724,0.002022747728211235,0.48233636312631795,0.3338198744297334,0.052808111459484,0.05206437847448158,0.42264864416480985,0.1591263484466381,0.47414460796690505,0.4065142064160554,1.0,0.05790279022754843,0.0644128935531769,0.3823917499380661,0.4067801632718652,0.9904591527239056,0.061286485299105194,0.34121220292430415,0.010407622919105937,0.4736796196250988,0.06026373718732258,0.48621948810296134,0.4587637549765816,0.44980253488167776,0.3869418388547223,0.0004483391158716898,0.0602232656627524,0.058544551192726724,0.44980949289598277,0.36613408306090406,0.4771339151099508,0.06009979008694419,0.06352213474286626,0.25050681885864107,0.4771339151099508,0.40895950042638757,0.3387125153422826,0.4988532943923775,0.36459486374642536,0.00028768826272522095,0.0479376014078911,0.40268511776457555,0.01984029448591732,0.06198903658704612,0.061286485299105194,0.2039772255474242,0.00025749701982929443,0.3529579070178468,0.053600996829456043,0.05670315442768971,0.4183671099314333,0.2783186170885936,0.10534218690585002,0.42153279511755093,0.48395084926755927,0.08750507004874028,0.0004483391158716898,0.06213405548870378,0.2822898126299719,0.3140161816073292,0.47645727980491576,0.0006928925635155206,0.41150597123001453,0.09172982614027264,0.440955984909778,0.0013774301809743774,0.25700672538598196,0.4446943624585436,0.36438942187423884,0.013705255681885227,0.019345973660097833,0.45266975008377003,0.42111013902252475,0.4498025348816777,0.3765743692731847,0.002752571952095792,0.020420903973903476,0.4449881307163744,0.4112296486351138,0.48463592778961423,0.023292763514542823,0.04833852421255861,0.06333806772566322,0.002022747728211235,0.4292602648774339,0.06449620939223945,0.32376828237306315,0.0004483391158716898,0.061286485299105194,0.34699162030727343,0.3902865402167894,0.4736796196250988,0.26687292820124503,0.002022747728211235,0.07100898159715405,0.4444192841089323,0.44875778372627406,0.03629959570381752,0.061286485299105194,0.4416923567102797,0.05902640573778782,0.4183671099314333,0.32736903497475495
25,0.0011019547535264156,0.7847197511655609,0.27715733923695185,0.001248094992586424,0.019685404814546673,0.0013575930277538435,0.001047891361124968,0.09676048604324222,0.005319533575330452,0.008354062244071281,0.017440658700010478,0.7419513857472769,0.001682602922282999,0.7373332842161189,0.014174977419674611,0.0009044160305805462,0.0004726856738171138,0.25157889687693513,0.1828497300667462,0.0015045031030343483,0.007897716589096646,0.0006508081041491641,0.00036466766583050125,0.05790279022754843,1.0,0.13068526777568526,0.00010760793519418655,0.0002458971658768013,0.05761665771852612,0.01767782265417032,0.07457253602373558,0.11865757714295265,0.0029084389885227595,0.7277125319998381,0.0005608150797726264,0.0037847834712270304,0.00023032721997831828,0.0015329277288483767,0.008971214574296296,0.017440658700010478,0.7373332842161189,0.10729792567614514,0.002109625696612729,0.0006276149780592003,0.7360466485319883,0.17643349440043676,7.317894473230055e-07,0.0006276149780592003,0.00030219440138190855,0.16165194323194365,0.0032838546313367725,0.004433004197550442,0.0021106488163842325,0.21756261315100234,0.00040646709010414234,0.027990100232445442,0.7183945320028182,0.01767782265417032,0.005183738207150894,0.0006604422142667538,0.011211328779317232,0.5092541998358867,0.7551253525295849,0.0013428632842068492,0.02197142518385083,0.17700149522579806,0.0010701700760573378,0.0013239609212760363,0.19848737768260757,0.008971214574296296,0.7426553187273629,3.5261644573342895e-05,0.02103972654035488,0.0029782942734970174,0.004559382700471488,0.0005554142237285651,0.13791163591093727,0.11245863652894865,0.014456012349572686,0.001217372966980404,0.00016862010082578264,0.01133191980106697,0.08701922526150459,0.1334592193550658,0.0030684845203759106,0.011962262528439606,0.00023032721997831828,0.00019736704932841917,0.019533621678400333,0.10564324595516757,0.0006524616897396222,0.001217372966980404,0.0009321572966925187,0.005518557799818406,0.0915087061448089,0.28240154691634267,0.014174977419674611,0.00039825631077898316,0.6893287061649905,0.004124562187671512,0.008971214574296296,0.01767782265417032,0.0003722356168422606,0.0006297532419034926,0.0029084389885227595,0.0024958103005351547,0.014174977419674611,0.17530635467409098,0.00164028539088151,0.0003910312263222202,0.6163455747391119,0.01767782265417032,0.0001801538780489017,0.4160116960277025,0.0013428632842068492,0.0062370219178282055
26,0.018309179450874277,0.12138784026274145,0.34737270050352687,0.022376429234877215,0.0034039681704287443,0.03226189524779004,0.03323519327549918,0.15997835338794322,0.0023032800780628544,0.03472425811204595,0.06333691734294296,0.12242368540127502,0.021813845671363432,0.11944515119076468,0.003902035404007891,0.030046566112277063,0.012934494205145705,0.398763964273981,0.5001451002711162,0.016081430880118205,0.005934654173161393,0.03331444849188974,0.018490910520641814,0.0644128935531769,0.13068526777568526,1.0,0.01191164089857433,0.018772024902038584,0.0637813039486806,0.0644607170622418,0.07717280338752218,0.05909496106878849,0.016760758003982735,0.11562159437769293,0.032816560738945844,0.023004991461113938,0.03088363976395875,0.01898491920068367,0.005137015342781543,0.06333691734294296,0.11944515119076468,0.1766107349448784,0.02142745557196041,0.0328933103634253,0.11946878729561214,0.5244502479931916,2.0050953002788825e-05,0.0328933103634253,0.01993389052696465,0.2681829809443254,0.02529584166247349,0.02556239209753928,0.007221636786149531,0.40534665709463186,0.016574507171360702,0.0991505094555288,0.11754570018094211,0.0644607170622418,0.037999218672897225,0.07352742817144094,0.01400777967934968,0.15937702222263037,0.12138784026274145,0.021457640326099352,0.004272802820405282,0.4878458396833091,0.01792521182674147,0.029595773630398118,0.4827657664671214,0.005137015342781543,0.1315210563824,0.015097975346405133,0.007748863046813538,0.017172119586780388,0.014189737639552315,0.01629280323473422,0.5129356797495197,0.1898905887086082,0.0034039681704287443,0.0025987791063304495,0.03005977916083952,0.021852095681802356,0.12807782022422765,0.1806969761218458,0.028610009145889088,0.016590071942928854,0.03088363976395875,0.011316515663684721,0.0036480893425516344,0.09991226848910294,0.028395557086360396,0.022061028687824568,0.03158230307032671,0.0010863162987513712,0.22547695677027957,0.3639017375459854,0.003902035404007891,0.016552606925126848,0.1024643674735308,0.005426304753542835,0.005137015342781543,0.0644607170622418,0.012210604224932288,0.010641189892788535,0.016760758003982735,0.022503890901317315,0.003902035404007891,0.4429712496470317,0.017949942366678264,0.030015323902841527,0.08819893171594938,0.0644607170622418,0.0304446409893039,0.19459916572650862,0.021457640326099352,0.00908682631900456
27,0.5172805238840161,3.464883827472851e-06,0.00838119971697887,0.6702605769884283,0.00271940904683711,0.7099791707343472,0.6994958559753621,0.26689599261682545,0.3649651990502742,0.37466699408661963,0.0,8.04269440139873e-06,0.6904680214893026,2.0053147426739125e-06,0.0031592858276280177,0.7003748447865913,0.48948421378244106,0.008565613294627971,0.011428064215417349,0.6500412533994947,0.23001625962162298,0.7061537645757329,0.7079773570737549,0.3823917499380661,0.00010760793519418655,0.01191164089857433,1.0,0.6786474743706074,0.37943650684741614,0.0,0.3146388855557336,1.085256307140253e-05,0.6575019246382118,2.0053147426739125e-06,0.6863647497759863,0.6573995230302249,0.6853468729527346,0.3569164932429506,0.0031592858276280177,0.0,2.0053147426739125e-06,0.28599381914896355,0.43670103307395464,0.7003748447865913,2.3270370856959985e-05,0.00892867630631912,0.450116654437444,0.7003748447865913,0.6980995608223245,0.17423282331206794,0.7055654319558649,0.45308614449827783,0.0020758808227202457,0.007110883221576705,0.6678176540378027,0.0001365895240542398,2.0053147426739125e-06,0.0,0.26959541515954977,0.002924093221933908,0.3928181197565825,0.002467425975534305,5.893368947345683e-05,0.6599333627977346,0.3706453444881782,0.029638558159685538,0.6809001549390582,0.703660205230977,0.023760309800774745,0.0031592858276280177,1.1375309585386153e-05,0.489095513118916,0.31258696853240686,0.651621140902293,0.002954771698487207,0.6721198590545358,0.027906112378558483,0.2518944718545097,0.0033134313260191066,0.4381895760359845,0.694726715759994,0.4351769674928811,0.0012861904123646702,0.00031543804755745604,0.7120735351867108,0.35869538994117545,0.6853468729527346,0.7402529827633314,0.0029346486492515442,0.0008279127839637142,0.7157685355209438,0.6658527326505613,0.6956538164949918,0.1051473810379797,0.015768854350914605,0.011134942251324309,0.0031592858276280177,0.7000081325517881,0.00047045880365281545,0.6012519836789225,0.0031592858276280177,0.0,0.5131149668805647,0.7453403268048363,0.6478616704854608,0.3762340287949259,0.0031592858276280177,0.011990919403960765,0.6254753247852309,0.7031630888426569,0.0006308247527416653,0.0,0.690011005684605,0.0050029811620962905,0.6599333627977346,0.35102409251632555
28,0.5557060408244191,3.802798648852329e-05,0.009578651742969234,0.7596209926517598,0.000980205919085265,0.7317242669354228,0.7077380501206415,0.3109201574072938,0.4138835076940765,0.3831881603247517,0.07132280422441772,0.00022691715689574353,0.672978124198571,0.0002560689874848767,0.0012468286428254625,0.7311814366479202,0.44906765180994,0.009929045860350448,0.014325425955861653,0.7419875628697392,0.22950243721172323,0.7074743375796093,0.9341274732304176,0.4067801632718652,0.0002458971658768013,0.018772024902038584,0.6786474743706074,1.0,0.40890748512097025,0.07260135341087492,0.31901114759831606,0.0007511160762029765,0.8300550781479451,0.00017977702464656482,0.7106725493389392,0.6889762629388164,0.7791517527686453,0.37857025427703683,0.0017319248315268475,0.07132280422441772,0.0002560689874848767,0.273164708459878,0.4361925494480298,0.7103762714904865,0.0002386343211026457,0.014918942093367018,0.4684129863783944,0.7103762714904865,0.9559104211830804,0.16589800789904485,0.8173555362530981,0.4936210885221517,0.0008665922953117578,0.00877184247178387,0.764645064270879,0.0011067436180330012,0.0001176501328036107,0.07260135341087492,0.26465807272505454,8.556398007411345e-05,0.43041035061824756,0.0037070981898119785,0.00017977702464656482,0.7641231279833902,0.3371808771431086,0.029489756548270657,0.7670507872549845,0.7348088961904462,0.024734342642155537,0.0017319248315268475,0.0019212082734152318,0.4536058768059599,0.3375001161594216,0.8348475311010031,0.0012215148690684012,0.771119546047487,0.032430567466060656,0.2724756541518909,0.0022609792531449934,0.39979287554720044,0.7872933178797539,0.4345475659094718,0.002820294910499728,0.007217214968047436,0.6939841561077292,0.3679322059956822,0.7791517527686455,0.5596024451001832,0.0007763833179973258,0.002676660251473181,0.7205817318113528,0.7634185023190289,0.7195826040112477,0.07323802539607137,0.0257367070507487,0.011468445578575133,0.0012468286428254625,0.7797775790170252,0.0005755306868801455,0.48075275266857515,0.0017319248315268475,0.07260135341087492,0.4637434182924523,0.5557060408244191,0.8300550781479451,0.322912310062474,0.0012468286428254625,0.02113579497919004,0.7252832584604734,0.797907590054057,0.00017833411465840456,0.07260135341087492,0.7928908680653423,0.007107777358849247,0.7641231279833902,0.2986746687139844
29,0.34857157720880666,0.05297479407794787,0.06813251578829073,0.4151969729469347,0.00245934685242731,0.4624863613701067,0.47525744835208344,0.4500443820197716,0.30670534976002684,0.30376241737518056,0.060369521075225786,0.05911961498147276,0.4515145037081963,0.05824134576428955,0.0021222955838658708,0.479713269608931,0.3321923982294507,0.052247496804854805,0.051544259332306754,0.42470028145691996,0.15791799080494287,0.4716231676266424,0.40869011853398113,0.9904591527239056,0.05761665771852612,0.0637813039486806,0.37943650684741614,0.40890748512097025,1.0,0.0614355893898748,0.3379507525751193,0.0101553667319978,0.47685879780877294,0.05995391613168445,0.48360727243154616,0.45583265276809287,0.44724101571027514,0.3852626019469822,0.00048020977659963144,0.060369521075225786,0.05824134576428955,0.4466288255034736,0.3644398625369153,0.4745903465514085,0.059787831437677755,0.06292679667647694,0.25256238327268066,0.4745903465514085,0.4111167340896844,0.33680313321491445,0.49496624448919685,0.36206026813439934,0.0003140687114558493,0.04748097339104287,0.4047552170422426,0.019490069777648052,0.06167260563533507,0.0614355893898748,0.20278093636004937,0.00022244374100589915,0.3499027897108933,0.05313403864149572,0.05640437765592979,0.4205995445031127,0.2805128817727075,0.10453339651614724,0.42371516650659397,0.4812876103235148,0.0868748631774595,0.00048020977659963144,0.061739385425538584,0.2806618638454618,0.31247496917935413,0.479660267917503,0.0006510262081916541,0.41364491913743723,0.0909862729173014,0.4380127397157126,0.00146074963080434,0.2587640817965699,0.4421246634036875,0.3622300207225286,0.01324155465885208,0.019053928555868786,0.45032426429114647,0.42350339316662877,0.44724101571027514,0.3789569290831306,0.002868199488575508,0.02003217071731644,0.44248815540613257,0.41341772223091466,0.48200858549921344,0.022542456824459267,0.0475966007014347,0.06273110314486818,0.0021222955838658708,0.43150773659867286,0.06417920498338628,0.3257902906697674,0.00048020977659963144,0.0614355893898748,0.34963937930591776,0.3926283621759311,0.47685879780877294,0.26569908363397754,0.0021222955838658708,0.07037056474828107,0.446541937874524,0.4461427498321628,0.036071155471709374,0.0614355893898748,0.43914662306442287,0.05857906340348871,0.4205995445031127,0.3291422634188859
30,0.06616177077404421,0.019843380071997183,0.03853930046682173,0.07111511827500896,0.0,0.06492190383816461,0.0636964983710461,0.0,0.08058756788037583,0.05589689909973017,0.9638543846408361,0.018232528550402,0.06354430714622038,0.01966804554808654,0.0,0.0644607170622418,0.053914579913308135,0.0,0.058053556653029324,0.07581740806589489,0.0,0.06324056713394866,0.07127912693079218,0.061286485299105194,0.01767782265417032,0.0644607170622418,0.0,0.07260135341087492,0.0614355893898748,1.0,0.0,0.076508750485702,0.0,0.019843380071997183,0.06384890541885839,0.0,0.06678733201259364,0.04933847161241128,0.04015448793021487,0.9638543846408361,0.01966804554808654,0.07825998927497765,0.05223626430711399,0.06339233048609891,0.020191514603693565,0.0596589942072672,0.0,0.06339233048609891,0.0719379643975404,0.06384890541885839,0.0,0.0,0.041632176427216165,0.05098872965106001,0.07394214763612621,0.07360516852605956,0.02001786402735666,1.0,0.05646853177193353,0.07310193630567137,0.0,0.0,0.019843380071997183,0.07062475186039986,0.06039593027605988,0.059512158699764235,0.07210338143969942,0.06507608296825632,0.04824558887809094,0.04015448793021487,0.0,0.062484906109452135,0.05321308711832127,0.0,0.0429753850420761,0.07260135341087492,0.0596589942072672,0.0754736495789084,0.0,0.07127912693079218,0.06757472448231497,0.0680501244491806,0.0,0.056755273841391264,0.06158489057103361,0.06710155573478155,0.06678733201259364,0.06430743410717397,0.0,0.08409996903574236,0.06600597420041004,0.07127912693079218,0.06430743410717397,0.07111511827500896,0.10453227174805385,0.0,0.0,0.07095138713077126,0.01913675977220923,0.06916826812164985,0.04015448793021487,1.0,0.05718657197267896,0.06616177077404421,0.0,0.0427066608653841,0.0,0.05995321322790029,0.07513115026117222,0.0680501244491806,0.01966804554808654,1.0,0.06741675540239453,0.0,0.07062475186039986,0.07808336433820529
32,0.2862405373235497,0.05970474790721839,0.0839375285185815,0.3181913460909726,0.005473029316377245,0.3469696004418415,0.3527973268802259,0.3229528816874028,0.166829768332008,0.2751494344886937,0.0,0.06555924032004007,0.32626450174179467,0.05498258118307358,0.005393683086253336,0.3478663119991854,0.2283793789502667,0.06109296967489564,0.07078093296970847,0.30603906185927243,0.10163513676357522,0.3512614505925797,0.3199586036106828,0.34121220292430415,0.07457253602373558,0.07717280338752218,0.3146388855557336,0.31901114759831606,0.3379507525751193,0.0,1.0,0.024635931040399236,0.3056541757416817,0.05498258118307358,0.3581945940191477,0.3491049071062651,0.35717647133806146,0.20132608751842043,0.005393683086253336,0.0,0.05498258118307358,0.3075541385559616,0.28504991952275077,0.35372750255241353,0.05810764348858262,0.08843443500839993,0.15047017561089346,0.35372750255241353,0.31946865000612834,0.25717831212399195,0.34786453539635454,0.2716302409598307,0.0049649996132184225,0.059280597143011884,0.2993694145980503,0.01628298972780298,0.05498258118307358,0.0,0.36587402690816734,0.00607301689036034,0.23385780134766657,0.054050411959360965,0.0566473482194858,0.3185855509896728,0.21027607855263275,0.12095615987303565,0.3074289029062776,0.3428412894144357,0.11622480414996192,0.005393683086253336,0.07265249239874172,0.28250692977242226,0.20302900439252705,0.30317229305085075,0.011128337786858136,0.2969837089594019,0.1194459280371799,0.3085370738184326,0.00626965767178846,0.1391848640897976,0.35032565798349263,0.24215643429205422,0.021252415335519647,0.0652299164132252,0.3372318209898447,0.219201907705874,0.35717647133806146,0.270872153689474,0.005055616122601475,0.030869564444135727,0.3445169864882922,0.3153804561814055,0.35717647133806146,0.03515857397408552,0.08566653261971412,0.09224992091491689,0.005393683086253336,0.3026292828672108,0.06499713616676456,0.20912354224958635,0.005393683086253336,0.0,0.2236476814931512,0.26682720526256404,0.30065769880636517,0.21245233459001492,0.005393683086253336,0.09505321642663442,0.3159850616953736,0.3535665540909937,0.04837284970386748,0.0,0.35372750255241353,0.0476323939678602,0.3185855509896728,0.16402226339112858
33,1.7630340148894354e-05,0.13861111625526817,0.11479666574656386,0.0016277527728965947,0.34496418538491636,0.0017651673214224303,0.002637052670921493,0.02362379398024346,0.0002591309342769167,1.855824983119745e-06,0.07515622728689288,0.13441794550750832,0.0007591313891200452,0.14770921694468925,0.3411546557098113,0.002070165293747943,0.00015392262780527483,0.058696592424924275,0.10509366672336176,0.0009228867865796822,0.0022649753996607145,0.0023663227637020735,0.0007424099091807129,0.010407622919105937,0.11865757714295265,0.05909496106878849,1.085256307140253e-05,0.0007511160762029765,0.0101553667319978,0.076508750485702,0.024635931040399236,1.0,0.0005447535149109572,0.149355966219391,0.0022150655715790822,0.0003796212040422838,0.0014030215947434049,0.0003970310935656853,0.36989988716505956,0.07515622728689288,0.14770921694468925,0.045498072993221644,0.0026596891772823032,0.002559279172870849,0.14189354732601123,0.10255778608638431,0.0012232324352162008,0.002559279172870849,0.0006672603035378702,0.05869543867013538,0.00040447226258243525,1.8000944320817367e-05,0.3880807836771042,0.12292499966414781,0.0006054538303859692,0.0017320827198903219,0.14025373240605457,0.076508750485702,0.0021832729885384794,0.016346559770023025,0.0024360337675345158,0.12841334102771892,0.149355966219391,0.0014204607646019168,0.00045424133679793896,0.08569374219805274,0.0006116684366527116,0.001669253919992362,0.07830509788613783,0.36989988716505956,0.11147718910508264,0.00011021926016330863,0.00036152587483621244,0.0004439335242517531,0.4048660136184873,0.0005965894305839937,0.056089282515569036,0.04114203280151983,0.34496418538491636,8.532096456718821e-05,0.0010098416608508955,0.003109301234371901,0.5187870019865511,0.029387829180523618,0.0024131702616923996,0.003199472788640852,0.0014030215947434049,0.0004747177540680877,0.3430574714386657,0.7862892196038094,0.0013715062943357814,0.0017830561106628267,0.002177640407525265,1.7011528318407859e-06,0.37653314206532484,0.06969519577679802,0.3411546557098113,0.0008678907243347538,0.13201137783280448,0.0008790397053296335,0.36989988716505956,0.076508750485702,0.0007517888513848787,0.0005560166472813035,0.0005447535149109572,0.0009214978601692424,0.3411546557098113,0.10268273035941357,0.0018979005344278365,0.0016457207946639727,0.12137176594712748,0.076508750485702,0.001083064328192133,0.0699105664447096,0.0014204607646019168,0.0023535467878065567
34,0.5427031158112557,0.0015902393676181378,0.01172423902887228,0.7918240531672658,0.00034007740889437733,0.7342139582294946,0.7342139582294946,0.30211559017334244,0.42145756651570193,0.3691881684609884,0.0,0.003049326317201357,0.6918153528335995,0.0031379489300721384,0.000511460741802002,0.7262277258158156,0.44791009247399194,0.009998031121566903,0.014836770128937238,0.8971540933157651,0.2100052212496858,0.7222836904513036,0.8109658489165305,0.4736796196250988,0.0029084389885227595,0.016760758003982735,0.6575019246382118,0.8300550781479451,0.47685879780877294,0.0,0.3056541757416817,0.0005447535149109572,1.0,0.0031379489300721384,0.7144900078864512,0.6164139908997072,0.7222836904513034,0.3963360473474387,0.000511460741802002,0.0,0.0031379489300721384,0.3246144389695289,0.4224172416533508,0.7262277258158156,0.0036074999875616003,0.011368683399770797,0.46160466782645837,0.7262277258158156,0.8203964619779741,0.18697153063037497,0.8234846092378618,0.4607443874668872,0.00027750273943360414,0.010533688592475778,0.8594278237102884,0.0019038341829614124,0.0031379489300721384,0.0,0.2342960727289306,0.0015453855484158286,0.450993131132656,0.004547394828210726,0.0027084874063682883,0.7950345780753377,0.3786426444720691,0.03125140862417324,0.843367310410631,0.746451045989117,0.029651944903447178,0.000511460741802002,0.0047392335958509274,0.44036951132573265,0.3337605478738144,0.9879840677768211,0.0008674444674648661,0.8539902538850207,0.02934648347250649,0.28496367573309395,0.0011819855446020876,0.414967300970352,0.7302042194909603,0.4559558241396478,0.0024718284831253346,0.002263813250733624,0.7183713590915031,0.4080916639978043,0.7222836904513036,0.6261825738030155,0.00023061109891265018,0.0018782035102791524,0.7302042194909603,0.7967340070156046,0.7222836904513036,0.07537863010468167,0.013488655459094015,0.011825789435054284,0.000511460741802002,0.833053009319659,0.0034687166044159016,0.5144274772727089,0.000511460741802002,0.0,0.4738375485045656,0.6518881280767397,0.9759812225850063,0.33558380361651863,0.000511460741802002,0.015824476983011045,0.865307420543355,0.7547914261074877,0.00022328548739790897,0.0,0.7262277258158156,0.009394594486634539,0.7950345780753377,0.35624968059392254
35,0.0010335446829095158,0.8563203216447275,0.271294246256387,0.0015326168808861198,0.03284304071246471,0.0012996756217185574,0.0010590050634931912,0.10128560043462566,0.006966334592947511,0.005409573459586836,0.01956834993306748,0.8218676216939055,0.0016412485698008858,0.9772301646330679,0.025206681609324544,0.0009049575534863175,0.0019724882194006896,0.2326868143733808,0.1983410265142253,0.002242760584469924,0.0055735034523588765,0.0007024415619596345,0.00029118792232219967,0.06026373718732258,0.7277125319998381,0.11562159437769293,2.0053147426739125e-06,0.00017977702464656482,0.05995391613168445,0.019843380071997183,0.05498258118307358,0.149355966219391,0.0031379489300721384,1.0,0.0006022961863023447,0.003908329812849125,0.00023772356048164557,0.0014878949752876575,0.015869528633543812,0.01956834993306748,0.9772301646330679,0.13479105412589823,0.0026246362277758924,0.0006766094820259189,0.9211096802003107,0.18144233382299216,1.689080296380662e-05,0.0006766094820259189,0.00023198255526880366,0.186554938259523,0.002729985274225971,0.005738933723821631,0.004293440266729569,0.25088914827638387,0.0005819002367248247,0.020826673828343748,0.977418465327053,0.019843380071997183,0.0032658361221844638,0.00029279777120502017,0.008762098040108343,0.5483450003086067,0.9546727211238708,0.001645502153591996,0.018107070568747642,0.173324830279612,0.0013203137520635074,0.0012645178514361878,0.1830486083317653,0.015869528633543812,0.7785879091704325,2.9512194588777102e-06,0.015923142599089158,0.003216741146175834,0.002555378358915456,0.0007723751068686876,0.13062751286637928,0.14097759734728219,0.025573562031500463,0.0036066011481793673,0.0001707505431904303,0.01111701516636384,0.11653211508735004,0.1351309547846318,0.0029812815044264022,0.01506844530048093,0.00023772356048164557,0.00024159445931808975,0.032653022095344736,0.13379512117028894,0.0006366248696661558,0.0014959944472916313,0.0009346837498768834,0.0028546337347145337,0.10562344031788122,0.259989652948744,0.025206681609324544,0.0006364230996574846,0.7737009176217575,0.007691641580506146,0.015869528633543812,0.019843380071997183,0.0005777185049210257,0.0010335446829095158,0.0031379489300721384,0.0013316686921372304,0.025206681609324544,0.18021928813673024,0.00316094183579708,0.0003629752865420858,0.5683608044640305,0.019843380071997183,0.00018321855167871488,0.3797998645031185,0.001645502153591996,0.00689919259254094
36,0.5782245098458114,0.0002886736850966505,0.022110981975105012,0.719315577894314,0.002205320031957736,0.9118494025702536,0.8978186217590529,0.39335126505818524,0.35461882674558887,0.4321665429440699,0.06273677154883793,0.0005710680710225379,0.7368137384848575,0.0007287470496164792,0.002584109577951956,0.9540359454997528,0.4909403915485117,0.01885026695147803,0.024055867197356254,0.6703521935025857,0.23755879923548492,0.9155288080986078,0.7247329970200624,0.48621948810296134,0.0005608150797726264,0.032816560738945844,0.6863647497759863,0.7106725493389392,0.48360727243154616,0.06384890541885839,0.3581945940191477,0.0022150655715790822,0.7144900078864512,0.0006022961863023447,1.0,0.7223048618220597,0.8801813270086237,0.42860600972247753,0.0033424661105808245,0.06273677154883793,0.0007287470496164792,0.3696153701312707,0.4668678059442694,0.9093781499361311,0.0007374713070657565,0.029672226979033246,0.40015582013548623,0.9093781499361311,0.7217661294768692,0.2296293105440898,0.817121902317722,0.49624098266451067,0.002186756659336609,0.015860510171174125,0.6813916781217573,0.004891889645139927,0.0004892391430489849,0.06384890541885839,0.31208907146657594,0.0017169430477521248,0.4328364531203862,0.005499450796233893,0.0006022961863023447,0.7280683497181218,0.3724366650949713,0.04997881403700236,0.718959538664771,0.8953392532291294,0.04320408614539189,0.0033424661105808245,0.0023525291908963906,0.4817278405356911,0.3357630066722952,0.718136724024782,0.002905428018612901,0.7023928034053817,0.053977826883626664,0.3518250308444029,0.0027551719764317777,0.38863135142794825,0.8730852099959789,0.4707329727075435,0.0065090085750303065,0.01236364484740724,0.7420291728096661,0.39159851557837183,0.8801813270086237,0.5810473655561846,0.00239047578597107,0.006016968255344378,0.8786540279965936,0.716446954308,0.9760776545670321,0.06603767928932738,0.0379459725488539,0.022649911053293968,0.002584109577951956,0.7391003808230076,0.0017823704860285279,0.47113432055923776,0.0033424661105808245,0.06384890541885839,0.48737032540908154,0.5782245098458114,0.7144900078864512,0.36147437229620194,0.002584109577951956,0.03605593645382464,0.6800929178611571,0.8483163425708098,0.0001317205936423591,0.06384890541885839,0.8638065567189019,0.010673050160211278,0.7280683497181218,0.3257211383478172
37,0.5716613146168914,0.0028059956418633454,0.01160926688606484,0.6872333437498745,0.0009381866298069092,0.7121773146051086,0.7121773146051086,0.34787913130980347,0.3594736741685139,0.3645656091656424,0.0,0.004173676852813367,0.7382945720193567,0.003908329812849125,0.0011721680524962674,0.7091907916240462,0.5061481413031705,0.014095587695060488,0.02118575531131001,0.6285633120914895,0.23954255258225182,0.725146046054454,0.7038995482414793,0.4587637549765816,0.0037847834712270304,0.023004991461113938,0.6573995230302249,0.6889762629388164,0.45583265276809287,0.0,0.3491049071062651,0.0003796212040422838,0.6164139908997072,0.003908329812849125,0.7223048618220597,1.0,0.7135052526845648,0.4337265957776585,0.0011721680524962674,0.0,0.003908329812849125,0.35956335823165037,0.5004377917242154,0.7207674162303939,0.004360138277805893,0.017247634872041118,0.41803114111490475,0.7207674162303939,0.6963599566944854,0.22278228361341865,0.6592668700864792,0.511518342113851,0.0009818034022460547,0.014221970242138752,0.6575081345208198,1.8618620531872665e-05,0.003908329812849125,0.0,0.2981051447659669,0.0004638045485875437,0.44726023311813884,0.00667650637250199,0.0034880860216774073,0.6944133040185736,0.32042190673273907,0.04596639820328542,0.6801932741987033,0.6996861696320389,0.03262512448193841,0.0011721680524962674,0.00585392573851353,0.48908077458351285,0.3046489407146228,0.6193508230896659,0.001883040049167127,0.6608719821327604,0.03836238098372335,0.32169924195197847,0.0013221550509961446,0.4024345339656987,0.7049309504775809,0.4448235936125118,0.006688656705365945,0.004225072057488375,0.75402614723105,0.4172855786735393,0.7135052526845648,0.6053398707913925,0.001051633393589278,0.0028473072001235673,0.7164450658647785,0.6836961831730509,0.725146046054454,0.09570033633095804,0.0284837379403367,0.015432690690337474,0.0011721680524962674,0.6746499234737502,0.003986074665603218,0.529775256610667,0.0011721680524962674,0.0,0.4990881595831943,0.6028477244416298,0.6164139908997072,0.3543145519128763,0.0011721680524962674,0.022951460181724413,0.6283063960035914,0.7030879279072312,0.0006462253893853417,0.0,0.7091907916240462,0.009685407614868347,0.6944133040185736,0.3350089849300651
38,0.5593522125511234,6.328423097664504e-05,0.0178263120148803,0.7024713631917944,0.002512389282740117,0.8465735014876514,0.8326639224889872,0.39199615035045027,0.356016103102669,0.41742847635945307,0.06561921497380734,0.00023200744842456119,0.709041384582903,0.0003201230007622041,0.0029189810271812787,0.8639386898589336,0.4598480540343478,0.018214024063539013,0.024167442660141092,0.6608045190908143,0.23442889404967154,0.8409969588285814,0.7789270652681568,0.44980253488167776,0.00023032721997831828,0.03088363976395875,0.6853468729527346,0.7791517527686453,0.44724101571027514,0.06678733201259364,0.35717647133806146,0.0014030215947434049,0.7222836904513034,0.00023772356048164557,0.8801813270086237,0.7135052526845648,1.0,0.3978124898877828,0.003609608600249823,0.06561921497380734,0.0003201230007622041,0.3352903281008466,0.4608625201628889,0.8450308404145969,0.0003206487465246607,0.026213507792041246,0.398585605379075,0.8450308404145969,0.7922935407865865,0.20818367047593742,0.8269724638424574,0.49735667047226423,0.0023497910100948156,0.015881231929340836,0.668210404288719,0.004465774877976504,0.00016835792928243545,0.06678733201259364,0.29226276158783526,0.0015155327897401344,0.4253380995085758,0.005230430719381492,0.00023772356048164557,0.7043427848201181,0.36059925731546555,0.04516999271289208,0.6846265180395615,0.8316475406019739,0.038823988635649946,0.003609608600249823,0.0022219311577221412,0.4753101555988663,0.3429159112400428,0.7260010203476696,0.0030081228717196516,0.6978521599553024,0.04890231002544868,0.33599973484966444,0.003095309572776379,0.3777610536648829,0.9640147958970084,0.45441304576987046,0.006554204425295,0.011222391532765842,0.6957267858132762,0.3704349448737811,1.0,0.5645020864826719,0.0027113479026823787,0.004730260175370345,0.8300001675360283,0.6994292751210333,0.8702932357025186,0.07111569929506087,0.03667883585657449,0.02196253446490265,0.0029189810271812787,0.7055420753397127,0.0010948299781223722,0.45875668679447656,0.003609608600249823,0.06678733201259364,0.45931122003000696,0.5593522125511234,0.7222836904513034,0.3424449204879283,0.0029189810271812787,0.03330072722219964,0.6568369959362852,0.94716550091618,0.0004048806562539751,0.06678733201259364,0.9548079250425839,0.010325386830570257,0.7043427848201181,0.30621080911668036
39,0.333183516238445,0.00045752565826335574,0.011186932792191594,0.39646053136625553,9.131213017003115e-06,0.40582225933835864,0.40800902683584456,0.2593483042581601,0.29467150175388535,0.29530204154449513,0.04850443753336473,0.0010320981064821358,0.42635857050535114,0.0016604673723520163,0.00015633055083708364,0.42183935810442413,0.3565371800857992,0.006753500551644292,0.014213989633827466,0.3926015374704368,0.17407963515470487,0.4130359500779811,0.38951916346549476,0.3869418388547223,0.0015329277288483767,0.01898491920068367,0.3569164932429506,0.37857025427703683,0.3852626019469822,0.04933847161241128,0.20132608751842043,0.0003970310935656853,0.3963360473474387,0.0014878949752876575,0.42860600972247753,0.4337265957776585,0.3978124898877828,1.0,0.0007521635573382757,0.04850443753336473,0.0016604673723520163,0.2488180166139727,0.5075753594235226,0.41135026365476984,0.001176594830232135,0.01822146266657814,0.26894081467802344,0.41135026365476984,0.3839905731097966,0.20316441603972313,0.39750665586849715,0.33571494077408714,0.0006046552495838376,0.009027487625466594,0.3956086596055927,0.00014790075690811463,0.0013267354246559707,0.04933847161241128,0.21064436134214495,0.00021309186349647834,0.39010364531020725,0.0027253072560639337,0.0014878949752876575,0.3951597436215193,0.29249967006881167,0.04610141182818105,0.4167369268190997,0.4152295960151329,0.029168575920040872,0.0007521635573382757,0.0021096065847347827,0.3164859064223305,0.28206904209715883,0.3982122858034535,0.0007674679075203451,0.40081202689597495,0.039496533702087784,0.24126940161081137,0.0002464135588190395,0.2755666409336428,0.39024099263369566,0.3805148636244166,0.003245977215419358,0.001475532989248823,0.4155279758893111,0.44018735808979575,0.3978124898877828,0.380348038042501,2.0904319272126676e-05,0.0024528390677712964,0.40559568925627265,0.39504902650895934,0.4291984788314879,0.049378929431447754,0.023033194602328153,0.0108156196503098,0.00015633055083708364,0.415042815429343,0.001499954432606985,0.34061041475280884,0.0007521635573382757,0.04933847161241128,0.3494982933693226,0.3985804382316969,0.40463602098408047,0.27096376290246066,0.00015633055083708364,0.025380192358567488,0.3920434047726956,0.39114166287023217,3.422866196445436e-05,0.04933847161241128,0.3917388282259059,0.0028388745410525113,0.3951597436215193,0.3049839136340607
41,0.00018510086748894277,0.009489953105554652,0.0017175721026381808,0.00273586878705514,0.9457203521125841,0.0023183239372394694,0.00343320934246769,0.004774488511946929,0.0009830415572617372,0.00014069454345291265,0.03949743744355361,0.009812784691198902,0.0014393908112863652,0.015561556534310971,1.0,0.002993237007081156,0.00021686786949094998,0.00010806768049918,0.004545822724983151,0.0007841913347237239,0.011537536998207235,0.0032106684898450207,0.0018776281859014818,0.0004483391158716898,0.008971214574296296,0.005137015342781543,0.0031592858276280177,0.0017319248315268475,0.00048020977659963144,0.04015448793021487,0.005393683086253336,0.36989988716505956,0.000511460741802002,0.015869528633543812,0.0033424661105808245,0.0011721680524962674,0.003609608600249823,0.0007521635573382757,1.0,0.03949743744355361,0.015561556534310971,0.001177834505959362,0.00272851755410302,0.003618876379410233,0.012945271933341216,0.006438469130069946,1.2700272312500215e-08,0.003618876379410233,0.001982600371609834,3.721031614348938e-05,0.001642709482877419,0.0011036425722274847,0.9112578875882995,0.004214192490858663,0.0010082692120728094,0.003946321690374008,0.016177380071955315,0.04015448793021487,0.0001763859685849819,0.009293002724505332,0.004399464336683829,0.00653007256880278,0.012371779449748693,0.002140644622341368,0.0029588726871967713,0.0025439021962681595,0.0009889357261311418,0.0026656166974198363,0.0008750960468972173,1.0,0.025732614345056044,1.6557244297663426e-05,0.0017235618927852522,0.00033698236129517547,0.8094935310001298,0.0011155617834803535,0.0007572833515441916,0.0011216321665433223,0.9457203521125841,0.00036980696857809254,0.0031677950079979024,2.5364453643666953e-05,0.30598647537332613,0.002928638343142846,0.003216804814033541,0.00018496969713139406,0.003609608600249823,0.0022051262548486005,0.9567928080759931,0.3299709278802434,0.00262899027921172,0.002659385754138841,0.0030784988303721233,0.003755830912829768,0.24872788635051898,0.00029406428109174804,1.0,0.001334474411347435,0.014637089914817455,2.418048105476915e-06,1.0,0.04015448793021487,0.0016911009401057609,0.002142817676809394,0.00029812357396436797,0.00031410288720638027,1.0,0.004886054820217604,0.0012190779762154787,0.004423967843102432,0.009227786574470322,0.04015448793021487,0.0032535586394185404,0.0027221742695227548,0.002140644622341368,4.494941760725304e-05
42,0.06500556228594224,0.01956834993306748,0.037913360103106884,0.06986475687968081,0.0,0.06378931366996424,0.06258727133889079,0.0,0.07915802437289314,0.054936846481702495,1.0,0.0179857664772888,0.06243798314766936,0.01939611905021534,0.0,0.06333691734294296,0.0529925658733799,0.0,0.05705217591649257,0.07447795938298425,0.0,0.06214003788057746,0.0700256535676676,0.0602232656627524,0.017440658700010478,0.06333691734294296,0.0,0.07132280422441772,0.060369521075225786,0.9638543846408361,0.0,0.07515622728689288,0.0,0.01956834993306748,0.06273677154883793,0.0,0.06561921497380734,0.04850443753336473,0.03949743744355361,1.0,0.01939611905021534,0.07687437308125429,0.05134649160184607,0.06228890573958409,0.01991030385177147,0.05862688761142139,0.0,0.06228890573958409,0.07067199347691215,0.06273677154883793,0.0,0.0,0.040946646382840284,0.05012294280525069,0.07263819326296522,0.0723075970466426,0.019739739174981747,0.9638543846408361,0.05549751915386864,0.07181389947637695,0.0,0.0,0.01956834993306748,0.06938369695686199,0.05934973116053917,0.05848286091996873,0.07083427358230959,0.06394055470692311,0.047432596430646214,0.03949743744355361,0.0,0.061398798729918276,0.052304545221732425,0.0,0.04226396024112931,0.07132280422441772,0.05862688761142139,0.0741407041712014,0.0,0.0700256535676676,0.0663916255979458,0.06685798404156922,0.0,0.055778765030735984,0.06051597011152252,0.06592745891980922,0.06561921497380734,0.06318655667045932,0.0,0.08260425633618308,0.06485273236114059,0.0700256535676676,0.06318655667045932,0.06986475687968081,0.10265416352275701,0.0,0.0,0.06970413278469477,0.018874198912751522,0.06795487377905422,0.03949743744355361,0.9638543846408361,0.05620179813493664,0.06500556228594224,0.0,0.04200041684275038,0.0,0.05891547937858503,0.07380468576183669,0.06685798404156922,0.01939611905021534,0.9638543846408361,0.06623666155998241,0.0,0.06938369695686199,0.07670108413080119
43,0.0012038535232585742,0.8415286030232474,0.2773433713813955,0.0017515792733997742,0.03284304071246471,0.001489221538853259,0.001227391611642847,0.10128560043462566,0.006360108212364686,0.005145938126984658,0.01939611905021534,0.8026076984086098,0.0018526718530358587,1.0,0.025206681609324544,0.0010614150740809816,0.00218360076098328,0.2326868143733808,0.20863938068137997,0.001862537307782275,0.0055735034523588765,0.000838286688795103,0.00038606251616916324,0.058544551192726724,0.7373332842161189,0.11944515119076468,2.0053147426739125e-06,0.0002560689874848767,0.05824134576428955,0.01966804554808654,0.05498258118307358,0.14770921694468925,0.0031379489300721384,0.9772301646330679,0.0007287470496164792,0.003908329812849125,0.0003201230007622041,0.0016604673723520163,0.015561556534310971,0.01939611905021534,1.0,0.13318903441926044,0.002866476070071088,0.0008101016334505538,0.9057698662006431,0.18894214594777745,1.689080296380662e-05,0.0008101016334505538,0.00031755564979302144,0.18450152040758938,0.002729985274225971,0.005738933723821631,0.004095387803811663,0.24813847509892978,0.0007185790700012824,0.02184223983850285,0.9593180026548336,0.01966804554808654,0.003052301528267356,0.00021515609878881384,0.008762098040108343,0.5483450003086067,0.9772301646330679,0.001871812456328357,0.017668866581533257,0.17981819319884254,0.0015246367051295333,0.001451648896419313,0.18778125896608708,0.015561556534310971,0.7785879091704325,3.2725898324937973e-07,0.01554019748464948,0.003216741146175834,0.0018781985858185271,0.0009281345773204643,0.1346600018044473,0.13930521855246658,0.025573562031500463,0.003106780759760129,0.0002416906849206855,0.011764775800170444,0.11653211508735004,0.13907679552377267,0.0032671642351259915,0.015843330163109945,0.0003201230007622041,0.0003226008310778846,0.032653022095344736,0.1323197995523446,0.0007694382380292916,0.0017125118474957965,0.0010935210385106587,0.0024053985928286616,0.10446115596320651,0.25998965294874393,0.025206681609324544,0.0007755600835398078,0.7849984501219495,0.006973378343029177,0.015561556534310971,0.01966804554808654,0.0006933029633087058,0.0012038535232585742,0.0031379489300721384,0.001211865112520006,0.025206681609324544,0.1876984488867244,0.002710760870965006,0.0004654167154578819,0.5572375675910934,0.01966804554808654,0.0002564467347096351,0.37979986450311853,0.001871812456328357,0.006279934553330459
44,0.2729309762141507,0.12661691074876882,0.18385413531534853,0.28809763504461894,3.390526742853126e-05,0.35325414352308765,0.3720431535427688,0.6006113548552835,0.16700745538789977,0.2756573612688273,0.07687437308125429,0.12026451575545663,0.32075440645512393,0.13318903441926044,0.00024175679008644208,0.364361383797389,0.22859567446482487,0.15421277611011483,0.16503872911222006,0.27649323780151264,0.13919986772202514,0.37070050575247804,0.2761250960763603,0.44980949289598277,0.10729792567614514,0.1766107349448784,0.28599381914896355,0.273164708459878,0.4466288255034736,0.07825998927497765,0.3075541385559616,0.045498072993221644,0.3246144389695289,0.13479105412589823,0.3696153701312707,0.35956335823165037,0.3352903281008466,0.2488180166139727,0.001177834505959362,0.07687437308125429,0.13318903441926044,1.0,0.2318200562766062,0.37259441365283363,0.1379867487307339,0.18831534624971982,0.14111392277513582,0.37259441365283363,0.2796883386042248,0.594067893955871,0.3665195575624193,0.28320090567900946,0.0016871328495164997,0.152730079714908,0.26713806456499617,0.037169428647268354,0.13639027220138555,0.07825998927497765,0.19314263840785267,0.025009785214838893,0.22433891087350066,0.14575308902754286,0.12661691074876882,0.2862903091827796,0.16991736193160042,0.2077637618735179,0.2814398667823682,0.3510021816799235,0.2180477830392285,0.001177834505959362,0.11386962189724287,0.2035311911393576,0.17363752832445162,0.3274122116059884,0.0069633250392959235,0.26983478261135607,0.2314479052186989,0.7699866763347087,0.00026312833402028816,0.16236661460840493,0.32894298616100226,0.2525231022208413,0.04898658557071633,0.0872580323545162,0.33362265858053014,0.25256422087574,0.3352903281008466,0.24995991262957332,6.507155731786997e-05,0.06717244760605058,0.3339423298611346,0.2863923940036469,0.3667234454875366,0.013889461088967653,0.13653324545028958,0.18480029549200744,0.00024175679008644208,0.2863353740588082,0.10647834897946053,0.20254061092788284,0.001177834505959362,0.07825998927497765,0.2158813964530162,0.24942469074173193,0.3246144389695289,0.2002733982654894,0.00024175679008644208,0.19402777810903488,0.2896025156950436,0.3267810733161527,0.0888039821160328,0.07825998927497765,0.32710207802261404,0.09427958852152643,0.2862903091827796,0.198332392485127
45,0.3816693202641825,0.0012148568796492868,0.011132926797761207,0.44447913208632156,0.0009880658169153873,0.44248353386885503,0.4404394900961299,0.256134646519565,0.2717154971877529,0.2972808506070278,0.05134649160184607,0.0031361477017800075,0.4707254080649887,0.002866476070071088,0.000812129819104421,0.4592978456273849,0.38873930668252615,0.01710792775452188,0.015412862943238057,0.43140161325471144,0.18126922621930114,0.44602543689745905,0.4547246405933381,0.36613408306090406,0.002109625696612729,0.02142745557196041,0.43670103307395464,0.4361925494480298,0.3644398625369153,0.05223626430711399,0.28504991952275077,0.0026596891772823032,0.4224172416533508,0.0026246362277758924,0.4668678059442694,0.5004377917242154,0.4608625201628889,0.5075753594235226,0.00272851755410302,0.05134649160184607,0.002866476070071088,0.2318200562766062,1.0,0.4441516026927102,0.0021809686609333113,0.019229315967412623,0.2952479802773539,0.4441516026927102,0.442411101973486,0.17126950515704853,0.44116103769360715,0.3990428564769126,0.0018907148883280554,0.009325981108804244,0.42989198181233207,1.353055229649148e-05,0.002396290906743373,0.05223626430711399,0.24690557852851064,6.148675707806658e-05,0.34129081859871924,0.010492522650903516,0.0026246362277758924,0.443470293341668,0.2994224327274861,0.04211994475338161,0.45273410234838435,0.4462694448829473,0.03083802901677496,0.00272851755410302,0.007712807741329217,0.386616748071861,0.31707990839082845,0.42440987370785915,0.0034525536570976373,0.4480056918868306,0.03596580111221511,0.21597023023558778,0.0014134821858476359,0.34898944023452627,0.4520780423988281,0.4245805155521187,0.008677170882253386,0.0029447774061969836,0.4339013671690239,0.38715218631840215,0.4608625201628889,0.4669632675140422,0.0007220434729722766,0.007028373009101045,0.4467857676764906,0.4428840021082244,0.46117252305691664,0.08357496087021259,0.036280253207203676,0.019792112120442643,0.000812129819104421,0.4579765203767816,0.00474820528240942,0.407957245841607,0.00272851755410302,0.05223626430711399,0.434682635728624,0.46807817661092127,0.43105122398158935,0.3053180392831408,0.000812129819104421,0.023980028017430235,0.4312770231101789,0.45268731777080623,0.00041396817298755355,0.05223626430711399,0.4538146150281946,0.010630031662390897,0.443470293341668,0.34946603322468933
46,0.5631357781597615,0.0003402415353705726,0.021567372823492213,0.7183697654885024,0.0018860761863649074,0.9211151974834059,0.9829652022288795,0.3818370667772314,0.3534360682953041,0.40749201770653487,0.06228890573958409,0.0006397594889013603,0.7648776748189926,0.0008101016334505538,0.0022384759326763916,0.9237752467735966,0.4971596192069306,0.016380353000439715,0.02505164454107387,0.6708378689391323,0.23820295704732666,0.9905855833393863,0.7155403969918959,0.4771339151099508,0.0006276149780592003,0.0328933103634253,0.7003748447865913,0.7103762714904865,0.4745903465514085,0.06339233048609891,0.35372750255241353,0.002559279172870849,0.7262277258158156,0.0006766094820259189,0.9093781499361311,0.7207674162303939,0.8450308404145969,0.41135026365476984,0.003618876379410233,0.06228890573958409,0.0008101016334505538,0.37259441365283363,0.4441516026927102,1.0,0.0008206444565729392,0.030810582548877072,0.40772980923673396,1.0,0.7213270155619794,0.23049272485228392,0.8319897701132708,0.5096442469241386,0.00241456327951288,0.016590641727309025,0.6811716472102961,0.004507938413413158,0.000556571274032065,0.06339233048609891,0.30444448664743934,0.0014832971967656474,0.42166591402146153,0.005098931500989992,0.0006766094820259189,0.7269997067884212,0.3646402000193965,0.051505227719753674,0.7017289610647717,0.9161572660069598,0.04288449328586946,0.003618876379410233,0.002158267172075886,0.4729654536231825,0.33151752429410275,0.7299814838486832,0.0031741649544491865,0.7019204150202532,0.05401039377756326,0.3543623987420543,0.0023955904309912756,0.3955522541906237,0.836633636291649,0.4631030731410608,0.005593517720873045,0.01152126478349631,0.7697830522260958,0.38459065429317174,0.8450308404145966,0.5837749353885421,0.0020580525551967582,0.006626580599523351,0.8884595537054524,0.7155403969918958,0.9168067835239985,0.07037412118318845,0.0398641223919939,0.019908431116339904,0.0022384759326763916,0.7212224718137638,0.00190886855118712,0.47914416526301246,0.003618876379410233,0.06339233048609891,0.4827254002426659,0.5875477548413741,0.7262277258158156,0.3655864892675584,0.0022384759326763916,0.037329577440677865,0.6804740049045203,0.8367971290238556,0.00010174135399855253,0.06339233048609891,0.8297425192539153,0.010154395837961207,0.7269997067884212,0.3322496206512596
47,0.0011856608943846742,0.9211096802003107,0.279236787928284,0.0016744557097405819,0.032286221084409004,0.0014735768330366682,0.001228234217910755,0.10745990609109592,0.005955143905142628,0.005947635107013616,0.01991030385177147,0.8347351377889363,0.0018410660619259825,0.9057698662006431,0.024681083495111656,0.001059693549227811,0.0015893102139669804,0.22766564204870657,0.20296969976818238,0.0023685783689848163,0.006053887482562729,0.0008494687548462805,0.0003667742557208557,0.06009979008694419,0.7360466485319883,0.11946878729561214,2.3270370856959985e-05,0.0002386343211026457,0.059787831437677755,0.020191514603693565,0.05810764348858262,0.14189354732601123,0.0036074999875616003,0.9211096802003107,0.0007374713070657565,0.004360138277805893,0.0003206487465246607,0.001176594830232135,0.012945271933341216,0.01991030385177147,0.9057698662006431,0.1379867487307339,0.0021809686609333113,0.0008206444565729392,1.0,0.1858987785807438,6.476353072133816e-05,0.0008206444565729392,0.00029909257348170097,0.19065124905256592,0.0031461081158984405,0.006308382896030809,0.003264708089710518,0.25637816772144295,0.0006708953325414753,0.022899975477009272,0.9037021202988164,0.020191514603693565,0.0018892806929191343,5.474884443489684e-05,0.009597006502213682,0.5648333317275842,0.8883775486932732,0.0017938312352105423,0.018986275429553973,0.17777813861475475,0.0014495597808405084,0.0014356329486343382,0.18877822059471328,0.012945271933341216,0.7914388755384958,2.1454915459129916e-06,0.01669128023325368,0.0036915972023538243,0.003084883898510452,0.0008771284050255823,0.13489705886717487,0.1443137136722809,0.025042292625756142,0.002971424479945491,0.00024096985691135335,0.011344267604293946,0.114748473596264,0.13966499672003208,0.0032455847196577532,0.013609595275421603,0.0003206487465246607,0.00011656022026202788,0.032098968357416775,0.1264520159453333,0.0007637612423325907,0.001635698850925503,0.0010922804760297813,0.0016744557097405819,0.10794108716663961,0.254627985557477,0.024681083495111656,0.0007407862732530597,0.752441385356289,0.00671358849963276,0.012945271933341216,0.020191514603693565,0.0003814066775667746,0.0007370933063100136,0.0036074999875616003,0.0015837335294769967,0.024681083495111656,0.18464743992043497,0.0033010578713794,0.0004568308956342557,0.5532750432598864,0.020191514603693565,0.0002559459573014859,0.38713456017341275,0.0017938312352105423,0.007009223345161465
48,0.016835266794645448,0.18144233382299216,0.43464095832541555,0.018910976457553477,0.0031426494585748937,0.029360913018449022,0.031218603062282354,0.17264597179155636,0.0021998178267490574,0.02956531780861428,0.05862688761142139,0.16120781224834116,0.020819866658166833,0.18894214594777745,0.004290775018894482,0.028199366026270885,0.012889247019775833,0.3845664934807347,0.6279217271267133,0.012134963981073109,0.0033527176904195226,0.031196580337460367,0.015269107637334908,0.06352213474286626,0.17643349440043676,0.5244502479931916,0.00892867630631912,0.014918942093367018,0.06292679667647694,0.0596589942072672,0.08843443500839993,0.10255778608638431,0.011368683399770797,0.18144233382299216,0.029672226979033246,0.017247634872041118,0.026213507792041246,0.01822146266657814,0.006438469130069946,0.05862688761142139,0.18894214594777745,0.18831534624971982,0.019229315967412623,0.030810582548877072,0.1858987785807438,1.0,1.4225719310042218e-05,0.030810582548877072,0.015896332534431904,0.298500151529949,0.017910740699154257,0.021228486657731138,0.007476816857672267,0.5393962931349051,0.01235073982053546,0.08586492664886555,0.18367222524336502,0.0596589942072672,0.04675233058446862,0.07663152536809476,0.014673399070257394,0.22282975637087554,0.19118157323837645,0.01796565430705079,0.0025390154513426585,0.5886956023634857,0.014851075667389255,0.02787433664625711,0.5112618780661056,0.006438469130069946,0.1628181068612971,0.009548326500242467,0.0081388414072756,0.011685553709148429,0.01606390396579656,0.013385374933092341,0.48976903149192097,0.20408729792077654,0.003793730319510848,0.0023784975357991575,0.025588088015521922,0.020660802865160196,0.1734758216630326,0.2082247260665849,0.026174612808297748,0.018705482913315464,0.026213507792041246,0.00847630924911257,0.0033637362303396874,0.16550086741577286,0.025784094801782138,0.018637236076387943,0.02970050910779073,0.0007167334853588492,0.33030283150163375,0.3724894688267172,0.004290775018894482,0.014176732795179846,0.1558125954024427,0.005055626749210126,0.006438469130069946,0.0596589942072672,0.009654433028109253,0.008694568683212531,0.011368683399770797,0.013735813608860444,0.004290775018894482,0.675942357195996,0.013733773762715739,0.024600729228933377,0.09605224850852032,0.0596589942072672,0.025922866110448126,0.23306384675431935,0.01796565430705079,0.010203942423658676
49,0.3620599057410899,0.0001487174579092639,4.3708157536682894e-07,0.4314171802273715,2.0379819822634698e-05,0.41284092921632176,0.406178169769908,0.13213205293949457,0.5047377744161194,0.2396299306035333,0.0,5.809172481135204e-06,0.44073260348706506,1.689080296380662e-05,1.2700272312500215e-08,0.40772980923673396,0.36169972584073123,4.9151540518162574e-05,4.138461032241457e-05,0.45795159752895,0.20240633109561781,0.411895074881495,0.46428740673118984,0.25050681885864107,7.317894473230055e-07,2.0050953002788825e-05,0.450116654437444,0.4684129863783944,0.25256238327268066,0.0,0.15047017561089346,0.0012232324352162008,0.46160466782645837,1.689080296380662e-05,0.40015582013548623,0.41803114111490475,0.398585605379075,0.26894081467802344,1.2700272312500215e-08,0.0,1.689080296380662e-05,0.14111392277513582,0.2952479802773539,0.40772980923673396,6.476353072133816e-05,1.4225719310042218e-05,1.0,0.40772980923673396,0.4627509882534851,0.07416930003401624,0.4341832718292507,0.32503722721169365,0.0001515163129881382,6.157306192489668e-05,0.4730352215594389,0.009614322210942534,1.689080296380662e-05,0.0,0.13891221301196668,0.04274155463820827,0.3603371562951761,3.85147595309186e-06,5.605683806543202e-08,0.43255223902064033,0.2874109955920837,0.00261065714511857,0.45734686308770434,0.4138839136213763,0.0036925174564556486,1.2700272312500215e-08,2.7243650357300247e-05,0.3039603931230623,0.22254080243037866,0.45858339970543444,0.00012083132715454776,0.46309506933442174,0.002079571457728909,0.12331705127247546,0.00012407205779852034,0.5213463188159599,0.40363494064400207,0.286300577888224,0.0002052727160161531,0.007458725177952928,0.44430684329491993,0.2776069895816826,0.398585605379075,0.4787889905738804,5.713056522149677e-05,0.00015425881935535676,0.41701818604299407,0.4341832718292507,0.40519293501942577,0.03927174558108117,0.0008338533751293721,0.0002277560929928436,1.2700272312500215e-08,0.4727233561326244,7.414127922140368e-06,0.530368366443237,1.2700272312500215e-08,0.0,0.3485895448925346,0.4743595415373592,0.46160466782645837,0.2788700841359838,1.2700272312500215e-08,0.0003394856957320418,0.4365154835164226,0.41908602325864963,0.000755601107352061,0.0,0.40772980923673396,0.002055394868099528,0.43255223902064033,0.3065290208125636
50,0.5631357781597615,0.0003402415353705726,0.021567372823492213,0.7183697654885024,0.0018860761863649074,0.9211151974834059,0.9829652022288795,0.3818370667772314,0.3534360682953041,0.40749201770653487,0.06228890573958409,0.0006397594889013603,0.7648776748189926,0.0008101016334505538,0.0022384759326763916,0.9237752467735966,0.4971596192069306,0.016380353000439715,0.02505164454107387,0.6708378689391323,0.23820295704732666,0.9905855833393863,0.7155403969918959,0.4771339151099508,0.0006276149780592003,0.0328933103634253,0.7003748447865913,0.7103762714904865,0.4745903465514085,0.06339233048609891,0.35372750255241353,0.002559279172870849,0.7262277258158156,0.0006766094820259189,0.9093781499361311,0.7207674162303939,0.8450308404145969,0.41135026365476984,0.003618876379410233,0.06228890573958409,0.0008101016334505538,0.37259441365283363,0.4441516026927102,1.0,0.0008206444565729392,0.030810582548877072,0.40772980923673396,1.0,0.7213270155619794,0.23049272485228392,0.8319897701132708,0.5096442469241386,0.00241456327951288,0.016590641727309025,0.6811716472102961,0.004507938413413158,0.000556571274032065,0.06339233048609891,0.30444448664743934,0.0014832971967656474,0.42166591402146153,0.005098931500989992,0.0006766094820259189,0.7269997067884212,0.3646402000193965,0.051505227719753674,0.7017289610647717,0.9161572660069598,0.04288449328586946,0.003618876379410233,0.002158267172075886,0.4729654536231825,0.33151752429410275,0.7299814838486832,0.0031741649544491865,0.7019204150202532,0.05401039377756326,0.3543623987420543,0.0023955904309912756,0.3955522541906237,0.836633636291649,0.4631030731410608,0.005593517720873045,0.01152126478349631,0.7697830522260958,0.38459065429317174,0.8450308404145966,0.5837749353885421,0.0020580525551967582,0.006626580599523351,0.8884595537054524,0.7155403969918958,0.9168067835239985,0.07037412118318845,0.0398641223919939,0.019908431116339904,0.0022384759326763916,0.7212224718137638,0.00190886855118712,0.47914416526301246,0.003618876379410233,0.06339233048609891,0.4827254002426659,0.5875477548413741,0.7262277258158156,0.3655864892675584,0.0022384759326763916,0.037329577440677865,0.6804740049045203,0.8367971290238556,0.00010174135399855253,0.06339233048609891,0.8297425192539153,0.010154395837961207,0.7269997067884212,0.3322496206512596
52,0.5652439738272791,6.360788152112463e-05,0.010162296374772688,0.7825732301743669,0.0011277026585836199,0.7434370321063615,0.7187491708074786,0.31669267181077443,0.41436677226119284,0.3844605672649965,0.07067199347691215,0.00028215622641541516,0.6913117148968086,0.00031755564979302144,0.0014119682192005986,0.742730056454785,0.4614462542125559,0.010373640295315923,0.014467623736572366,0.7513298463035224,0.237719020145147,0.718345267045228,0.9427668377900337,0.40895950042638757,0.00030219440138190855,0.01993389052696465,0.6980995608223245,0.9559104211830804,0.4111167340896844,0.0719379643975404,0.31946865000612834,0.0006672603035378702,0.8203964619779741,0.00023198255526880366,0.7217661294768692,0.6963599566944854,0.7922935407865865,0.3839905731097966,0.001982600371609834,0.07067199347691215,0.00031755564979302144,0.2796883386042248,0.442411101973486,0.7213270155619794,0.00029909257348170097,0.015896332534431904,0.4627509882534851,0.7213270155619794,1.0,0.16986636315895862,0.8308859303050681,0.5074202324156669,0.0010493140408987657,0.0094398202886671,0.7733238297900036,0.0008128738087000943,0.00016064187552581688,0.0719379643975404,0.269504619957954,0.000109073897880969,0.4439048015728455,0.00392464518496153,0.00023198255526880366,0.77882227236238,0.3348619272668771,0.030893699436669125,0.7908694546659364,0.746616798416271,0.02584790933805043,0.001982600371609834,0.0020382242802771083,0.4612330157812732,0.33383702714941105,0.8250597588694274,0.001442285936904403,0.7871858342481538,0.032734254854724545,0.27877786996539206,0.0024844604030551842,0.4077499945268833,0.8009429376836057,0.4474124212983902,0.0032347796816800754,0.007288161809291269,0.7136360476628467,0.37496181268492645,0.7922935407865868,0.5749356655965464,0.0009075628154934849,0.0025656020179804367,0.7325054553606264,0.7784550156895359,0.7309321288782451,0.0750455223883001,0.02670728830305939,0.011936298154991651,0.0014119682192005986,0.795068960239175,0.0006652867729105125,0.48968650554088716,0.001982600371609834,0.0719379643975404,0.4764576451304103,0.5711706460882335,0.8203964619779741,0.3217357038311343,0.0014119682192005986,0.022315222498402443,0.7337928576670852,0.8119949541454553,0.00013443060876205533,0.0719379643975404,0.806561651513984,0.007382055608898133,0.77882227236238,0.30924209573995454
53,0.1668853087824542,0.186554938259523,0.2879003144559684,0.18044606151592174,0.0004967548926431948,0.2234407305307597,0.23100331519952091,0.45259971190089127,0.0948286186145841,0.20259764445954623,0.06273677154883793,0.16793501617340334,0.18896800016488474,0.18450152040758938,0.0001685223200533402,0.2242235428353637,0.15277112406625662,0.2482749772341278,0.2610572353119376,0.1607705428392458,0.08190981742199463,0.23188081375351088,0.17122513967347633,0.3387125153422826,0.16165194323194365,0.2681829809443254,0.17423282331206794,0.16589800789904485,0.33680313321491445,0.06384890541885839,0.25717831212399195,0.05869543867013538,0.18697153063037497,0.186554938259523,0.2296293105440898,0.22278228361341865,0.20818367047593742,0.20316441603972313,3.721031614348938e-05,0.06273677154883793,0.18450152040758938,0.594067893955871,0.17126950515704853,0.23049272485228392,0.19065124905256592,0.298500151529949,0.07416930003401624,0.23049272485228392,0.16986636315895862,1.0,0.21443050417845047,0.1931943686014703,0.0003010273575017004,0.25771588618767893,0.15822141755386515,0.060001251414516586,0.18860481671958143,0.06384890541885839,0.1757214541068976,0.034453972704553526,0.1590582924766368,0.24756969487319946,0.186554938259523,0.17807780752887342,0.09984864288760602,0.3497101522004961,0.1688659015117831,0.218957705014939,0.32836820201422756,3.721031614348938e-05,0.14696259435256148,0.1374227913544087,0.11690230222294429,0.18855063369192893,0.004370745385396924,0.16327661014284195,0.33074799924439696,0.5819632617919479,0.00012682672883480072,0.09286268069862143,0.20215735972057505,0.1649884045036704,0.06664068711512063,0.12517986493402322,0.20843121499061001,0.1740405040367765,0.20818367047593742,0.14290200205378117,0.0004165750645859995,0.09216349795407115,0.21130903487952699,0.17939652435068837,0.2287934675397488,0.005217258814567079,0.20522142605207178,0.2798669660947797,0.0001685223200533402,0.17326929737389338,0.15719121018218132,0.1172289426853488,3.721031614348938e-05,0.06384890541885839,0.13698458925160475,0.14608372759308194,0.18697153063037497,0.1362095593753577,0.0001685223200533402,0.31870333198525874,0.1697878112376565,0.2015915206148675,0.13364441261274487,0.06384890541885839,0.2003644255469551,0.1838330955429751,0.17807780752887342,0.13243957334745565
54,0.5595490684934383,0.0019984457380093105,0.01589985198984102,0.7693682456807678,0.0009650570434859872,0.8422216823081881,0.8422216823081881,0.339182738306434,0.3643854183043502,0.407917694131178,0.0,0.0034865968192080983,0.7721837443995311,0.002729985274225971,0.001642709482877419,0.8319897701132708,0.47402707903996233,0.01649496635923708,0.020550274821609333,0.8375870543235291,0.22246309880050485,0.8269724638424574,0.8191554108076418,0.4988532943923775,0.0032838546313367725,0.02529584166247349,0.7055654319558649,0.8173555362530981,0.49496624448919685,0.0,0.34786453539635454,0.00040447226258243525,0.8234846092378618,0.002729985274225971,0.817121902317722,0.6592668700864792,0.8269724638424574,0.39750665586849715,0.001642709482877419,0.0,0.002729985274225971,0.3665195575624193,0.44116103769360715,0.8319897701132708,0.0031461081158984405,0.017910740699154257,0.4341832718292507,0.8319897701132708,0.8308859303050681,0.21443050417845047,1.0,0.47918375360649795,0.0008892416058001089,0.01454167584265208,0.8115499766442873,0.004121882251891468,0.002729985274225971,0.0,0.26897207485902197,0.0006924841647043329,0.43327324091769154,0.006146725570548096,0.0023496961759477616,0.7693843865254925,0.3683716621405869,0.04415551665777133,0.8046931830986751,0.8581097329102457,0.03816784080785772,0.001642709482877419,0.005210200308677495,0.4790841939651729,0.3493738724135203,0.8284707025680293,0.0019029992661536734,0.8051268282996515,0.04194294458616592,0.3282049798830509,0.0017515147722434535,0.4088821034799759,0.83707188781408,0.44834636872508066,0.0036170240410645484,0.004186051597397275,0.7768287283542282,0.3989500958115884,0.8269724638424574,0.6583282987813779,0.0010944522402828586,0.0019179582825916846,0.83707188781408,0.7637989013686666,0.8269724638424574,0.07372481411304087,0.01910366493263466,0.018736093648707364,0.001642709482877419,0.8167920987696043,0.0029545980332383883,0.5175095955053626,0.001642709482877419,0.0,0.4957781987928953,0.6802904690710667,0.8234846092378618,0.369309316726113,0.001642709482877419,0.02214093418636343,0.8298647894328914,0.8691056621428601,0.00036825395175393274,0.0,0.8319897701132708,0.011087574740489482,0.7693843865254925,0.34567043805244896
55,0.4885758923577809,0.004491555964068666,0.0161281293896423,0.4820201695853842,0.0009477719326086749,0.4952940248488003,0.5030380822314715,0.2551800344079195,0.29486406460386516,0.36926944588091254,0.0,0.006382576888388618,0.5329749006314501,0.005738933723821631,0.0011036425722274847,0.5018162329111477,0.503867978656211,0.01464126827969488,0.021544989181264067,0.4663476302377825,0.2210133079679574,0.5051289511578746,0.5056525483379839,0.36459486374642536,0.004433004197550442,0.02556239209753928,0.45308614449827783,0.4936210885221517,0.36206026813439934,0.0,0.2716302409598307,1.8000944320817367e-05,0.4607443874668872,0.005738933723821631,0.49624098266451067,0.511518342113851,0.49735667047226423,0.33571494077408714,0.0011036425722274847,0.0,0.005738933723821631,0.28320090567900946,0.3990428564769126,0.5096442469241386,0.006308382896030809,0.021228486657731138,0.32503722721169365,0.5096442469241386,0.5074202324156669,0.1931943686014703,0.47918375360649795,1.0,0.0012337677320748267,0.01386355647406239,0.4831308370933715,0.003428962391424373,0.005738933723821631,0.0,0.24900775377876636,7.480354779285697e-05,0.36797968669968534,0.00936041901901997,0.005205413774640904,0.48017158085975675,0.23389607353173494,0.0382134107360686,0.49161238189510087,0.501101769806007,0.03760096934009023,0.0011036425722274847,0.006650617437230493,0.48415594203856954,0.27610059188506747,0.46326755660590824,0.00026408672116338977,0.4783256011632923,0.04363324848516272,0.2599607544713891,0.00036724016187384144,0.30846794169813363,0.49084989581122923,0.41549394734658207,0.003753133770374355,0.007105628145535272,0.5407576613086509,0.3752975086378928,0.49735667047226423,0.42645487265373333,0.001219823571545196,0.0010418923311924803,0.4985381658448857,0.47918375360649795,0.49735667047226423,0.0994191309152609,0.02086102620159378,0.021080482350649136,0.0011036425722274847,0.489653379740249,0.0059307133029317454,0.3872804469256376,0.0011036425722274847,0.0,0.4207512582760316,0.4361613601897945,0.46826013608330463,0.27668707575384044,0.0011036425722274847,0.027459994702385953,0.4785814718477405,0.48710441146764744,0.0008964992746584369,0.0,0.4940863154649059,0.01180071762717296,0.48017158085975675,0.3126166210648155
56,0.00022842260505366645,0.001837208480390406,0.004088502686805593,0.0019508739850636276,0.908190008332672,0.0013770579764649433,0.0022612982635842093,0.005060786727503552,0.001241255610993533,1.0182575895431959e-05,0.040946646382840284,0.0015318184160307232,0.0007478113253510857,0.004095387803811663,0.9145957115905005,0.001902342889157579,0.0005048590330465918,2.4624606042158934e-06,0.006208008160008197,0.00038367171609113006,0.012228464622187496,0.0020923219523335044,0.000981550939139474,0.00028768826272522095,0.0021106488163842325,0.007221636786149531,0.0020758808227202457,0.0008665922953117578,0.0003140687114558493,0.041632176427216165,0.0049649996132184225,0.3880807836771042,0.00027750273943360414,0.004293440266729569,0.002186756659336609,0.0009818034022460547,0.0023497910100948156,0.0006046552495838376,0.9112578875882995,0.040946646382840284,0.004095387803811663,0.0016871328495164997,0.0018907148883280554,0.00241456327951288,0.003264708089710518,0.007476816857672267,0.0001515163129881382,0.00241456327951288,0.0010493140408987657,0.0003010273575017004,0.0008892416058001089,0.0012337677320748267,1.0,0.0062691629008282315,0.0005557528023600708,0.003173416950040614,0.004493933932269508,0.041632176427216165,8.06116281109122e-05,0.010548916122261482,0.0035459673105006115,0.0021864079026808537,0.0029194579530414,0.0014709564860102852,0.0019386591376369833,0.0038177003596479684,0.0005568379337208487,0.0016395616232660576,0.0021474279451612695,0.9112578875882995,0.010672115288355084,3.1951372411055925e-05,0.0013952590286546356,0.00015694004566861594,0.8308317448415692,0.00045770804941348554,0.0015601927683279876,0.001671231856752201,0.8682632522729213,0.0008962538990024858,0.0019912180147002496,5.13127685327488e-05,0.3206824784656426,0.000840845892045082,0.002532710552726125,0.0003812946618604061,0.0023497910100948156,0.0012995432745283456,0.9232938200759037,0.34595088657993517,0.0015986603417211484,0.0018852277197528875,0.0019713991542470517,0.003924570048815806,0.24014398606772178,0.0008478353972614862,0.9145957115905005,0.0006112604617075383,0.005095536010038659,6.625832778986214e-05,0.9112578875882995,0.041632176427216165,0.0009997943583268387,0.001230325955784518,0.00013030608850891933,0.0005239583502278215,0.9145957115905005,0.005823486823427414,0.0007002073023971621,0.002976755730868623,0.0017003815414574097,0.041632176427216165,0.002060328300877124,0.0005882691447797054,0.0014709564860102852,3.1200343498406686e-05
57,0.010962566539763234,0.25088914827638387,0.46522600639953815,0.011040411425226247,0.0036037346593790036,0.016928140059844384,0.01703268178001545,0.1506334306378409,0.00018313240945138588,0.014404895623388711,0.05012294280525069,0.22596517428667845,0.012037252423740876,0.24813847509892978,0.004027017546395333,0.0149193509740238,0.0058113048066161625,0.4638335377938305,0.6907224731644632,0.00709479484662661,0.003469858097067368,0.01683872313031434,0.008772995111616624,0.0479376014078911,0.21756261315100234,0.40534665709463186,0.007110883221576705,0.00877184247178387,0.04748097339104287,0.05098872965106001,0.059280597143011884,0.12292499966414781,0.010533688592475778,0.25088914827638387,0.015860510171174125,0.014221970242138752,0.015881231929340836,0.009027487625466594,0.004214192490858663,0.05012294280525069,0.24813847509892978,0.152730079714908,0.009325981108804244,0.016590641727309025,0.25637816772144295,0.5393962931349051,6.157306192489668e-05,0.016590641727309025,0.0094398202886671,0.25771588618767893,0.01454167584265208,0.01386355647406239,0.0062691629008282315,1.0,0.006361339904631787,0.07038853994349886,0.2536356640212795,0.05098872965106001,0.02603570898788868,0.05446304589868045,0.011806700467130319,0.28014410285560837,0.25088914827638387,0.010142864274124917,8.1492922852439e-05,0.4382911104141172,0.007358185907368074,0.014878565621323307,0.45481041553735396,0.004214192490858663,0.212061761481274,0.005782862402212542,8.36107135728732e-05,0.010799522413823662,0.014533468562150924,0.006917592322570412,0.3988407247978925,0.16224845174730573,0.0036037346593790036,0.001132982700521483,0.014738442594574491,0.014078146912908138,0.27289087163553216,0.21805377703098447,0.016765941585244887,0.011311221376398782,0.015881231929340836,0.0033306731138194818,0.003811900523593805,0.18466912282222456,0.014389309185654522,0.010855005220864312,0.016052371102666673,0.0011908825955381582,0.28003531160635275,0.4436805261185267,0.004027017546395333,0.006618663001953443,0.20516508921866242,0.0030822679260329748,0.004214192490858663,0.05098872965106001,0.0037517583686734073,0.004239351309192659,0.010533688592475778,0.0061631236958694996,0.004027017546395333,0.5761237971660291,0.008301484478664533,0.015810297336046934,0.13866833405731002,0.05098872965106001,0.014962736523200314,0.30353515197921027,0.010142864274124917,0.006420091334894139
58,0.554650705098874,9.588486541644129e-05,0.009254736406569134,0.804303631826407,0.00024907992102712596,0.7094209324490487,0.6786231240204504,0.2913911034392284,0.41756411283651207,0.36205730590373364,0.07263819326296522,0.00037235481796375525,0.7096660596962286,0.0007185790700012824,0.0003918172967936922,0.6926183695907416,0.45970872709102506,0.00806926099989328,0.01113782382138302,0.9338861309187741,0.22732122751984224,0.6866853034347402,0.7507760098158638,0.40268511776457555,0.00040646709010414234,0.016574507171360702,0.6678176540378027,0.764645064270879,0.4047552170422426,0.07394214763612621,0.2993694145980503,0.0006054538303859692,0.8594278237102884,0.0005819002367248247,0.6813916781217573,0.6575081345208198,0.668210404288719,0.3956086596055927,0.0010082692120728094,0.07263819326296522,0.0007185790700012824,0.26713806456499617,0.42989198181233207,0.6811716472102961,0.0006708953325414753,0.01235073982053546,0.4730352215594389,0.6811716472102961,0.7733238297900036,0.15822141755386515,0.8115499766442873,0.4831308370933715,0.0005557528023600708,0.006361339904631787,1.0,0.0011370206798840279,0.00046110805282550656,0.07394214763612621,0.2516872527421523,2.676737402435043e-05,0.420294521144122,0.002814053466659682,0.0005819002367248247,0.81046306389797,0.3547811515785055,0.024748543098696826,0.8655350350214092,0.7123356986865169,0.023687917525875513,0.0010082692120728094,0.0014424824110889957,0.4539297209041881,0.3139370301101474,0.8648531497755532,0.0008377649439501094,0.8997342677362349,0.028506198391971126,0.25711055860349,0.0010210087941875928,0.4148978751640349,0.6830439060307687,0.4470424628199523,0.0023608367885182254,0.006014595136679153,0.6834685867796452,0.3751779716234492,0.6682104042887191,0.5905955689410023,0.00015291396549798475,0.0017907351211915944,0.721849405276277,0.8081419937744675,0.689788316759438,0.06456400353859089,0.02215184460567684,0.009500928828351624,0.0003918172967936922,0.8559738900737586,0.0017948701045350885,0.5040687323645797,0.0010082692120728094,0.07394214763612621,0.47239229273200284,0.6096813187695823,0.8769240644915608,0.3313596401465407,0.0003918172967936922,0.018025910493493967,0.8276147227061995,0.6849476401454008,4.60785566956311e-06,0.07394214763612621,0.6872825366453,0.005951046911989526,0.81046306389797,0.32079914893767403
59,0.0013888298147280893,0.020826673828343748,0.08330126021660474,0.00035074697431898154,0.00726174022484529,0.004224384805612457,0.004618977694278941,0.027791168612963674,0.009550186806455389,0.008146390352120402,0.0723075970466426,0.021856653698319302,0.0006241584376918425,0.02184223983850285,0.005774793953308289,0.004266605726189559,0.0002025877202369844,0.0760711282939082,0.07824567306983854,0.0018397052837191004,0.004182512722100893,0.004245050392939207,0.0005628840528450218,0.01984029448591732,0.027990100232445442,0.0991505094555288,0.0001365895240542398,0.0011067436180330012,0.019490069777648052,0.07360516852605956,0.01628298972780298,0.0017320827198903219,0.0019038341829614124,0.020826673828343748,0.004891889645139927,1.8618620531872665e-05,0.004465774877976504,0.00014790075690811463,0.003946321690374008,0.0723075970466426,0.02184223983850285,0.037169428647268354,1.353055229649148e-05,0.004507938413413158,0.022899975477009272,0.08586492664886555,0.009614322210942534,0.004507938413413158,0.0008128738087000943,0.060001251414516586,0.004121882251891468,0.003428962391424373,0.003173416950040614,0.07038853994349886,0.0011370206798840279,1.0,0.021857206293078947,0.07360516852605956,0.007259408828100974,0.06633081945356811,0.00018787317014054358,0.02791327054481627,0.020826673828343748,0.0003575481154976634,1.5060601382607556e-05,0.07744975385563053,0.0007528343136685044,0.0033194120960076978,0.07890988780045322,0.003946321690374008,0.026378032121334733,0.0037816754507397727,0.0032673592315516213,0.002042433034995356,0.0023957026127757624,0.0009153929062846808,0.07845680830416905,0.044554381529792624,0.005481678748100757,0.009195351395744653,0.004533833295199109,3.0164796261691573e-05,0.003742984838432734,0.10860136669528389,0.0004243984905356516,7.2552933830250485e-06,0.004465774877976504,0.0004734503595354895,0.00695847014859567,0.005004099261976213,0.0029070515736726497,0.0004281381577925646,0.004418464313693722,0.015491713421445058,0.026603239430914357,0.08693489702643196,0.005774793953308289,0.000669644322741265,0.018756032192776554,0.005847359583210533,0.003946321690374008,0.07360516852605956,0.00019163381648553868,0.0006359738756936691,0.0019038341829614124,0.004172276964560353,0.005774793953308289,0.08990270648837377,0.002223282754453026,0.0040909990521303796,0.016046565554936238,0.07360516852605956,0.004275447741446358,0.051000592872368945,0.0003575481154976634,3.9684568586911306e-05
60,0.0008781378977538633,0.8427930985813803,0.27526657683195993,0.0013308493474047636,0.03284304071246471,0.001125197852022063,0.0009049289485386836,0.10128560043462566,0.006447108815247355,0.004381625051743959,0.019739739174981747,0.8108726908314282,0.0014450887593282623,0.9593180026548336,0.025206681609324544,0.0007627066792048609,0.0017745451117562626,0.2326868143733808,0.20065716715530824,0.0019832105516474933,0.0055735034523588765,0.0005800706296785138,0.00021061440256589628,0.06198903658704612,0.7183945320028182,0.11754570018094211,2.0053147426739125e-06,0.0001176501328036107,0.06167260563533507,0.02001786402735666,0.05498258118307358,0.14025373240605457,0.0031379489300721384,0.977418465327053,0.0004892391430489849,0.003908329812849125,0.00016835792928243545,0.0013267354246559707,0.016177380071955315,0.019739739174981747,0.9593180026548336,0.13639027220138555,0.002396290906743373,0.000556571274032065,0.9037021202988164,0.18367222524336502,1.689080296380662e-05,0.000556571274032065,0.00016064187552581688,0.18860481671958143,0.002729985274225971,0.005738933723821631,0.004493933932269508,0.2536356640212795,0.00046110805282550656,0.021857206293078947,1.0,0.02001786402735666,0.0034841222113739354,0.00014910467300057633,0.008762098040108343,0.5483450003086067,0.9369482458590361,0.001436447144739764,0.018546224210221344,0.17555304495255086,0.001133067492526424,0.001092433813916264,0.18591438972107147,0.016177380071955315,0.7785879091704325,1.584436206583725e-05,0.016306851930990792,0.003216741146175834,0.002352657266713848,0.000632645630546531,0.13276292597840025,0.14264707443675936,0.025573562031500463,0.003279192148749542,0.00011275506369091895,0.010496696938025131,0.11653211508735004,0.13739851414286092,0.0027119445101108446,0.014324285391602926,0.00016835792928243545,0.0001730625554908905,0.032653022095344736,0.13526766798469264,0.000517818464346006,0.0012966519635710535,0.000790073648965771,0.0025684958408317806,0.10678340206050692,0.25998965294874393,0.025206681609324544,0.0005125444595279143,0.7628634892797804,0.007190867797180094,0.016177380071955315,0.02001786402735666,0.00047389058995937706,0.0008781378977538633,0.0031379489300721384,0.0007663955222405739,0.025206681609324544,0.18243502541438766,0.0028474179782860777,0.00027429596168983213,0.5607045960709869,0.02001786402735666,0.0001229526836789829,0.37979986450311853,0.001436447144739764,0.006393209789296378
61,0.06616177077404421,0.019843380071997183,0.03853930046682173,0.07111511827500896,0.0,0.06492190383816461,0.0636964983710461,0.0,0.08058756788037583,0.05589689909973017,0.9638543846408361,0.018232528550402,0.06354430714622038,0.01966804554808654,0.0,0.0644607170622418,0.053914579913308135,0.0,0.058053556653029324,0.07581740806589489,0.0,0.06324056713394866,0.07127912693079218,0.061286485299105194,0.01767782265417032,0.0644607170622418,0.0,0.07260135341087492,0.0614355893898748,1.0,0.0,0.076508750485702,0.0,0.019843380071997183,0.06384890541885839,0.0,0.06678733201259364,0.04933847161241128,0.04015448793021487,0.9638543846408361,0.01966804554808654,0.07825998927497765,0.05223626430711399,0.06339233048609891,0.020191514603693565,0.0596589942072672,0.0,0.06339233048609891,0.0719379643975404,0.06384890541885839,0.0,0.0,0.041632176427216165,0.05098872965106001,0.07394214763612621,0.07360516852605956,0.02001786402735666,1.0,0.05646853177193353,0.07310193630567137,0.0,0.0,0.019843380071997183,0.07062475186039986,0.06039593027605988,0.059512158699764235,0.07210338143969942,0.06507608296825632,0.04824558887809094,0.04015448793021487,0.0,0.062484906109452135,0.05321308711832127,0.0,0.0429753850420761,0.07260135341087492,0.0596589942072672,0.0754736495789084,0.0,0.07127912693079218,0.06757472448231497,0.0680501244491806,0.0,0.056755273841391264,0.06158489057103361,0.06710155573478155,0.06678733201259364,0.06430743410717397,0.0,0.08409996903574236,0.06600597420041004,0.07127912693079218,0.06430743410717397,0.07111511827500896,0.10453227174805385,0.0,0.0,0.07095138713077126,0.01913675977220923,0.06916826812164985,0.04015448793021487,1.0,0.05718657197267896,0.06616177077404421,0.0,0.0427066608653841,0.0,0.05995321322790029,0.07513115026117222,0.0680501244491806,0.01966804554808654,1.0,0.06741675540239453,0.0,0.07062475186039986,0.07808336433820529
62,0.3182124130473684,0.0032658361221844638,0.0288132231726758,0.28330905973541487,9.630869042989407e-05,0.3015472047619547,0.3014136205418999,0.25330873232791346,0.1484585308639874,0.31893990024018815,0.05549751915386864,0.0033827340534018637,0.2716964449445403,0.003052301528267356,4.2061264211624167e-05,0.30600922884841675,0.2855127160687679,0.017238558169940566,0.04025973834361667,0.24293688991372867,0.12055696795281122,0.3059743756750228,0.27445369734508407,0.2039772255474242,0.005183738207150894,0.037999218672897225,0.26959541515954977,0.26465807272505454,0.20278093636004937,0.05646853177193353,0.36587402690816734,0.0021832729885384794,0.2342960727289306,0.0032658361221844638,0.31208907146657594,0.2981051447659669,0.29226276158783526,0.21064436134214495,0.0001763859685849819,0.05549751915386864,0.003052301528267356,0.19314263840785267,0.24690557852851064,0.30444448664743934,0.0018892806929191343,0.04675233058446862,0.13891221301196668,0.30444448664743934,0.269504619957954,0.1757214541068976,0.26897207485902197,0.24900775377876636,8.06116281109122e-05,0.02603570898788868,0.2516872527421523,0.007259408828100974,0.0034841222113739354,0.05646853177193353,1.0,0.0257782910249381,0.16643126850609136,0.0011286011826435096,0.0032658361221844638,0.28332666630017206,0.16796008105132154,0.06544952434964434,0.2609440680102242,0.30007799339717117,0.05247072449907914,0.0001763859685849819,0.0016842751685537116,0.2665238415464172,0.21080764801429236,0.23583477723141338,0.00010925541900189489,0.2610039396049849,0.0684590676346395,0.21488738483387504,1.473526429225508e-05,0.15067786393252977,0.2931622300103241,0.2111230600198733,0.0017695516384235738,0.049187996778526755,0.2751616462143905,0.14449081796981314,0.29226276158783526,0.2225021088336953,6.647924539562931e-05,0.0065698393699738485,0.299352311626791,0.28203313785122075,0.30751501487309013,0.031490621799910475,0.05164159334178417,0.03231020125532958,4.2061264211624167e-05,0.25488100400860075,0.00343143343531145,0.18223339504839212,0.0001763859685849819,0.05646853177193353,0.2232609794476117,0.21169939700482604,0.2342960727289306,0.23693180812721892,4.2061264211624167e-05,0.051943654263114744,0.24734031985037983,0.28133985587953136,0.008544271275630693,0.05646853177193353,0.2945483185070935,0.00015762970036560474,0.28332666630017206,0.11734727425832242
63,0.0004649423240384532,6.009670310723608e-06,0.0349141618108339,0.0009587375922973921,0.004848339204083124,0.0011263754412206256,0.0015531987307824875,0.018503051401280626,0.007320782710565789,0.005834034487270841,0.07181389947637695,0.0006433282399941465,5.055249003716508e-07,0.00021515609878881384,0.005498245299223312,0.0013633647335964838,0.0006531296055584712,0.026047156723476073,0.05937591547327589,2.4385285515672744e-06,0.003333985242146167,0.0013307176952691772,0.00021577234937262407,0.00025749701982929443,0.0006604422142667538,0.07352742817144094,0.002924093221933908,8.556398007411345e-05,0.00022244374100589915,0.07310193630567137,0.00607301689036034,0.016346559770023025,0.0015453855484158286,0.00029279777120502017,0.0017169430477521248,0.0004638045485875437,0.0015155327897401344,0.00021309186349647834,0.009293002724505332,0.07181389947637695,0.00021515609878881384,0.025009785214838893,6.148675707806658e-05,0.0014832971967656474,5.474884443489684e-05,0.07663152536809476,0.04274155463820827,0.0014832971967656474,0.000109073897880969,0.034453972704553526,0.0006924841647043329,7.480354779285697e-05,0.010548916122261482,0.05446304589868045,2.676737402435043e-05,0.06633081945356811,0.00014910467300057633,0.07310193630567137,0.0257782910249381,1.0,0.002948739818526582,0.0013416228310575604,9.524952737787834e-05,0.000789871052952008,0.002738845149796571,0.05582606482952618,7.634480634648024e-06,0.0008589539530125239,0.06681349880223747,0.009293002724505332,0.002929430134502151,0.0012819430721917355,0.00016164911811843816,0.0014223191024949487,0.010536360866306124,1.0186816319688428e-05,0.09561050578346283,0.025980618416392494,0.004848339204083124,0.02740282426584955,0.0015677249642023394,0.0018025773880037234,0.018972446228210656,0.19743989335221043,0.00028910742849995165,0.002262074350313789,0.0015155327897401344,0.009239156751553516,0.005167275253937196,0.026035417385853302,0.0008356649892787106,0.0008933688078569084,0.0014477004771847645,0.011574760621017933,0.06294704311947695,0.024045902641237703,0.005498245299223312,0.00011369167948607506,0.0020688862763891818,0.019630024284414776,0.009293002724505332,0.07310193630567137,0.002671135553214567,0.008507012539392213,0.0015453855484158286,0.0016123943618083453,0.005498245299223312,0.091851594099748,6.692355688866372e-06,0.0011030016405772906,0.0013791600817940391,0.07310193630567137,0.001656341881607842,0.002247097454949717,0.000789871052952008,0.0028849332100026465
64,0.40629246972263844,0.006168865058805289,0.006695615630821253,0.4300731113325966,0.0038391026792703783,0.4276591320893703,0.42102406892823663,0.24818217457957786,0.3707137790517908,0.26063703227505836,0.0,0.009228951369437936,0.42864229490159067,0.008762098040108343,0.004399464336683829,0.42833237759432247,0.3442363071521727,0.0070738185931466255,0.014110699044048058,0.4239464649879816,0.1917583242663223,0.4253380995085758,0.450999120808686,0.3529579070178468,0.011211328779317232,0.01400777967934968,0.3928181197565825,0.43041035061824756,0.3499027897108933,0.0,0.23385780134766657,0.0024360337675345158,0.450993131132656,0.008762098040108343,0.4328364531203862,0.44726023311813884,0.4253380995085758,0.39010364531020725,0.004399464336683829,0.0,0.008762098040108343,0.22433891087350066,0.34129081859871924,0.42166591402146153,0.009597006502213682,0.014673399070257394,0.3603371562951761,0.42166591402146153,0.4439048015728455,0.1590582924766368,0.43327324091769154,0.36797968669968534,0.0035459673105006115,0.011806700467130319,0.420294521144122,0.00018787317014054358,0.008762098040108343,0.0,0.16643126850609136,0.002948739818526582,1.0,0.00569705472545695,0.00797990523632421,0.4302182217041687,0.2615549348693538,0.027362076850480824,0.43649589255359683,0.43007557460199397,0.025323276008883122,0.004399464336683829,0.012314648007459806,0.3258673292419126,0.2508602276250106,0.4475169568309683,0.00584507500398991,0.42992181567270227,0.028417327968061925,0.2160921677557553,0.006052216189122536,0.26124427511659293,0.42465359354778426,0.37507520238329656,0.008432957254579475,0.0011906789716812282,0.4567089648018089,0.37446274451692774,0.4253380995085758,0.36372154162371634,0.0034621484739485483,0.004802908914534284,0.42465359354778426,0.42678093134027983,0.4253380995085758,0.06749550880063798,0.020315990325397357,0.012053188150072534,0.004399464336683829,0.4300731113325966,0.009501467100259993,0.3265509366639713,0.004399464336683829,0.0,0.3085514382802573,0.3716686470510181,0.44441026117995663,0.23235556986879605,0.004399464336683829,0.019691874722335898,0.4308093201916144,0.43620296903516204,0.0053790104045429625,0.0,0.42833237759432247,0.008004230409671603,0.4302182217041687,0.3318796425240357
65,0.007931286538121318,0.5779707605198819,0.3157173952820692,0.0041857985915391685,0.008765309856191188,0.005931292313580152,0.005931292313580152,0.09833814849761224,0.0036554875940404187,8.770116838350986e-05,0.0,0.5263479285306256,0.006355874502104989,0.5483450003086067,0.00653007256880278,0.005098931500989992,0.002752554113900377,0.24946415455144885,0.24351040097960516,0.004499059581125898,0.00983181646238096,0.005230430719381492,0.00414934133672066,0.053600996829456043,0.5092541998358867,0.15937702222263037,0.002467425975534305,0.0037070981898119785,0.05313403864149572,0.0,0.054050411959360965,0.12841334102771892,0.004547394828210726,0.5483450003086067,0.005499450796233893,0.00667650637250199,0.005230430719381492,0.0027253072560639337,0.00653007256880278,0.0,0.5483450003086067,0.14575308902754286,0.010492522650903516,0.005098931500989992,0.5648333317275842,0.22282975637087554,3.85147595309186e-06,0.005098931500989992,0.00392464518496153,0.24756969487319946,0.006146725570548096,0.00936041901901997,0.0021864079026808537,0.28014410285560837,0.002814053466659682,0.02791327054481627,0.5483450003086067,0.0,0.0011286011826435096,0.0013416228310575604,0.00569705472545695,1.0,0.5570621000098411,0.004416018843313937,0.005050415945714518,0.21338808110013593,0.004933705888619151,0.005517639932753717,0.21898479666322226,0.00653007256880278,0.5007179185107603,0.002495684099811992,0.0024876779123773436,0.004663141652677943,0.0030952220455503126,0.0037463963574173105,0.17856229806620946,0.14896252159550544,0.006834593269495059,0.0019047397027518354,0.004969418305261937,0.017925224362816353,0.12318973324796889,0.13188381876827956,0.0053639317908922915,0.012541891430821695,0.005230430719381492,0.002431511729550877,0.008595961812405543,0.14469752373486422,0.004969418305261937,0.0040733358649334035,0.005230430719381492,0.0002054629367891536,0.1544157731512892,0.2867162249660791,0.00653007256880278,0.0032930631918962005,0.4993943770814044,0.005311201270053318,0.00653007256880278,0.0,0.0032036034295322576,0.0023811745535747704,0.004547394828210726,0.002310634081075775,0.00653007256880278,0.21515728488777722,0.006092738735489136,0.005251729533676963,0.46934921624086423,0.0,0.005098931500989992,0.38136982906944583,0.004416018843313937,0.006467604927121272
66,0.0010335446829095158,0.8563203216447275,0.2813360851622526,0.0015326168808861198,0.026103976224593883,0.0012996756217185574,0.0010590050634931912,0.09572378244199052,0.005864457626048059,0.005409573459586836,0.01956834993306748,0.7916806864280285,0.0016412485698008858,0.9772301646330679,0.02007219980998843,0.0009049575534863175,0.0019724882194006896,0.23770978898442185,0.21095786034481898,0.001626997182152505,0.005120244523577876,0.0007024415619596345,0.00029118792232219967,0.05670315442768971,0.7551253525295849,0.12138784026274145,5.893368947345683e-05,0.00017977702464656482,0.05640437765592979,0.019843380071997183,0.0566473482194858,0.149355966219391,0.0027084874063682883,0.9546727211238708,0.0006022961863023447,0.0034880860216774073,0.00023772356048164557,0.0014878949752876575,0.012371779449748693,0.01956834993306748,0.9772301646330679,0.12661691074876882,0.0026246362277758924,0.0006766094820259189,0.8883775486932732,0.19118157323837645,5.605683806543202e-08,0.0006766094820259189,0.00023198255526880366,0.186554938259523,0.0023496961759477616,0.005205413774640904,0.0029194579530414,0.25088914827638387,0.0005819002367248247,0.020826673828343748,0.9369482458590361,0.019843380071997183,0.0032658361221844638,9.524952737787834e-05,0.00797990523632421,0.5570621000098411,1.0,0.001645502153591996,0.018107070568747642,0.18205865283762157,0.0013203137520635074,0.0012645178514361878,0.1906670396424204,0.012371779449748693,0.7662417641181378,2.9512194588777102e-06,0.015923142599089158,0.002782024375078081,0.002555378358915456,0.0007723751068686876,0.13681430924845714,0.1326318216666766,0.020425025654837232,0.002803856212407426,0.0001707505431904303,0.01111701516636384,0.10841821720564401,0.1351309547846318,0.0029812815044264022,0.01506844530048093,0.00023772356048164557,0.00024159445931808975,0.025917657165421586,0.13379512117028894,0.0006366248696661558,0.0014959944472916313,0.0009346837498768834,0.0021437457644094583,0.10562344031788122,0.2653529642817612,0.02007219980998843,0.0006364230996574846,0.8001454585003033,0.0064973524100585735,0.012371779449748693,0.019843380071997183,0.0005777185049210257,0.0010335446829095158,0.0027084874063682883,0.0013316686921372304,0.02007219980998843,0.1899237375261805,0.0024213250485714925,0.0003629752865420858,0.5683608044640305,0.019843380071997183,0.00018321855167871488,0.38995933961379076,0.001645502153591996,0.005797739050484376
67,0.5613482196862782,0.0006842448181015931,0.013251863375127964,0.9616183214389642,0.0005579953150098434,0.7507786230453584,0.7332914416509857,0.3156884685353467,0.42462218860411205,0.36837108964581233,0.06938369695686199,0.0012780076991455557,0.7136100474878911,0.001871812456328357,0.001092512263976892,0.7325936685905806,0.47504128144526814,0.010645555561120252,0.016402174895590187,0.7989821553332409,0.22665793915216248,0.7324020884948645,0.7778468053263051,0.4183671099314333,0.0013428632842068492,0.021457640326099352,0.6599333627977346,0.7641231279833902,0.4205995445031127,0.07062475186039986,0.3185855509896728,0.0014204607646019168,0.7950345780753377,0.001645502153591996,0.7280683497181218,0.6944133040185736,0.7043427848201181,0.3951597436215193,0.002140644622341368,0.06938369695686199,0.001871812456328357,0.2862903091827796,0.443470293341668,0.7269997067884212,0.0017938312352105423,0.01796565430705079,0.43255223902064033,0.7269997067884212,0.77882227236238,0.17807780752887342,0.7693843865254925,0.48017158085975675,0.0014709564860102852,0.010142864274124917,0.81046306389797,0.0003575481154976634,0.001436447144739764,0.07062475186039986,0.28332666630017206,0.000789871052952008,0.4302182217041687,0.004416018843313937,0.001645502153591996,1.0,0.3386875455005139,0.03383255013211444,0.8260797129164096,0.7627253443638682,0.03064470844000963,0.002140644622341368,0.004053554565950764,0.46665274188252825,0.30958568334602177,0.799731679877382,0.0019433394964847748,0.8412969350521031,0.03577147798039945,0.2848931042515366,0.001589155554767894,0.40634560473246656,0.7138420508983825,0.47437803509615406,0.0038042722286389537,0.009259354296313912,0.7352620476819086,0.37659814750269405,0.7043427848201181,0.575831562736663,0.000655861236155689,0.0032809866429656617,0.7661348552970537,0.9556563066379998,0.7376625711458865,0.07688377632853881,0.03072711975087992,0.012279980110595919,0.001092512263976892,0.8024411517280298,0.002661217378482747,0.4875830219207199,0.002140644622341368,0.07062475186039986,0.47974278267121395,0.5791445902846353,0.7950345780753377,0.3143064538559803,0.001092512263976892,0.0258259338034003,0.7946002082558705,0.7242787740574047,4.6269912581499396e-05,0.07062475186039986,0.7178702148943286,0.00829116315876471,1.0,0.3164286735371908
68,0.28228859007952717,0.024276811858299333,6.09396317261469e-05,0.33825739308217617,0.0021679923589796447,0.351072745014314,0.3609735642622775,0.1533322060442854,0.24152400748603325,0.30255788717492843,0.05934973116053917,0.01997597104810743,0.34974128391737797,0.017668866581533257,0.0019817025234801283,0.369532388619632,0.29231869983289305,3.2310751886532924e-06,0.0007131177959970074,0.3688348553186585,0.10314481184207207,0.3620702371571839,0.33261560463757456,0.2783186170885936,0.02197142518385083,0.004272802820405282,0.3706453444881782,0.3371808771431086,0.2805128817727075,0.06039593027605988,0.21027607855263275,0.00045424133679793896,0.3786426444720691,0.018107070568747642,0.3724366650949713,0.32042190673273907,0.36059925731546555,0.29249967006881167,0.0029588726871967713,0.05934973116053917,0.017668866581533257,0.16991736193160042,0.2994224327274861,0.3646402000193965,0.018986275429553973,0.0025390154513426585,0.2874109955920837,0.3646402000193965,0.3348619272668771,0.09984864288760602,0.3683716621405869,0.23389607353173494,0.0019386591376369833,8.1492922852439e-05,0.3547811515785055,1.5060601382607556e-05,0.018546224210221344,0.06039593027605988,0.16796008105132154,0.002738845149796571,0.2615549348693538,0.005050415945714518,0.018107070568747642,0.3386875455005139,1.0,0.013709984282081892,0.3501061931703455,0.353632813667577,0.005688891737589163,0.0029588726871967713,0.021457872339987093,0.2846635178638931,0.36440086395051174,0.3743875427794109,0.0015690890638265275,0.34977705764195255,0.0097631889780542,0.15762897652969166,0.0033562606079083905,0.29320159738350376,0.35215946867091896,0.2654415824097576,0.00013641967204601008,0.005940081122473377,0.330497077774669,0.3077567066265511,0.36059925731546555,0.3988204572979953,0.00182185860910671,2.1990628155028316e-05,0.3561799228450868,0.3408982163751578,0.36691686832924986,0.03179648836831883,0.0067893388274149315,0.0001160064675485753,0.0019817025234801283,0.3654220007760928,0.016360517602935352,0.3443878171176698,0.0029588726871967713,0.06039593027605988,0.3400696648424759,0.3993558788173687,0.3722419161402419,0.3327682885157727,0.0019817025234801283,0.00305247259229817,0.35726762016069374,0.3644474662097516,0.036447814299823196,0.06039593027605988,0.3495496080110847,0.002257974290497803,0.3386875455005139,0.25373817105896607
69,0.02690594534549439,0.18205865283762157,0.3911065070921525,0.035093151655651085,0.00015049552727241142,0.04945848543097329,0.05199692145992562,0.1849307642328709,0.009134463090810258,0.04048318780223457,0.05848286091996873,0.16175951943459865,0.04096580252509013,0.17981819319884254,0.0004673298810920255,0.04799619483260894,0.02963179259282333,0.33189750458518597,0.4929038184796691,0.024367248565544907,0.009684150513149059,0.05202170184283977,0.031187863783087147,0.10534218690585002,0.17700149522579806,0.4878458396833091,0.029638558159685538,0.029489756548270657,0.10453339651614724,0.059512158699764235,0.12095615987303565,0.08569374219805274,0.03125140862417324,0.173324830279612,0.04997881403700236,0.04596639820328542,0.04516999271289208,0.04610141182818105,0.0025439021962681595,0.05848286091996873,0.17981819319884254,0.2077637618735179,0.04211994475338161,0.051505227719753674,0.17777813861475475,0.5886956023634857,0.00261065714511857,0.051505227719753674,0.030893699436669125,0.3497101522004961,0.04415551665777133,0.0382134107360686,0.0038177003596479684,0.4382911104141172,0.024748543098696826,0.07744975385563053,0.17555304495255086,0.059512158699764235,0.06544952434964434,0.05582606482952618,0.027362076850480824,0.21338808110013593,0.18205865283762157,0.03383255013211444,0.013709984282081892,1.0,0.028325380069516744,0.04896594308654928,0.46213775357609965,0.0025439021962681595,0.15681883614523462,0.01852333582669328,0.023415151085644487,0.03180241015357852,0.011466093874112624,0.027319034310849435,0.4649588065761125,0.21807732504088673,0.00031747844544056556,0.011094282804573759,0.04290875618256928,0.035179840289036715,0.1284496533504319,0.14937360583058149,0.04712970922680302,0.042882750365121035,0.04516999271289208,0.025659245627301024,0.000200259039497698,0.138768177355467,0.04467779783296373,0.034709817124958624,0.049964724253259436,0.0011890539009342324,0.29698413169976967,0.3284251063319825,0.0004673298810920255,0.028536110418812866,0.14887478916699223,0.018992497396575738,0.0025439021962681595,0.059512158699764235,0.02754232734242495,0.02583206753471284,0.03125140862417324,0.03678323339409216,0.0004673298810920255,0.5098334303765314,0.026638683405232733,0.04293792454619542,0.10654265131845975,0.059512158699764235,0.04335439763638685,0.22447428252242527,0.03383255013211444,0.023422135832909634
70,0.5628335023252912,0.00048364815354357156,0.011753544299964834,0.8209609144704972,0.00036598193040578896,0.7319648762401562,0.7076273966622872,0.3096117817253011,0.41645226996052676,0.3734528081890776,0.07083427358230959,0.0010079906048676684,0.7303623650175913,0.0015246367051295333,0.0005350628605330835,0.7311320792491535,0.4657086511293665,0.009760866786519008,0.011991060917996208,0.8412549362825792,0.2315175583563023,0.7070843222663104,0.7746191694907913,0.42153279511755093,0.0010701700760573378,0.01792521182674147,0.6809001549390582,0.7670507872549845,0.42371516650659397,0.07210338143969942,0.3074289029062776,0.0006116684366527116,0.843367310410631,0.0013203137520635074,0.718959538664771,0.6801932741987033,0.6846265180395615,0.4167369268190997,0.0009889357261311418,0.07083427358230959,0.0015246367051295333,0.2814398667823682,0.45273410234838435,0.7017289610647717,0.0014495597808405084,0.014851075667389255,0.45734686308770434,0.7017289610647717,0.7908694546659364,0.1688659015117831,0.8046931830986751,0.49161238189510087,0.0005568379337208487,0.007358185907368074,0.8655350350214092,0.0007528343136685044,0.001133067492526424,0.07210338143969942,0.2609440680102242,7.634480634648024e-06,0.43649589255359683,0.004933705888619151,0.0013203137520635074,0.8260797129164096,0.3501061931703455,0.028325380069516744,1.0,0.743626476014807,0.02672656416214941,0.0009889357261311418,0.003722890217182953,0.4542230021596798,0.31498442061056253,0.8485222297637682,0.000861354362536321,0.9024943980989911,0.0312180938279443,0.27044662322189233,0.0012483227392190662,0.42820518375708183,0.7004983294366279,0.454991984711878,0.0033951547492333052,0.005547578535679205,0.7210808979491226,0.38604188235641584,0.6846265180395615,0.6039304330661286,0.00024644188679906194,0.0019035678196902142,0.7294847909570399,0.8164401818432567,0.7280597886582532,0.06643491771331905,0.022647757595827562,0.01134704850333637,0.0005350628605330835,0.9267120165188565,0.0022469476776310086,0.5187726158368038,0.0009889357261311418,0.07210338143969942,0.4919664965723512,0.6246946448753288,0.8606016947768662,0.32619765507494636,0.0005350628605330835,0.020148019161124596,0.8372619107736865,0.7029470441756297,7.5370089836201985e-06,0.07210338143969942,0.7046277941024421,0.009249428655388194,0.8260797129164096,0.337225039021144
71,0.5725195722280808,0.0007913736445113013,0.02146049265941345,0.7532611131975601,0.0014133239060005198,0.9459716624748244,0.9263283259195297,0.36977424770985384,0.3649635964971159,0.40217845940161834,0.06394055470692311,0.001306328044035237,0.7801304801581785,0.001451648896419313,0.0017218426284019124,0.9281349690795321,0.4985075826077472,0.016389422440591297,0.022527277200717455,0.7090996263692497,0.23052885252735505,0.9112282243226775,0.7416906762010052,0.48395084926755927,0.0013239609212760363,0.029595773630398118,0.703660205230977,0.7348088961904462,0.4812876103235148,0.06507608296825632,0.3428412894144357,0.001669253919992362,0.746451045989117,0.0012645178514361878,0.8953392532291294,0.6996861696320389,0.8316475406019739,0.4152295960151329,0.0026656166974198363,0.06394055470692311,0.001451648896419313,0.3510021816799235,0.4462694448829473,0.9161572660069598,0.0014356329486343382,0.02787433664625711,0.4138839136213763,0.9161572660069598,0.746616798416271,0.218957705014939,0.8581097329102457,0.501101769806007,0.0016395616232660576,0.014878565621323307,0.7123356986865169,0.0033194120960076978,0.001092433813916264,0.06507608296825632,0.30007799339717117,0.0008589539530125239,0.43007557460199397,0.005517639932753717,0.0012645178514361878,0.7627253443638682,0.353632813667577,0.04896594308654928,0.743626476014807,1.0,0.040053224250858256,0.0026656166974198363,0.0028986099852633977,0.4684880913096477,0.34140812825811195,0.750399545406715,0.002253124182801692,0.7434870122089927,0.04988420909216927,0.3346915095936278,0.0018566534469841888,0.410878612520213,0.8399519427302345,0.47090935676766277,0.004796967543913247,0.009953849612662121,0.7725400809495303,0.3925781416185406,0.8316475406019739,0.601236306582652,0.0015633844171035341,0.004967380890254571,0.8948256403584568,0.7501651128637914,0.9107590056986248,0.06785698201024484,0.03534787955445971,0.01998464674582327,0.0017218426284019124,0.7563860279558933,0.0028604054882905984,0.49687008699906465,0.0026656166974198363,0.06507608296825632,0.49841545859133657,0.6033131745802074,0.746451045989117,0.3565142206784792,0.0017218426284019124,0.034018754601812105,0.7195516013565844,0.8378348130735478,5.451611156076007e-05,0.06507608296825632,0.8342821167683736,0.011028210977469867,0.7627253443638682,0.33230922161768767
72,0.030686930887353744,0.1830486083317653,0.5695663782320362,0.03224658382590481,0.0001645618874553772,0.04193042221906043,0.04361052877785035,0.1817101774418782,0.007547202636619026,0.04419893000692903,0.047432596430646214,0.18045725358514492,0.02857812080520159,0.18778125896608708,9.525728260783339e-05,0.04160654892677244,0.022714808840924323,0.4401766278357897,0.4518028094017333,0.024074564877536328,0.010371549721646257,0.04329126751844373,0.0258251365849081,0.08750507004874028,0.19848737768260757,0.4827657664671214,0.023760309800774745,0.024734342642155537,0.0868748631774595,0.04824558887809094,0.11622480414996192,0.07830509788613783,0.029651944903447178,0.1830486083317653,0.04320408614539189,0.03262512448193841,0.038823988635649946,0.029168575920040872,0.0008750960468972173,0.047432596430646214,0.18778125896608708,0.2180477830392285,0.03083802901677496,0.04288449328586946,0.18877822059471328,0.5112618780661056,0.0036925174564556486,0.04288449328586946,0.02584790933805043,0.32836820201422756,0.03816784080785772,0.03760096934009023,0.0021474279451612695,0.45481041553735396,0.023687917525875513,0.07890988780045322,0.18591438972107147,0.04824558887809094,0.05247072449907914,0.06681349880223747,0.025323276008883122,0.21898479666322226,0.1906670396424204,0.03064470844000963,0.005688891737589163,0.46213775357609965,0.02672656416214941,0.040053224250858256,1.0,0.0008750960468972173,0.1738624149590402,0.019149231386319795,0.00766532361413354,0.030103104967819115,0.006703094119708496,0.024734342642155537,0.6090004021057638,0.22520426381885955,4.335933554694911e-05,0.008492748478032563,0.03700641317915583,0.03594555608701186,0.13121652894244562,0.1824503891721905,0.038642346629675146,0.022908601963777135,0.038823988635649946,0.020190641532151585,0.00020804542214357497,0.12864122453731439,0.0378034480740757,0.03192681420671202,0.04352699902787756,2.1637398421248573e-06,0.2568882225366153,0.5448898581314281,9.525728260783339e-05,0.026396761038084166,0.18695810328216897,0.016586998307317146,0.0008750960468972173,0.04824558887809094,0.017205232162728127,0.020206289973130103,0.029651944903447178,0.024688338089880392,9.525728260783339e-05,0.46855226706570907,0.026287748006354434,0.03733657080027344,0.12199576402232366,0.04824558887809094,0.03736493633367502,0.2554214268326936,0.03064470844000963,0.019785381050314174
73,0.00018510086748894277,0.009489953105554652,0.0017175721026381808,0.00273586878705514,0.9457203521125841,0.0023183239372394694,0.00343320934246769,0.004774488511946929,0.0009830415572617372,0.00014069454345291265,0.03949743744355361,0.009812784691198902,0.0014393908112863652,0.015561556534310971,1.0,0.002993237007081156,0.00021686786949094998,0.00010806768049918,0.004545822724983151,0.0007841913347237239,0.011537536998207235,0.0032106684898450207,0.0018776281859014818,0.0004483391158716898,0.008971214574296296,0.005137015342781543,0.0031592858276280177,0.0017319248315268475,0.00048020977659963144,0.04015448793021487,0.005393683086253336,0.36989988716505956,0.000511460741802002,0.015869528633543812,0.0033424661105808245,0.0011721680524962674,0.003609608600249823,0.0007521635573382757,1.0,0.03949743744355361,0.015561556534310971,0.001177834505959362,0.00272851755410302,0.003618876379410233,0.012945271933341216,0.006438469130069946,1.2700272312500215e-08,0.003618876379410233,0.001982600371609834,3.721031614348938e-05,0.001642709482877419,0.0011036425722274847,0.9112578875882995,0.004214192490858663,0.0010082692120728094,0.003946321690374008,0.016177380071955315,0.04015448793021487,0.0001763859685849819,0.009293002724505332,0.004399464336683829,0.00653007256880278,0.012371779449748693,0.002140644622341368,0.0029588726871967713,0.0025439021962681595,0.0009889357261311418,0.0026656166974198363,0.0008750960468972173,1.0,0.025732614345056044,1.6557244297663426e-05,0.0017235618927852522,0.00033698236129517547,0.8094935310001298,0.0011155617834803535,0.0007572833515441916,0.0011216321665433223,0.9457203521125841,0.00036980696857809254,0.0031677950079979024,2.5364453643666953e-05,0.30598647537332613,0.002928638343142846,0.003216804814033541,0.00018496969713139406,0.003609608600249823,0.0022051262548486005,0.9567928080759931,0.3299709278802434,0.00262899027921172,0.002659385754138841,0.0030784988303721233,0.003755830912829768,0.24872788635051898,0.00029406428109174804,1.0,0.001334474411347435,0.014637089914817455,2.418048105476915e-06,1.0,0.04015448793021487,0.0016911009401057609,0.002142817676809394,0.00029812357396436797,0.00031410288720638027,1.0,0.004886054820217604,0.0012190779762154787,0.004423967843102432,0.009227786574470322,0.04015448793021487,0.0032535586394185404,0.0027221742695227548,0.002140644622341368,4.494941760725304e-05
74,0.0065314667547216165,0.818850641430577,0.2624362889776406,0.003886107946442751,0.037347871851809815,0.003122859690723226,0.003122859690723226,0.11844417828542438,0.009767864108652666,0.0028917238720518722,0.0,0.9210205736289601,0.004033699316417896,0.7785879091704325,0.025732614345056044,0.002158267172075886,0.002017309832265021,0.23235955223290702,0.17595092839194626,0.004047990734328922,0.00856436178578232,0.0022219311577221412,0.002159224330879806,0.06213405548870378,0.7426553187273629,0.1315210563824,1.1375309585386153e-05,0.0019212082734152318,0.061739385425538584,0.0,0.07265249239874172,0.11147718910508264,0.0047392335958509274,0.7785879091704325,0.0023525291908963906,0.00585392573851353,0.0022219311577221412,0.0021096065847347827,0.025732614345056044,0.0,0.7785879091704325,0.11386962189724287,0.007712807741329217,0.002158267172075886,0.7914388755384958,0.1628181068612971,2.7243650357300247e-05,0.002158267172075886,0.0020382242802771083,0.14696259435256148,0.005210200308677495,0.006650617437230493,0.010672115288355084,0.212061761481274,0.0014424824110889957,0.026378032121334733,0.7785879091704325,0.0,0.0016842751685537116,0.002929430134502151,0.012314648007459806,0.5007179185107603,0.7662417641181378,0.004053554565950764,0.021457872339987093,0.15681883614523462,0.003722890217182953,0.0028986099852633977,0.1738624149590402,0.025732614345056044,1.0,0.0018054484019589471,0.017850560571384025,0.004828480036190478,0.0005502853396700207,0.0024186937414516383,0.13965155122959855,0.12511023021820944,0.026045352744595747,0.0009587189446305823,0.0020956816054055684,0.01268534126818048,0.10801569549630936,0.19522166883170802,0.0048153015346764725,0.017669019648326276,0.0022219311577221412,0.000916881763898603,0.03719341947545135,0.09912503733639379,0.0020956816054055684,0.003803974323355204,0.0022219311577221412,0.0012788851888929263,0.0870429121798182,0.26130683110629216,0.025732614345056044,0.0016989068266348721,0.7005866457718766,0.003969298762929633,0.025732614345056044,0.0,0.001309318312413578,0.0005956323124280247,0.0047392335958509274,0.0003302399934102333,0.025732614345056044,0.16350669456595177,0.005102259838627706,0.002754616500008826,0.6177079674806015,0.0,0.002158267172075886,0.4262591126769455,0.004053554565950764,0.006827633748752199
75,0.511372675844838,9.09255952737143e-05,0.006772452220981219,0.4710364063001002,0.0001479547746230283,0.47598352616050726,0.46827830659763797,0.24098124095141857,0.2771167027135526,0.33460783771445923,0.061398798729918276,1.2443095178787026e-05,0.4811687076452994,3.2725898324937973e-07,0.0002466240157371896,0.4776354544423641,0.45227606869357273,0.00990604614917337,0.010643431396132545,0.4392717037819495,0.206853529044568,0.47533741362491966,0.46905101458877224,0.2822898126299719,3.5261644573342895e-05,0.015097975346405133,0.489095513118916,0.4536058768059599,0.2806618638454618,0.062484906109452135,0.28250692977242226,0.00011021926016330863,0.44036951132573265,2.9512194588777102e-06,0.4817278405356911,0.48908077458351285,0.4753101555988663,0.3164859064223305,1.6557244297663426e-05,0.061398798729918276,3.2725898324937973e-07,0.2035311911393576,0.386616748071861,0.4729654536231825,2.1454915459129916e-06,0.009548326500242467,0.3039603931230623,0.4729654536231825,0.4612330157812732,0.1374227913544087,0.4790841939651729,0.48415594203856954,3.1951372411055925e-05,0.005782862402212542,0.4539297209041881,0.0037816754507397727,1.584436206583725e-05,0.062484906109452135,0.2665238415464172,0.0012819430721917355,0.3258673292419126,0.002495684099811992,2.9512194588777102e-06,0.46665274188252825,0.2846635178638931,0.01852333582669328,0.4542230021596798,0.4684880913096477,0.019149231386319795,1.6557244297663426e-05,0.0018054484019589471,1.0,0.258305224022936,0.4354772900490133,1.1124473858273619e-06,0.46382344141874615,0.022041070333322844,0.19949927704727663,0.000560776643341775,0.3198410161475565,0.47490134511071164,0.4285135917990249,0.0020196544447384653,0.01286777935874331,0.4495419652552039,0.29755595655904876,0.4753101555988664,0.4146820918958672,0.00019403562687664405,0.0006059489862907112,0.48116716560412737,0.46905101458877224,0.47468968638237885,0.07973177670265814,0.02490500040495364,0.013666577949132917,0.0002466240157371896,0.4575787673718353,0.00024112722289836857,0.3611374006851407,1.6557244297663426e-05,0.062484906109452135,0.4163095186601155,0.409321731093569,0.44036951132573265,0.2849038308103679,0.0002466240157371896,0.0158622845618512,0.45647294734729665,0.4685047124638265,0.00023123754121051867,0.062484906109452135,0.47183990950491933,0.006409723880526978,0.46665274188252825,0.262328698747545
76,0.26527345189387624,0.022385424177527712,0.0014135145932601754,0.3099275897409067,0.0006332737089643772,0.3295663601365454,0.32845176369989376,0.17245325213417403,0.23667397976583934,0.27629256242515143,0.052304545221732425,0.018570994786664286,0.3344037126699084,0.01554019748464948,0.0005086308515115087,0.33854330250965425,0.2785394556033914,0.00030459248980012105,0.0020692929231749015,0.3176722747734488,0.09853096173662138,0.3286514192802914,0.334740087952682,0.3140161816073292,0.02103972654035488,0.007748863046813538,0.31258696853240686,0.3375001161594216,0.31247496917935413,0.05321308711832127,0.20302900439252705,0.00036152587483621244,0.3337605478738144,0.015923142599089158,0.3357630066722952,0.3046489407146228,0.3429159112400428,0.28206904209715883,0.0017235618927852522,0.052304545221732425,0.01554019748464948,0.17363752832445162,0.31707990839082845,0.33151752429410275,0.01669128023325368,0.0081388414072756,0.22254080243037866,0.33151752429410275,0.33383702714941105,0.11690230222294429,0.3493738724135203,0.27610059188506747,0.0013952590286546356,8.36107135728732e-05,0.3139370301101474,0.0032673592315516213,0.016306851930990792,0.05321308711832127,0.21080764801429236,0.00016164911811843816,0.2508602276250106,0.0024876779123773436,0.015923142599089158,0.30958568334602177,0.36440086395051174,0.023415151085644487,0.31498442061056253,0.34140812825811195,0.00766532361413354,0.0017235618927852522,0.017850560571384025,0.258305224022936,1.0,0.33561329314185445,0.0011955142460598734,0.31976119121628205,0.016036078575067367,0.15264002746696115,0.0009691703494249152,0.22819596504116696,0.34008333174502436,0.24695330354428874,0.00043191700157792375,0.002903623363354263,0.31951723441268076,0.3266654735703614,0.3429159112400428,0.34008164493804544,0.00043527657249276956,0.0004293612931876042,0.3324168556135059,0.3128833933568093,0.3400816449380453,0.032829522675155716,0.011155466618035789,0.0010396466515729722,0.0005086308515115087,0.32415014921105445,0.01439643885714031,0.2685300453912871,0.0017235618927852522,0.05321308711832127,0.3118021852034391,0.3353785947486072,0.3337605478738144,0.2532227428766927,0.0005086308515115087,0.0077858785872522394,0.3315324703485177,0.349332632833891,0.02592602316906936,0.05321308711832127,0.3415419336536783,0.00033300485015132317,0.30958568334602177,0.24334214508259605
77,0.5457062330535555,0.001644713159906944,0.011961905203986687,0.7965779434547794,0.00020194949420641292,0.7380429798794692,0.7380429798794692,0.3046709979074942,0.418569954126985,0.37121508299259026,0.0,0.0031220596900926427,0.6952661575709465,0.003216741146175834,0.00033698236129517547,0.7299814838486832,0.45016648765742523,0.010211628229773336,0.015186115523669278,0.9036127209366235,0.21126798178991704,0.7260010203476696,0.8155090442499758,0.47645727980491576,0.0029782942734970174,0.017172119586780388,0.651621140902293,0.8348475311010031,0.479660267917503,0.0,0.30317229305085075,0.0004439335242517531,0.9879840677768211,0.003216741146175834,0.718136724024782,0.6193508230896659,0.7260010203476696,0.3982122858034535,0.00033698236129517547,0.0,0.003216741146175834,0.3274122116059884,0.42440987370785915,0.7299814838486832,0.0036915972023538243,0.011685553709148429,0.45858339970543444,0.7299814838486832,0.8250597588694274,0.18855063369192893,0.8284707025680293,0.46326755660590824,0.00015694004566861594,0.010799522413823662,0.8648531497755532,0.002042433034995356,0.003216741146175834,0.0,0.23583477723141338,0.0014223191024949487,0.4475169568309683,0.004663141652677943,0.002782024375078081,0.799731679877382,0.3743875427794109,0.03180241015357852,0.8485222297637682,0.750399545406715,0.030103104967819115,0.00033698236129517547,0.004828480036190478,0.4354772900490133,0.33561329314185445,1.0,0.0006495430694829796,0.8593206208672856,0.029882860710426794,0.28730254891234686,0.0009105877083595063,0.41161071816930905,0.733995196401825,0.4518644965656284,0.0022578313284726957,0.002384728427302176,0.722053018662777,0.41082545688285127,0.7260010203476696,0.620309816361011,0.00011951412272293347,0.0017022492077579858,0.733995196401825,0.8015562747079277,0.7260010203476696,0.07459218073771849,0.013060949075627715,0.012053188150072534,0.00033698236129517547,0.8380487923522552,0.0035499931288028004,0.510149381633165,0.00033698236129517547,0.0,0.46826870539693727,0.6461314914945162,0.9879840677768211,0.33709334780039596,0.00033698236129517547,0.016200126353190007,0.8717289330589814,0.758824468966967,0.0002434542991796375,0.0,0.7299814838486832,0.00954613541653244,0.799731679877382,0.3535574552071507
78,0.0001247346960918702,0.004724933823226056,0.010403240124826003,0.002466181871420378,0.7882616784625254,0.0019539157442680878,0.002993519309564332,0.012296551217424435,0.00020326055800599496,2.5157511935346077e-07,0.04226396024112931,0.006361975412416281,0.001227132086961511,0.0018781985858185271,0.8270063707448859,0.002567737583772367,0.0002244881390572906,0.002190150943597669,0.014435973102826358,0.0010523525133922602,0.006556682950475522,0.0028157255678599893,0.0013748666460908965,0.0006928925635155206,0.004559382700471488,0.014189737639552315,0.002954771698487207,0.0012215148690684012,0.0006510262081916541,0.0429753850420761,0.011128337786858136,0.4048660136184873,0.0008674444674648661,0.002555378358915456,0.002905428018612901,0.001883040049167127,0.0030081228717196516,0.0007674679075203451,0.8094935310001298,0.04226396024112931,0.0018781985858185271,0.0069633250392959235,0.0034525536570976373,0.0031741649544491865,0.003084883898510452,0.01606390396579656,0.00012083132715454776,0.0031741649544491865,0.001442285936904403,0.004370745385396924,0.0019029992661536734,0.00026408672116338977,0.8308317448415692,0.014533468562150924,0.0008377649439501094,0.0023957026127757624,0.002352657266713848,0.0429753850420761,0.00010925541900189489,0.010536360866306124,0.00584507500398991,0.0030952220455503126,0.002555378358915456,0.0019433394964847748,0.0015690890638265275,0.011466093874112624,0.000861354362536321,0.002253124182801692,0.006703094119708496,0.8094935310001298,0.0005502853396700207,1.1124473858273619e-06,0.0011955142460598734,0.0006495430694829796,1.0,0.0007339378100028956,0.004747298309396611,0.007074265138269514,0.8221431731128104,0.0002148871243509237,0.002590586234806587,6.97771174672264e-05,0.33751228555212465,7.732996827044016e-05,0.0033619233993416164,5.064342087974965e-07,0.0030081228717196516,0.0015397229586647135,0.7980237205397684,0.36066855008924265,0.002184709595622223,0.0023905247662527754,0.0026499760038779323,0.0034377617074944494,0.257651774975308,0.005583807670901289,0.8270063707448859,0.0009422944535614933,0.0016046031967684453,5.0281798792953564e-05,0.8094935310001298,0.0429753850420761,0.0020550576607307005,0.0017565399547960854,0.0005924056084533461,0.00046300184594183383,0.8270063707448859,0.012693182364200518,0.001544334168506097,0.003659859608160759,0.006383275032209581,0.0429753850420761,0.002671326716998323,0.0038739812757404343,0.0019433394964847748,0.0005230157675490395
79,0.5615492533131077,0.00017977702464656482,0.010411597451138366,0.835473913081036,0.0002854929043362037,0.7317242669354228,0.7077380501206415,0.2990413698231752,0.41830609791162743,0.36900224534166765,0.07132280422441772,0.0005181931867409946,0.7311313285997838,0.0009281345773204643,0.0004370128596489804,0.7142305367221219,0.4607464111997624,0.009335518034508892,0.012077108940617346,0.8631038015698635,0.2287107085623685,0.7074743375796093,0.7794204319858119,0.41150597123001453,0.0005554142237285651,0.01629280323473422,0.6721198590545358,0.771119546047487,0.41364491913743723,0.07260135341087492,0.2969837089594019,0.0005965894305839937,0.8539902538850207,0.0007723751068686876,0.7023928034053817,0.6608719821327604,0.6978521599553024,0.40081202689597495,0.0011155617834803535,0.07132280422441772,0.0009281345773204643,0.26983478261135607,0.4480056918868306,0.7019204150202532,0.0008771284050255823,0.013385374933092341,0.46309506933442174,0.7019204150202532,0.7871858342481538,0.16327661014284195,0.8051268282996515,0.4783256011632923,0.00045770804941348554,0.006917592322570412,0.8997342677362349,0.0009153929062846808,0.000632645630546531,0.07260135341087492,0.2610039396049849,1.0186816319688428e-05,0.42992181567270227,0.0037463963574173105,0.0007723751068686876,0.8412969350521031,0.34977705764195255,0.027319034310849435,0.9024943980989911,0.7434870122089927,0.024734342642155537,0.0011155617834803535,0.0024186937414516383,0.46382344141874615,0.31976119121628205,0.8593206208672856,0.0007339378100028956,1.0,0.02904770328683226,0.26252684957224587,0.0010941144671241922,0.43111962248929686,0.7062270173686502,0.4633876531435387,0.002973759326656935,0.005627919028860999,0.7032960269751751,0.38496016087816604,0.6978521599553024,0.6030812744977535,0.0001815723895421809,0.0018492726182280804,0.7368020055177231,0.8397470424820761,0.7112441346067545,0.06781950108558783,0.02393426032521949,0.010897212589323212,0.0004370128596489804,0.879344061985478,0.0014980082142402446,0.5117365322792641,0.0011155617834803535,0.07260135341087492,0.4865084071945181,0.6233974646218255,0.8713943862799837,0.33428912589198956,0.0004370128596489804,0.02021201873125013,0.8590009618815894,0.7159505789100974,3.544068417938683e-05,0.07260135341087492,0.7105014415351868,0.00744038381354444,0.8412969350521031,0.33538733943795757
80,0.03215985900818794,0.13681430924845714,0.43464095832541555,0.03705936021281859,7.822870431125343e-05,0.05340664769782421,0.05450668603445795,0.1826935384063105,0.008302687893605791,0.05866930932011601,0.05862688761142139,0.13027173886317062,0.037830895757202575,0.1346600018044473,4.984856003877251e-05,0.051900904434217764,0.02456510054134601,0.3953870119290278,0.41131946775638567,0.02806622095306912,0.01445870828696119,0.05454215858975601,0.033044968013013126,0.09172982614027264,0.13791163591093727,0.5129356797495197,0.027906112378558483,0.032430567466060656,0.0909862729173014,0.0596589942072672,0.1194459280371799,0.056089282515569036,0.02934648347250649,0.13062751286637928,0.053977826883626664,0.03836238098372335,0.04890231002544868,0.039496533702087784,0.0007572833515441916,0.05862688761142139,0.1346600018044473,0.2314479052186989,0.03596580111221511,0.05401039377756326,0.13489705886717487,0.48976903149192097,0.002079571457728909,0.05401039377756326,0.032734254854724545,0.33074799924439696,0.04194294458616592,0.04363324848516272,0.0015601927683279876,0.3988407247978925,0.028506198391971126,0.07845680830416905,0.13276292597840025,0.0596589942072672,0.0684590676346395,0.09561050578346283,0.028417327968061925,0.17856229806620946,0.13681430924845714,0.03577147798039945,0.0097631889780542,0.4649588065761125,0.0312180938279443,0.04988420909216927,0.6090004021057638,0.0007572833515441916,0.13965155122959855,0.022041070333322844,0.016036078575067367,0.029882860710426794,0.004747298309396611,0.02904770328683226,1.0,0.2358220769001983,1.0866898829385621e-05,0.007723171368837412,0.046531817303400225,0.03471106972208562,0.09481841544393163,0.19535882438630167,0.0495717286976482,0.028789385218570843,0.04890231002544868,0.024232099835304676,0.00011521002027432565,0.09583324556810431,0.04841012734603568,0.036663615477837364,0.053949753696294185,3.8542426471747705e-05,0.22520158872202603,0.4017402984734539,4.984856003877251e-05,0.031457931641852455,0.1220728645770069,0.014463708075915573,0.0007572833515441916,0.0596589942072672,0.019711075098979673,0.024402896529821274,0.02934648347250649,0.03488779097499414,4.984856003877251e-05,0.46304752288358414,0.02940424427807316,0.04655123876974915,0.07789443719080391,0.0596589942072672,0.04699912097623355,0.1839643029177293,0.03577147798039945,0.019332238094751136
81,0.25626094499889995,0.1326318216666766,0.19108831093842263,0.2868927341716193,0.00016144110777225625,0.34078046561804937,0.35405194211861757,0.6511452184770703,0.15324096673119597,0.27887566424751625,0.0741407041712014,0.12581375164501127,0.29705532399905504,0.13930521855246658,0.0004966218255864301,0.3471868100935153,0.2073504707850689,0.1616881837709533,0.1764896918666643,0.2669911035981229,0.1211973189073794,0.3524329680181701,0.274963087633093,0.440955984909778,0.11245863652894865,0.1898905887086082,0.2518944718545097,0.2724756541518909,0.4380127397157126,0.0754736495789084,0.3085370738184326,0.04114203280151983,0.28496367573309395,0.14097759734728219,0.3518250308444029,0.32169924195197847,0.33599973484966444,0.24126940161081137,0.0011216321665433223,0.0741407041712014,0.13930521855246658,0.7699866763347087,0.21597023023558778,0.3543623987420543,0.1443137136722809,0.20408729792077654,0.12331705127247546,0.3543623987420543,0.27877786996539206,0.5819632617919479,0.3282049798830509,0.2599607544713891,0.001671231856752201,0.16224845174730573,0.25711055860349,0.044554381529792624,0.14264707443675936,0.0754736495789084,0.21488738483387504,0.025980618416392494,0.2160921677557553,0.14896252159550544,0.1326318216666766,0.2848931042515366,0.15762897652969166,0.21807732504088673,0.27044662322189233,0.3346915095936278,0.22520426381885955,0.0011216321665433223,0.12511023021820944,0.19949927704727663,0.15264002746696115,0.28730254891234686,0.007074265138269514,0.26252684957224587,0.2358220769001983,1.0,0.0005401020811593352,0.13951447379484663,0.33389883184553126,0.23426663240112625,0.05507712834782495,0.1076261534428664,0.31177185326905454,0.2125671215205111,0.33599973484966444,0.2146724426804781,0.00022031131126535667,0.06005177866428975,0.32644210275744223,0.2852480344393997,0.34935924252789546,0.014661881866978114,0.14746373425665707,0.202979086038375,0.0004966218255864301,0.27139104026821553,0.11188660078499844,0.17603750674707572,0.0011216321665433223,0.0754736495789084,0.1882559335099546,0.21517472954358655,0.28496367573309395,0.1901770330859887,0.0004966218255864301,0.21324063806478472,0.27627738190851425,0.3280585773865187,0.08879726839233763,0.0754736495789084,0.3319676242630924,0.10076986151871918,0.2848931042515366,0.16994300612339683
82,0.00021096640990611126,0.01843056424662347,0.00036530367793443573,0.0018478490202140873,0.9225245064182794,0.00168818071742389,0.002171067876176997,0.0048456508497597296,0.002468319308552778,1.473526429225508e-05,0.0,0.020762732297382847,0.0006852302533292168,0.025573562031500463,0.9457203521125841,0.0023955904309912756,0.0018142447985215401,0.00016892684298571746,0.003076616742113003,0.0007434979601588867,0.010574134752615344,0.0019894827968700546,0.002183391477488195,0.0013774301809743774,0.014456012349572686,0.0034039681704287443,0.0033134313260191066,0.0022609792531449934,0.00146074963080434,0.0,0.00626965767178846,0.34496418538491636,0.0011819855446020876,0.025573562031500463,0.0027551719764317777,0.0013221550509961446,0.003095309572776379,0.0002464135588190395,0.9457203521125841,0.0,0.025573562031500463,0.00026312833402028816,0.0014134821858476359,0.0023955904309912756,0.025042292625756142,0.003793730319510848,0.00012407205779852034,0.0023955904309912756,0.0024844604030551842,0.00012682672883480072,0.0017515147722434535,0.00036724016187384144,0.8682632522729213,0.0036037346593790036,0.0010210087941875928,0.005481678748100757,0.025573562031500463,0.0,1.473526429225508e-05,0.004848339204083124,0.006052216189122536,0.006834593269495059,0.020425025654837232,0.001589155554767894,0.0033562606079083905,0.00031747844544056556,0.0012483227392190662,0.0018566534469841888,4.335933554694911e-05,0.9457203521125841,0.026045352744595747,0.000560776643341775,0.0009691703494249152,0.0009105877083595063,0.8221431731128104,0.0010941144671241922,1.0866898829385621e-05,0.0005401020811593352,1.0,0.002548171099178478,0.0028378646786772718,0.00021158410274772172,0.30963872273625487,0.002528180832779524,0.0026322423495890638,0.0018594805785288463,0.003095309572776379,0.0008197848986887086,0.9120800133529917,0.3045806210569103,0.0017856491225660338,0.0017515147722434535,0.002512389282740117,0.014547959253176845,0.23407225020249786,0.0002105961489028603,0.9457203521125841,0.0014132947050356517,0.02397721989179236,0.0007114045816540833,0.9457203521125841,0.0,0.0004237465648262154,0.0005680398115758861,0.0008452308799919892,0.0008804012654472774,0.9457203521125841,0.003278116541314013,0.0011219183947339354,0.003922700095328149,0.013520557951358154,0.0,0.0029650442497732347,0.0029076624149640133,0.001589155554767894,0.00011410608678530108
83,0.36906068522852,0.0014959944472916313,0.0028406753656222724,0.4046249796340343,0.003773700336878328,0.40406366687401224,0.39540890288460717,0.13093926666002353,0.3559759896082698,0.2251143349833938,0.0700256535676676,0.0024259760206226484,0.4400980635909446,0.003106780759760129,0.003324019129330615,0.39739321703317804,0.381959341732455,0.0004423450211581696,0.0026782319942087736,0.4069539267521785,0.1930756153460754,0.3979002599319403,0.4114521613433862,0.25700672538598196,0.001217372966980404,0.0025987791063304495,0.4381895760359845,0.39979287554720044,0.2587640817965699,0.07127912693079218,0.1391848640897976,8.532096456718821e-05,0.414967300970352,0.0036066011481793673,0.38863135142794825,0.4024345339656987,0.3777610536648829,0.2755666409336428,0.00036980696857809254,0.0700256535676676,0.003106780759760129,0.16236661460840493,0.34898944023452627,0.3955522541906237,0.002971424479945491,0.0023784975357991575,0.5213463188159599,0.3955522541906237,0.4077499945268833,0.09286268069862143,0.4088821034799759,0.30846794169813363,0.0008962538990024858,0.001132982700521483,0.4148978751640349,0.009195351395744653,0.003279192148749542,0.07127912693079218,0.15067786393252977,0.02740282426584955,0.26124427511659293,0.0019047397027518354,0.002803856212407426,0.40634560473246656,0.29320159738350376,0.011094282804573759,0.42820518375708183,0.410878612520213,0.008492748478032563,0.00036980696857809254,0.0009587189446305823,0.3198410161475565,0.22819596504116696,0.41161071816930905,0.0002148871243509237,0.43111962248929686,0.007723171368837412,0.13951447379484663,0.002548171099178478,1.0,0.3759547155190916,0.31042806359291103,0.00014624727135041668,0.0035344378009142534,0.42521814701713506,0.3097402690643761,0.3777610536648829,0.5484518855349444,0.003545802244289957,0.0010232383709226642,0.406232386844904,0.4025975866134144,0.3951888037461849,0.049712861083680164,0.006016673681596865,0.0007535630228896134,0.003324019129330615,0.4385251663893316,0.0032534122867004267,0.6917827325042629,0.00036980696857809254,0.07127912693079218,0.3898556449225172,0.5573691370977609,0.414967300970352,0.3317748689763602,0.003324019129330615,0.0043569732246948305,0.4145879607345204,0.3869221857146985,2.4928427042382917e-05,0.07127912693079218,0.3780107420453607,0.003633027558530246,0.40634560473246656,0.29481559734126234
84,0.5575986398654975,3.1649178643373655e-05,0.016799989046383117,0.7116795841407085,0.002281823827209414,0.8456981431396225,0.8337737259369047,0.3843673455022546,0.3570714584865814,0.4086891326278914,0.0663916255979458,0.0001689788652790608,0.7082945449495269,0.0002416906849206855,0.002670735727711706,0.8538635898413622,0.45640416188355165,0.01759196213002519,0.022603782021797365,0.6748495789039486,0.2313456217262124,0.8327850608095563,0.779663121561007,0.4446943624585436,0.00016862010082578264,0.03005977916083952,0.694726715759994,0.7872933178797539,0.4421246634036875,0.06757472448231497,0.35032565798349263,0.0010098416608508955,0.7302042194909603,0.0001707505431904303,0.8730852099959789,0.7049309504775809,0.9640147958970084,0.39024099263369566,0.0031677950079979024,0.0663916255979458,0.0002416906849206855,0.32894298616100226,0.4520780423988281,0.836633636291649,0.00024096985691135335,0.025588088015521922,0.40363494064400207,0.836633636291649,0.8009429376836057,0.20215735972057505,0.83707188781408,0.49084989581122923,0.0019912180147002496,0.014738442594574491,0.6830439060307687,0.004533833295199109,0.00011275506369091895,0.06757472448231497,0.2931622300103241,0.0015677249642023394,0.42465359354778426,0.004969418305261937,0.0001707505431904303,0.7138420508983825,0.35215946867091896,0.04290875618256928,0.7004983294366279,0.8399519427302345,0.03700641317915583,0.0031677950079979024,0.0020956816054055684,0.47490134511071164,0.34008333174502436,0.733995196401825,0.002590586234806587,0.7062270173686502,0.046531817303400225,0.33389883184553126,0.0028378646786772718,0.3759547155190916,1.0,0.4478442893628924,0.0059348730551452445,0.012358845472060412,0.696309626621885,0.3651407854207085,0.9640147958970084,0.5574522566775673,0.0024719530387760673,0.0039199262350704716,0.8272969682623064,0.7085292349341918,0.8606180412382435,0.06969941981031594,0.035962037240595865,0.02128936150385083,0.002670735727711706,0.7001407107376845,0.0009448202537853304,0.4567825993535036,0.0031677950079979024,0.06757472448231497,0.45505025132390026,0.5575986398654975,0.7302042194909603,0.3363060145305085,0.002670735727711706,0.031390466481062314,0.6710694477316717,0.93493795435109,0.0004997000862931739,0.06757472448231497,0.9908166851273618,0.009985276903456868,0.7138420508983825,0.3003962389568939
85,0.4297517042228128,0.008323779505116658,0.01842111041191541,0.4777975580356583,0.0006591500177959002,0.4734199765562161,0.46307664403860516,0.26770004983296475,0.3080748083286269,0.3092460930740667,0.06685798404156922,0.009337669908379002,0.4759326007893722,0.011764775800170444,0.0004831620392979908,0.47590338900144863,0.41344069553339063,0.014413670531770817,0.01796401678280674,0.44466727103181947,0.19561793914158934,0.4656802567674318,0.45579126758175825,0.36438942187423884,0.01133191980106697,0.021852095681802356,0.4351769674928811,0.4345475659094718,0.3622300207225286,0.0680501244491806,0.24215643429205422,0.003109301234371901,0.4559558241396478,0.01111701516636384,0.4707329727075435,0.4448235936125118,0.45441304576987046,0.3805148636244166,2.5364453643666953e-05,0.06685798404156922,0.011764775800170444,0.2525231022208413,0.4245805155521187,0.4631030731410608,0.011344267604293946,0.020660802865160196,0.286300577888224,0.4631030731410608,0.4474124212983902,0.1649884045036704,0.44834636872508066,0.41549394734658207,5.13127685327488e-05,0.014078146912908138,0.4470424628199523,3.0164796261691573e-05,0.010496696938025131,0.0680501244491806,0.2111230600198733,0.0018025773880037234,0.37507520238329656,0.017925224362816353,0.01111701516636384,0.47437803509615406,0.2654415824097576,0.035179840289036715,0.454991984711878,0.47090935676766277,0.03594555608701186,2.5364453643666953e-05,0.01268534126818048,0.4285135917990249,0.24695330354428874,0.4518644965656284,6.97771174672264e-05,0.4633876531435387,0.03471106972208562,0.23426663240112625,0.00021158410274772172,0.31042806359291103,0.4478442893628924,1.0,0.005246710684495943,0.01099970774589444,0.46906895930099246,0.37220416193093286,0.45441304576987035,0.4052931219168052,0.0005679529467600005,0.005892145578582741,0.4713394696723695,0.47559092780992734,0.4733120190726399,0.07493425084847574,0.03104552199876909,0.017830131089700583,0.0004831620392979908,0.44552387553921585,0.017529207587896216,0.3643514920167131,2.5364453643666953e-05,0.0680501244491806,0.35730148735412837,0.40199139470572876,0.4559558241396478,0.263145475500174,0.0004831620392979908,0.026965479239800767,0.44762271173888263,0.4459601962170778,0.002592623240743114,0.0680501244491806,0.45011051595266754,0.017612929439945902,0.47437803509615406,0.3244440802725879
86,0.0018229831843763263,0.10134121124956808,0.14496052841156054,0.0038464094017427236,0.30963872273625487,0.005025433790365985,0.005637909171007341,0.0645711456472029,0.0003507174375784678,0.00023422860307931433,0.0,0.1003349607480634,0.003949227203720542,0.11653211508735004,0.30598647537332613,0.005593517720873045,0.0019151248565571408,0.15725290265142047,0.2082925531398732,0.0023255135058710534,4.0404689836408734e-05,0.005261614755012027,0.003195422053753532,0.013705255681885227,0.08701922526150459,0.12807782022422765,0.0012861904123646702,0.002820294910499728,0.01324155465885208,0.0,0.021252415335519647,0.5187870019865511,0.0024718284831253346,0.11653211508735004,0.0065090085750303065,0.006688656705365945,0.006554204425295,0.003245977215419358,0.30598647537332613,0.0,0.11653211508735004,0.04898658557071633,0.008677170882253386,0.005593517720873045,0.114748473596264,0.1734758216630326,0.0002052727160161531,0.005593517720873045,0.0032347796816800754,0.06664068711512063,0.0036170240410645484,0.003753133770374355,0.3206824784656426,0.27289087163553216,0.0023608367885182254,0.003742984838432734,0.11653211508735004,0.0,0.0017695516384235738,0.018972446228210656,0.008432957254579475,0.12318973324796889,0.10841821720564401,0.0038042722286389537,0.00013641967204601008,0.1284496533504319,0.0033951547492333052,0.004796967543913247,0.13121652894244562,0.30598647537332613,0.10801569549630936,0.0020196544447384653,0.00043191700157792375,0.0022578313284726957,0.33751228555212465,0.002973759326656935,0.09481841544393163,0.05507712834782495,0.30963872273625487,0.00014624727135041668,0.0059348730551452445,0.005246710684495943,1.0,0.08065113980400247,0.006195298291236163,0.0034360050685134087,0.006554204425295,0.0011767553177947931,0.30781084463240993,0.5778685943379859,0.0047110462918651085,0.0036170240410645484,0.005890159550573062,0.004143612589956889,0.4706698786819567,0.14469716177658856,0.30598647537332613,0.002471898217824477,0.09283140840827664,0.0002142929122282513,0.30598647537332613,0.0,0.002528073998298354,0.0008918280529288318,0.0024718284831253346,0.00010345780965595884,0.30598647537332613,0.17950174830580837,0.0037309113996084053,0.006071181043610886,0.07013719040850597,0.0,0.006240280384261948,0.10694452026552984,0.0038042722286389537,0.0008473928441726871
87,0.01207233135665533,0.1351309547846318,0.1727462932460285,0.010007065313638774,0.0032168523363822563,0.012324362644013247,0.011829256444749928,0.14518597011553783,2.8736066392514883e-05,0.010103181138813581,0.055778765030735984,0.13363257148729793,0.007331239039017248,0.13907679552377267,0.002235583403798485,0.010763234090002603,0.003191188142821679,0.20527834163023115,0.21577945661766063,0.005982246455707017,0.006907562841313322,0.01173935703159192,0.007360750267804271,0.019345973660097833,0.1334592193550658,0.1806969761218458,0.00031543804755745604,0.007217214968047436,0.019053928555868786,0.056755273841391264,0.0652299164132252,0.029387829180523618,0.002263813250733624,0.1351309547846318,0.01236364484740724,0.004225072057488375,0.011222391532765842,0.001475532989248823,0.002928638343142846,0.055778765030735984,0.13907679552377267,0.0872580323545162,0.0029447774061969836,0.01152126478349631,0.13966499672003208,0.2082247260665849,0.007458725177952928,0.01152126478349631,0.007288161809291269,0.12517986493402322,0.004186051597397275,0.007105628145535272,0.000840845892045082,0.21805377703098447,0.006014595136679153,0.10860136669528389,0.13739851414286092,0.056755273841391264,0.049187996778526755,0.19743989335221043,0.0011906789716812282,0.13188381876827956,0.1351309547846318,0.009259354296313912,0.005940081122473377,0.14937360583058149,0.005547578535679205,0.009953849612662121,0.1824503891721905,0.002928638343142846,0.19522166883170802,0.01286777935874331,0.002903623363354263,0.002384728427302176,7.732996827044016e-05,0.005627919028860999,0.19535882438630167,0.1076261534428664,0.002528180832779524,0.0035344378009142534,0.012358845472060412,0.01099970774589444,0.08065113980400247,1.0,0.01044426368563968,0.00014176751463581581,0.011222391532765842,0.00042061437047727276,0.0030506915931694588,0.04130958060512289,0.010830099232288788,0.009818580219962935,0.011701794266187464,0.00019764865306677305,0.12879853223331508,0.20454178905996112,0.002235583403798485,0.0037187248652430453,0.1144228324895035,0.0011775123655565992,0.002928638343142846,0.056755273841391264,4.69101713169551e-05,0.00043431789000108686,0.002263813250733624,0.00039766064544619235,0.002235583403798485,0.2432252143719761,0.006560425799054293,0.010305024885941535,0.11015578794262679,0.056755273841391264,0.012577498730753426,0.14970852519007888,0.009259354296313912,0.0001005878322905
88,0.5286637208528427,0.0022184825047126054,0.018258891048951186,0.73720417587222,0.0012044579930631117,0.7588049244012557,0.7707810126974789,0.3408012334654148,0.3936608280429166,0.3813457468614698,0.06051597011152252,0.0030413575471732028,0.7921522901173799,0.0032671642351259915,0.001944873839247,0.752535115421335,0.5295986486418903,0.014079547082913705,0.023740674113000678,0.657871075357046,0.2306979598359009,0.7736179329199471,0.705732241812739,0.45266975008377003,0.0030684845203759106,0.028610009145889088,0.7120735351867108,0.6939841561077292,0.45032426429114647,0.06158489057103361,0.3372318209898447,0.0024131702616923996,0.7183713590915031,0.0029812815044264022,0.7420291728096661,0.75402614723105,0.6957267858132762,0.4155279758893111,0.003216804814033541,0.06051597011152252,0.0032671642351259915,0.33362265858053014,0.4339013671690239,0.7697830522260958,0.0032455847196577532,0.026174612808297748,0.44430684329491993,0.7697830522260958,0.7136360476628467,0.20843121499061001,0.7768287283542282,0.5407576613086509,0.002532710552726125,0.016765941585244887,0.6834685867796452,0.0004243984905356516,0.0027119445101108446,0.06158489057103361,0.2751616462143905,0.00028910742849995165,0.4567089648018089,0.0053639317908922915,0.0029812815044264022,0.7352620476819086,0.330497077774669,0.04712970922680302,0.7210808979491226,0.7725400809495303,0.038642346629675146,0.003216804814033541,0.0048153015346764725,0.4495419652552039,0.31951723441268076,0.722053018662777,0.0033619233993416164,0.7032960269751751,0.0495717286976482,0.31177185326905454,0.0026322423495890638,0.42521814701713506,0.696309626621885,0.46906895930099246,0.006195298291236163,0.01044426368563968,1.0,0.39752889544376036,0.6957267858132762,0.5896737997657179,0.0013406724991403922,0.006653776275807373,0.7434564975456199,0.7344658136011707,0.7560967650747864,0.07264790703937947,0.036821041224120596,0.015742670980452907,0.001944873839247,0.7297306880665493,0.0032920560715294094,0.5025861105271338,0.003216804814033541,0.06158489057103361,0.46517349650362105,0.5953812467466516,0.718371359091503,0.34302826885052035,0.001944873839247,0.0347864228405332,0.6766421002438068,0.7277562076704865,0.00012694064635465925,0.06158489057103361,0.6992548373588111,0.01049826611302318,0.7352620476819086,0.36029782252907255
89,0.35697147512765953,0.010287885485078833,0.012265765192826147,0.3796921195939304,0.002935318487390817,0.381344041706914,0.38035175677665783,0.24681375872805414,0.3474848047431246,0.26666230086157977,0.06592745891980922,0.013175015197664112,0.41439445186855467,0.015843330163109945,0.0025474128293838405,0.3920478845621881,0.35479043568080043,0.014261704726120896,0.014416785744074184,0.36925620268219334,0.1754326742492176,0.38673564119001147,0.3778765665207818,0.42111013902252475,0.011962262528439606,0.016590071942928854,0.35869538994117545,0.3679322059956822,0.42350339316662877,0.06710155573478155,0.219201907705874,0.003199472788640852,0.4080916639978043,0.01506844530048093,0.39159851557837183,0.4172855786735393,0.3704349448737811,0.44018735808979575,0.00018496969713139406,0.06592745891980922,0.015843330163109945,0.25256422087574,0.38715218631840215,0.38459065429317174,0.013609595275421603,0.018705482913315464,0.2776069895816826,0.38459065429317174,0.37496181268492645,0.1740405040367765,0.3989500958115884,0.3752975086378928,0.0003812946618604061,0.011311221376398782,0.3751779716234492,7.2552933830250485e-06,0.014324285391602926,0.06710155573478155,0.14449081796981314,0.002262074350313789,0.37446274451692774,0.012541891430821695,0.01506844530048093,0.37659814750269405,0.3077567066265511,0.042882750365121035,0.38604188235641584,0.3925781416185406,0.022908601963777135,0.00018496969713139406,0.017669019648326276,0.29755595655904876,0.3266654735703614,0.41082545688285127,5.064342087974965e-07,0.38496016087816604,0.028789385218570843,0.2125671215205111,0.0018594805785288463,0.3097402690643761,0.3651407854207085,0.37220416193093286,0.0034360050685134087,0.00014176751463581581,0.39752889544376036,1.0,0.3704349448737811,0.42189266587950486,0.0033511489483846325,0.0061220140878159406,0.38465835529143216,0.3778765665207818,0.3896865652337455,0.023171357520943413,0.01834186429429594,0.010897212589323212,0.0025474128293838405,0.39459488697088485,0.018366131231472554,0.3634204861971143,0.00018496969713139406,0.06710155573478155,0.40942142973076645,0.42820363047648,0.4143557511262377,0.251623534751587,0.0025474128293838405,0.02274629367029626,0.38451045473815587,0.3722041619309329,0.005719388709694639,0.06710155573478155,0.36703073965021366,0.018519295599689622,0.37659814750269405,0.332650469113472
90,0.5593522125511234,6.328423097664504e-05,0.0178263120148803,0.7024713631917944,0.002512389282740117,0.8465735014876514,0.8326639224889872,0.39199615035045027,0.356016103102669,0.41742847635945307,0.06561921497380734,0.00023200744842456119,0.709041384582903,0.0003201230007622041,0.0029189810271812787,0.8639386898589336,0.4598480540343478,0.018214024063539013,0.024167442660141092,0.6608045190908143,0.23442889404967154,0.8409969588285814,0.7789270652681567,0.4498025348816777,0.00023032721997831828,0.03088363976395875,0.6853468729527346,0.7791517527686455,0.44724101571027514,0.06678733201259364,0.35717647133806146,0.0014030215947434049,0.7222836904513036,0.00023772356048164557,0.8801813270086237,0.7135052526845648,1.0,0.3978124898877828,0.003609608600249823,0.06561921497380734,0.0003201230007622041,0.3352903281008466,0.4608625201628889,0.8450308404145966,0.0003206487465246607,0.026213507792041246,0.398585605379075,0.8450308404145966,0.7922935407865868,0.20818367047593742,0.8269724638424574,0.49735667047226423,0.0023497910100948156,0.015881231929340836,0.6682104042887191,0.004465774877976504,0.00016835792928243545,0.06678733201259364,0.29226276158783526,0.0015155327897401344,0.4253380995085758,0.005230430719381492,0.00023772356048164557,0.7043427848201181,0.36059925731546555,0.04516999271289208,0.6846265180395615,0.8316475406019739,0.038823988635649946,0.003609608600249823,0.0022219311577221412,0.4753101555988664,0.3429159112400428,0.7260010203476696,0.0030081228717196516,0.6978521599553024,0.04890231002544868,0.33599973484966444,0.003095309572776379,0.3777610536648829,0.9640147958970084,0.45441304576987035,0.006554204425295,0.011222391532765842,0.6957267858132762,0.3704349448737811,1.0,0.564502086482672,0.0027113479026823787,0.004730260175370345,0.8300001675360283,0.6994292751210333,0.8702932357025186,0.07111569929506087,0.03667883585657449,0.02196253446490265,0.0029189810271812787,0.7055420753397127,0.0010948299781223722,0.45875668679447656,0.003609608600249823,0.06678733201259364,0.45931122003000696,0.5593522125511234,0.7222836904513036,0.3424449204879283,0.0029189810271812787,0.03330072722219964,0.6568369959362852,0.94716550091618,0.0004048806562539751,0.06678733201259364,0.9548079250425839,0.010325386830570257,0.704342784820118,0.3062108091166804
91,0.47965027977056973,1.0359789476581127e-07,0.009803430751463891,0.5746538278442332,0.0005350819237433498,0.5853783142485461,0.5778371835341685,0.2406299788884444,0.355836037194972,0.33682792036552145,0.06318655667045932,0.00020851475796311285,0.6059594653791918,0.0003226008310778846,0.000728791213856745,0.5941219268160798,0.4790273187346596,0.007063511678434386,0.008273425129078015,0.5786148139380802,0.2312844041770956,0.5867889121031362,0.5783590514886467,0.3765743692731847,0.00019736704932841917,0.011316515663684721,0.7402529827633314,0.5596024451001832,0.3789569290831306,0.06430743410717397,0.270872153689474,0.0004747177540680877,0.6261825738030155,0.00024159445931808975,0.5810473655561846,0.6053398707913925,0.5645020864826719,0.380348038042501,0.0022051262548486005,0.06318655667045932,0.0003226008310778846,0.24995991262957332,0.4669632675140422,0.5837749353885421,0.00011656022026202788,0.00847630924911257,0.4787889905738804,0.5837749353885421,0.5749356655965464,0.14290200205378117,0.6583282987813779,0.42645487265373333,0.0012995432745283456,0.0033306731138194818,0.5905955689410023,0.0004734503595354895,0.0001730625554908905,0.06430743410717397,0.2225021088336953,0.009239156751553516,0.36372154162371634,0.002431511729550877,0.00024159445931808975,0.575831562736663,0.3988204572979953,0.025659245627301024,0.6039304330661286,0.601236306582652,0.020190641532151585,0.0022051262548486005,0.000916881763898603,0.4146820918958672,0.34008164493804544,0.620309816361011,0.0015397229586647135,0.6030812744977535,0.024232099835304676,0.2146724426804781,0.0008197848986887086,0.5484518855349444,0.5574522566775673,0.4052931219168052,0.0011767553177947931,0.00042061437047727276,0.5896737997657179,0.42189266587950486,0.564502086482672,1.0,0.0006279601844843386,0.0024476702532591657,0.577967893099224,0.5722543978449746,0.5908171276384532,0.055000594611895354,0.013974341812014646,0.008188272098723835,0.000728791213856745,0.6215378682427429,0.0010955946347909029,0.6651603377492636,0.0022051262548486005,0.06430743410717397,0.5453648345163349,0.8879610063496817,0.6261825738030155,0.4062883444265776,0.000728791213856745,0.011360876833408893,0.5874659401105212,0.5735961623700243,0.0008205749593857657,0.06430743410717397,0.5541305238605614,0.008852547852423256,0.575831562736663,0.34320075301762837
92,0.0005798915505881289,0.02380226204514156,0.0007657406088585812,0.0008288894504005556,0.9845965595588476,0.0014062528769268356,0.0018513839626202566,0.0037871053038791864,0.004740608116278718,6.647924539562931e-05,0.0,0.027604501042875908,0.0002814013328748601,0.032653022095344736,0.9567928080759931,0.0020580525551967582,0.0028457813423223193,1.7226192880251603e-05,0.003286644915833835,6.164566794807911e-05,0.011818896822501947,0.0016808431495960493,0.0007253936343927051,0.002752571952095792,0.019533621678400333,0.0036480893425516344,0.0029346486492515442,0.0007763833179973258,0.002868199488575508,0.0,0.005055616122601475,0.3430574714386657,0.00023061109891265018,0.032653022095344736,0.00239047578597107,0.001051633393589278,0.0027113479026823787,2.0904319272126676e-05,0.9567928080759931,0.0,0.032653022095344736,6.507155731786997e-05,0.0007220434729722766,0.0020580525551967582,0.032098968357416775,0.0033637362303396874,5.713056522149677e-05,0.0020580525551967582,0.0009075628154934849,0.0004165750645859995,0.0010944522402828586,0.001219823571545196,0.9232938200759037,0.003811900523593805,0.00015291396549798475,0.00695847014859567,0.032653022095344736,0.0,6.647924539562931e-05,0.005167275253937196,0.0034621484739485483,0.008595961812405543,0.025917657165421586,0.000655861236155689,0.00182185860910671,0.000200259039497698,0.00024644188679906194,0.0015633844171035341,0.00020804542214357497,0.9567928080759931,0.03719341947545135,0.00019403562687664405,0.00043527657249276956,0.00011951412272293347,0.7980237205397684,0.0001815723895421809,0.00011521002027432565,0.00022031131126535667,0.9120800133529917,0.003545802244289957,0.0024719530387760673,0.0005679529467600005,0.30781084463240993,0.0030506915931694588,0.0013406724991403922,0.0033511489483846325,0.0027113479026823787,0.0006279601844843386,1.0,0.30292400877188747,0.0014948665489401126,0.0007654650770218093,0.0021658495286920277,0.012818213813492877,0.2513605268247949,0.0005483738590816797,0.9567928080759931,0.00032146921894645315,0.02380226204514156,0.0009189294678500006,0.9567928080759931,0.0,0.0002725335719393163,0.0004134123710860824,9.686884030635615e-05,0.0008019319009128663,0.9567928080759931,0.0028764800918502404,0.00020196949194292263,0.002883402785911861,0.01777054737392265,0.0,0.002590132927517385,0.004263617652969965,0.000655861236155689,0.0008804930394633286
93,0.0006590168914278977,0.12351296994346583,0.15957400561784815,0.0039025747307027503,0.3045806210569103,0.005146188821273388,0.006705735085021138,0.0382529004462354,0.0010832068852108469,0.0012126949874381443,0.08260425633618308,0.12040972859421549,0.0034553694415072737,0.1323197995523446,0.30127034090172244,0.005703893276803507,0.0019182721906913177,0.11098951520578239,0.15741977641834956,0.0021895634023539894,0.0002751547526670277,0.006341713458697037,0.002755326403998756,0.020420903973903476,0.10564324595516757,0.09991226848910294,0.0008279127839637142,0.002676660251473181,0.02003217071731644,0.08409996903574236,0.030869564444135727,0.7862892196038094,0.0018782035102791524,0.13379512117028894,0.006016968255344378,0.0028473072001235673,0.004730260175370345,0.0024528390677712964,0.3299709278802434,0.08260425633618308,0.1323197995523446,0.06717244760605058,0.007028373009101045,0.006626580599523351,0.1264520159453333,0.16550086741577286,0.00015425881935535676,0.006626580599523351,0.0025656020179804367,0.09216349795407115,0.0019179582825916846,0.0010418923311924803,0.34595088657993517,0.18466912282222456,0.0017907351211915944,0.005004099261976213,0.13526766798469264,0.08409996903574236,0.0065698393699738485,0.026035417385853302,0.004802908914534284,0.14469752373486422,0.13379512117028894,0.0032809866429656617,2.1990628155028316e-05,0.138768177355467,0.0019035678196902142,0.004967380890254571,0.12864122453731439,0.3299709278802434,0.09912503733639379,0.0006059489862907112,0.0004293612931876042,0.0017022492077579858,0.36066855008924265,0.0018492726182280804,0.09583324556810431,0.06005177866428975,0.3045806210569103,0.0010232383709226642,0.0039199262350704716,0.005892145578582741,0.5778685943379859,0.04130958060512289,0.006653776275807373,0.0061220140878159406,0.004730260175370345,0.0024476702532591657,0.30292400877188747,1.0,0.004354987582624519,0.0041211102320524,0.005896964961883148,9.370570472049321e-05,0.45088533553286236,0.10453568331844568,0.30127034090172244,0.0024028273727084186,0.11760305538832758,0.0028510932207860933,0.3299709278802434,0.08409996903574236,0.0033970584272050423,0.00247342856377572,0.0018782035102791524,0.00018564789417498657,0.30127034090172244,0.15998871886657598,0.0036119684782563123,0.0050155412889249145,0.10726467805499279,0.08409996903574236,0.0040753259566854065,0.10287501799357841,0.0032809866429656617,0.004359318361050741
94,0.5732516928925868,0.0003164615143876418,0.01889355050352625,0.7563456855071323,0.0013495885078767204,0.9373297183150593,0.8854727238404729,0.37194248155797105,0.35920480300362007,0.40136606812949277,0.06485273236114059,0.0006474067992676552,0.78315852819838,0.0007694382380292916,0.0016483688455193933,0.8973910662767542,0.4866300350640941,0.016085636930844357,0.021679265352402013,0.700208803400929,0.23664531278131132,0.8977048488468168,0.7287722609378126,0.4449881307163744,0.0006524616897396222,0.028395557086360396,0.7157685355209438,0.7205817318113528,0.44248815540613257,0.06600597420041004,0.3445169864882922,0.0013715062943357814,0.7302042194909603,0.0006366248696661558,0.8786540279965936,0.7164450658647785,0.8300001675360283,0.40559568925627265,0.00262899027921172,0.06485273236114059,0.0007694382380292916,0.3339423298611346,0.4467857676764906,0.8884595537054524,0.0007637612423325907,0.025784094801782138,0.41701818604299407,0.8884595537054524,0.7325054553606264,0.21130903487952699,0.83707188781408,0.4985381658448857,0.0015986603417211484,0.014389309185654522,0.721849405276277,0.0029070515736726497,0.000517818464346006,0.06600597420041004,0.299352311626791,0.0008356649892787106,0.42465359354778426,0.004969418305261937,0.0006366248696661558,0.7661348552970537,0.3561799228450868,0.04467779783296373,0.7294847909570399,0.8948256403584568,0.0378034480740757,0.00262899027921172,0.0020956816054055684,0.48116716560412737,0.3324168556135059,0.733995196401825,0.002184709595622223,0.7368020055177231,0.04841012734603568,0.32644210275744223,0.0017856491225660338,0.406232386844904,0.8272969682623064,0.4713394696723695,0.0047110462918651085,0.010830099232288788,0.7434564975456199,0.38465835529143216,0.8300001675360283,0.577967893099224,0.0014948665489401126,0.004354987582624519,1.0,0.7531469295921397,0.8925838630687173,0.07454334207279295,0.03627529572467266,0.019588398315868068,0.0016483688455193933,0.7430399291662899,0.0018511361653027485,0.49682460629168845,0.00262899027921172,0.06600597420041004,0.4802028513786701,0.5976917284184291,0.7302042194909603,0.3544428885899867,0.0016483688455193933,0.031671365166703255,0.7026465930670527,0.8243133173224416,0.0003194189371369436,0.06600597420041004,0.8222308815121337,0.009985276903456868,0.7661348552970537,0.31603275657909063
95,0.5632117193342214,0.0005904702002007424,0.013526077984045898,0.990983894504904,0.0006585262975270378,0.738458467393998,0.7216492086540691,0.3124074562428823,0.41940565834047194,0.37629594581190484,0.0700256535676676,0.001153580232288685,0.718585138636233,0.0017125118474957965,0.0012327146052063893,0.720705283437486,0.4741586310914105,0.011152239353794561,0.01708703590115045,0.7951220471727097,0.22765958009199916,0.72092161632976,0.7698939062856291,0.4112296486351138,0.001217372966980404,0.022061028687824568,0.6658527326505613,0.7634185023190289,0.41341772223091466,0.07127912693079218,0.3153804561814055,0.0017830561106628267,0.7967340070156046,0.0014959944472916313,0.716446954308,0.6836961831730509,0.6994292751210333,0.39504902650895934,0.002659385754138841,0.0700256535676676,0.0017125118474957965,0.2863923940036469,0.4428840021082244,0.7155403969918958,0.001635698850925503,0.018637236076387943,0.4341832718292507,0.7155403969918958,0.7784550156895359,0.17939652435068837,0.7637989013686666,0.47918375360649795,0.0018852277197528875,0.010855005220864312,0.8081419937744675,0.0004281381577925646,0.0012966519635710535,0.07127912693079218,0.28203313785122075,0.0008933688078569084,0.42678093134027983,0.0040733358649334035,0.0014959944472916313,0.9556563066379998,0.3408982163751578,0.034709817124958624,0.8164401818432567,0.7501651128637914,0.03192681420671202,0.002659385754138841,0.003803974323355204,0.46905101458877224,0.3128833933568093,0.8015562747079277,0.0023905247662527754,0.8397470424820761,0.036663615477837364,0.2852480344393997,0.0017515147722434535,0.4025975866134144,0.7085292349341918,0.47559092780992734,0.0036170240410645484,0.009818580219962935,0.7344658136011707,0.3778765665207818,0.6994292751210333,0.5722543978449746,0.0007654650770218093,0.0041211102320524,0.7531469295921397,1.0,0.7257536146211849,0.07690873443867023,0.031677355625103897,0.01287216477217147,0.0012327146052063893,0.802717181541411,0.0024720286132019773,0.4885780646374673,0.002659385754138841,0.07127912693079218,0.4837465964014687,0.5810809941527342,0.7967340070156046,0.31524409918954804,0.0012327146052063893,0.026598609585674393,0.8002132931301709,0.7186818117795101,2.4928427042382917e-05,0.07127912693079218,0.7126084810312941,0.007858637841751817,0.9556563066379998,0.3127839438539881
96,0.5752279094992291,0.0005326914474772093,0.022660568556746516,0.7286919807904833,0.0019894827968700546,0.928069310717346,0.9042155487372916,0.3856158426372196,0.36004953303352255,0.4264224085027135,0.06318655667045932,0.0009316873496090441,0.7494279030114978,0.0010935210385106587,0.0023506734903395964,0.9591914755505574,0.4907244105995804,0.018214024063539013,0.02412385848012391,0.6782961128878657,0.23442889404967154,0.9237038786691063,0.7341067924974632,0.48463592778961423,0.0009321572966925187,0.03158230307032671,0.6956538164949918,0.7195826040112477,0.48200858549921344,0.06430743410717397,0.35717647133806146,0.002177640407525265,0.7222836904513036,0.0009346837498768834,0.9760776545670321,0.725146046054454,0.8702932357025186,0.4291984788314879,0.0030784988303721233,0.06318655667045932,0.0010935210385106587,0.3667234454875366,0.46117252305691664,0.9168067835239985,0.0010922804760297813,0.02970050910779073,0.40519293501942577,0.9168067835239985,0.7309321288782451,0.2287934675397488,0.8269724638424574,0.49735667047226423,0.0019713991542470517,0.016052371102666673,0.689788316759438,0.004418464313693722,0.000790073648965771,0.06430743410717397,0.30751501487309013,0.0014477004771847645,0.4253380995085758,0.005230430719381492,0.0009346837498768834,0.7376625711458865,0.36691686832924986,0.049964724253259436,0.7280597886582532,0.9107590056986248,0.04352699902787756,0.0030784988303721233,0.0022219311577221412,0.47468968638237885,0.3400816449380453,0.7260010203476696,0.0026499760038779323,0.7112441346067545,0.053949753696294185,0.34935924252789546,0.002512389282740117,0.3951888037461849,0.8606180412382435,0.4733120190726399,0.005890159550573062,0.011701794266187464,0.7560967650747864,0.3896865652337455,0.8702932357025186,0.5908171276384532,0.0021658495286920277,0.005896964961883148,0.8925838630687173,0.7257536146211849,1.0,0.06742112729563698,0.037242861043555835,0.02196253446490265,0.0023506734903395964,0.7486887629007579,0.0023396321707494683,0.4787061277792713,0.0030784988303721233,0.06430743410717397,0.4809241657304072,0.5874741179367746,0.7222836904513036,0.3574282658365526,0.0023506734903395964,0.03606438907594684,0.6882288761523723,0.8488039139357252,0.00016537973098213813,0.06430743410717397,0.8537406033710346,0.010325386830570257,0.7376625711458865,0.33113570690211985
97,0.08110706302852191,0.0021437457644094583,0.0008126291053904805,0.07835321043959317,0.013231751938449698,0.06928258131344572,0.06745918508791908,0.035817600430690794,0.03222045891107807,0.06050947059831884,0.06986475687968081,0.0032848780212092754,0.06890450418490232,0.0024053985928286616,0.01240955804961773,0.06979055545693423,0.08216791739093379,0.0005113003773965775,0.0008678612485935061,0.056418235571951886,0.05562196175745051,0.06990355101731624,0.0788456539028385,0.023292763514542823,0.005518557799818406,0.0010863162987513712,0.1051473810379797,0.07323802539607137,0.022542456824459267,0.07111511827500896,0.03515857397408552,1.7011528318407859e-06,0.07537863010468167,0.0028546337347145337,0.06603767928932738,0.09570033633095804,0.07111569929506087,0.049378929431447754,0.003755830912829768,0.06986475687968081,0.0024053985928286616,0.013889461088967653,0.08357496087021259,0.07037412118318845,0.0016744557097405819,0.0007167334853588492,0.03927174558108117,0.07037412118318845,0.0750455223883001,0.005217258814567079,0.07372481411304087,0.0994191309152609,0.003924570048815806,0.0011908825955381582,0.06456400353859089,0.015491713421445058,0.0025684958408317806,0.07111511827500896,0.031490621799910475,0.011574760621017933,0.06749550880063798,0.0002054629367891536,0.0021437457644094583,0.07688377632853881,0.03179648836831883,0.0011890539009342324,0.06643491771331905,0.06785698201024484,2.1637398421248573e-06,0.003755830912829768,0.0012788851888929263,0.07973177670265814,0.032829522675155716,0.07459218073771849,0.0034377617074944494,0.06781950108558783,3.8542426471747705e-05,0.014661881866978114,0.014547959253176845,0.049712861083680164,0.06969941981031594,0.07493425084847574,0.004143612589956889,0.00019764865306677305,0.07264790703937947,0.023171357520943413,0.07111569929506087,0.055000594611895354,0.012818213813492877,9.370570472049321e-05,0.07454334207279295,0.07690873443867023,0.06742112729563698,1.0,0.00033167930789797007,0.0005200855496552214,0.01240955804961773,0.06497950938152997,0.0012577752541169103,0.05197085692628935,0.003755830912829768,0.07111511827500896,0.05514056212602892,0.053523224185898895,0.07295730633128009,0.04567839487608477,0.01240955804961773,0.0006004071904116813,0.056259859959786516,0.06560163362513446,0.006023165053736277,0.07111511827500896,0.07110789137800352,0.0013590436698829094,0.07688377632853881,0.02276456792545233
98,0.02261535201386871,0.10562344031788122,0.2280342208803099,0.03221127019731546,0.24292119382566238,0.03594739235162303,0.03977510743891685,0.12481511292895336,0.0063095525826671614,0.025742687185319156,0.10265416352275701,0.09507346518771444,0.03023243073432314,0.10446115596320651,0.26243719526603776,0.036627233632788934,0.021282235346104048,0.1588654489166936,0.2639749737932805,0.021689149357382788,0.0032370262364300453,0.0393055818214563,0.025821799433649463,0.04833852421255861,0.0915087061448089,0.22547695677027957,0.015768854350914605,0.0257367070507487,0.0475966007014347,0.10453227174805385,0.08566653261971412,0.37653314206532484,0.013488655459094015,0.10562344031788122,0.0379459725488539,0.0284837379403367,0.03667883585657449,0.023033194602328153,0.24872788635051898,0.10265416352275701,0.10446115596320651,0.13653324545028958,0.036280253207203676,0.0398641223919939,0.10794108716663961,0.33030283150163375,0.0008338533751293721,0.0398641223919939,0.02670728830305939,0.20522142605207178,0.01910366493263466,0.02086102620159378,0.24014398606772178,0.28003531160635275,0.02215184460567684,0.026603239430914357,0.10678340206050692,0.10453227174805385,0.05164159334178417,0.06294704311947695,0.020315990325397357,0.1544157731512892,0.10562344031788122,0.03072711975087992,0.0067893388274149315,0.29698413169976967,0.022647757595827562,0.03534787955445971,0.2568882225366153,0.24872788635051898,0.0870429121798182,0.02490500040495364,0.011155466618035789,0.013060949075627715,0.257651774975308,0.02393426032521949,0.22520158872202603,0.14746373425665707,0.23407225020249786,0.006016673681596865,0.035962037240595865,0.03104552199876909,0.4706698786819567,0.12879853223331508,0.036821041224120596,0.01834186429429594,0.03667883585657449,0.013974341812014646,0.2513605268247949,0.45088533553286236,0.03627529572467266,0.031677355625103897,0.037242861043555835,0.00033167930789797007,1.0,0.18194817860701196,0.26243719526603776,0.02142231542092812,0.0914900893869107,0.012201904593077444,0.24872788635051898,0.10453227174805385,0.019309379933687403,0.01391325877259171,0.013488655459094015,0.013889888864390682,0.26243719526603776,0.3693602078815358,0.026991732442413003,0.03532086097649885,0.08167582538327413,0.10453227174805385,0.03655349260338522,0.12423574157864785,0.03072711975087992,0.01593701400312807
99,0.022649911053293968,0.25626310551517056,0.5269351143803073,0.013117331262391486,0.000487918987080331,0.02095802398807589,0.02095802398807589,0.18266177395148106,0.00029003949320488044,0.028012743989335686,0.0,0.2634481472047891,0.01474888606416881,0.25998965294874393,0.00029406428109174804,0.019908431116339904,0.00804056430023154,0.6299158827101714,0.385036492680041,0.011128987707203147,0.005233464578929882,0.02023191655604895,0.012415647510510736,0.06333806772566322,0.28240154691634267,0.3639017375459854,0.011134942251324309,0.011468445578575133,0.06273110314486818,0.0,0.09224992091491689,0.06969519577679802,0.011825789435054284,0.259989652948744,0.022649911053293968,0.015432690690337474,0.02196253446490265,0.0108156196503098,0.00029406428109174804,0.0,0.25998965294874393,0.18480029549200744,0.019792112120442643,0.019908431116339904,0.254627985557477,0.3724894688267172,0.0002277560929928436,0.019908431116339904,0.011936298154991651,0.2798669660947797,0.018736093648707364,0.021080482350649136,0.0008478353972614862,0.4436805261185267,0.009500928828351624,0.08693489702643196,0.25998965294874393,0.0,0.03231020125532958,0.024045902641237703,0.012053188150072534,0.2867162249660791,0.2653529642817612,0.012279980110595919,0.0001160064675485753,0.3284251063319825,0.01134704850333637,0.01998464674582327,0.5448898581314281,0.00029406428109174804,0.26130683110629216,0.013666577949132917,0.0010396466515729722,0.012053188150072534,0.005583807670901289,0.010897212589323212,0.4017402984734539,0.202979086038375,0.0002105961489028603,0.0007535630228896134,0.02128936150385083,0.017830131089700583,0.14469716177658856,0.20454178905996112,0.015742670980452907,0.010897212589323212,0.02196253446490265,0.008188272098723835,0.0005483738590816797,0.10453568331844568,0.019588398315868068,0.01287216477217147,0.02196253446490265,0.0005200855496552214,0.18194817860701196,1.0,0.00029406428109174804,0.01056655407885052,0.24390809596688962,0.005538497644790766,0.00029406428109174804,0.0,0.007745130676017328,0.0065264748048304375,0.011825789435054284,0.008361111356034236,0.00029406428109174804,0.3355739111614755,0.011474031247681342,0.019352633038665336,0.2152839822560874,0.0,0.021624188125934484,0.3228218778016879,0.012279980110595919,0.004875073516836051
100,0.0004969005976916097,0.018101254838345848,0.00047931278705152695,0.0013129748873437698,0.9457203521125841,0.0015553851479414907,0.0020230141359143445,0.004774488511946929,0.003778351270903199,4.2061264211624167e-05,0.0,0.02044754901922128,0.0005892211542109045,0.025206681609324544,1.0,0.0022384759326763916,0.002680791963056028,0.00010806768049918,0.0035047461509199332,0.00023326469457619358,0.011537536998207235,0.0018430925515090235,0.0011822143500604012,0.002022747728211235,0.014174977419674611,0.003902035404007891,0.0031592858276280177,0.0012468286428254625,0.0021222955838658708,0.0,0.005393683086253336,0.3411546557098113,0.000511460741802002,0.025206681609324544,0.002584109577951956,0.0011721680524962674,0.0029189810271812787,0.00015633055083708364,1.0,0.0,0.025206681609324544,0.00024175679008644208,0.000812129819104421,0.0022384759326763916,0.024681083495111656,0.004290775018894482,1.2700272312500215e-08,0.0022384759326763916,0.0014119682192005986,0.0001685223200533402,0.001642709482877419,0.0011036425722274847,0.9145957115905005,0.004027017546395333,0.0003918172967936922,0.005774793953308289,0.025206681609324544,0.0,4.2061264211624167e-05,0.005498245299223312,0.004399464336683829,0.00653007256880278,0.02007219980998843,0.001092512263976892,0.0019817025234801283,0.0004673298810920255,0.0005350628605330835,0.0017218426284019124,9.525728260783339e-05,1.0,0.025732614345056044,0.0002466240157371896,0.0005086308515115087,0.00033698236129517547,0.8270063707448859,0.0004370128596489804,4.984856003877251e-05,0.0004966218255864301,0.9457203521125841,0.003324019129330615,0.002670735727711706,0.0004831620392979908,0.30598647537332613,0.002235583403798485,0.001944873839247,0.0025474128293838405,0.0029189810271812787,0.000728791213856745,0.9567928080759931,0.30127034090172244,0.0016483688455193933,0.0012327146052063893,0.0023506734903395964,0.01240955804961773,0.26243719526603776,0.00029406428109174804,1.0,0.0006434166790515689,0.023627404154002298,0.0008083354567407238,1.0,0.0,0.0003334460453693175,0.0004971804672470871,0.00029812357396436797,0.0007267953513848404,1.0,0.0037379029638401327,0.00046824399156696414,0.0037428794116530547,0.013222653279098431,0.0,0.0027933393533448713,0.0027221742695227548,0.001092512263976892,0.0004958473639996886
101,0.556428165620306,0.00011465220299970083,0.011077560448561029,0.7983699951198817,0.00045677872345007477,0.7445619162124207,0.7191008737573388,0.3048587240942791,0.4242528599366256,0.3841196102064034,0.06970413278469477,0.00037702053251755907,0.7415575121087141,0.0007755600835398078,0.0006434166790515689,0.7519300556251924,0.47158656506703023,0.009074415501160818,0.011322297092729413,0.8351648957205058,0.23436225499952387,0.7266142179960072,0.7859996988790287,0.4292602648774339,0.00039825631077898316,0.016552606925126848,0.7000081325517881,0.7797775790170252,0.43150773659867286,0.07095138713077126,0.3026292828672108,0.0008678907243347538,0.833053009319659,0.0006364230996574846,0.7391003808230076,0.6746499234737502,0.7055420753397127,0.415042815429343,0.001334474411347435,0.06970413278469477,0.0007755600835398078,0.2863353740588082,0.4579765203767816,0.7212224718137638,0.0007407862732530597,0.014176732795179846,0.4727233561326244,0.7212224718137638,0.795068960239175,0.17326929737389338,0.8167920987696043,0.489653379740249,0.0006112604617075383,0.006618663001953443,0.8559738900737586,0.000669644322741265,0.0005125444595279143,0.07095138713077126,0.25488100400860075,0.00011369167948607506,0.4300731113325966,0.0032930631918962005,0.0006364230996574846,0.8024411517280298,0.3654220007760928,0.028536110418812866,0.9267120165188565,0.7563860279558933,0.026396761038084166,0.001334474411347435,0.0016989068266348721,0.4575787673718353,0.32415014921105445,0.8380487923522552,0.0009422944535614933,0.879344061985478,0.031457931641852455,0.27139104026821553,0.0014132947050356517,0.4385251663893316,0.7001407107376845,0.44552387553921585,0.002471898217824477,0.0037187248652430453,0.7297306880665493,0.39459488697088485,0.7055420753397127,0.6215378682427429,0.00032146921894645315,0.0024028273727084186,0.7430399291662899,0.802717181541411,0.7486887629007579,0.06497950938152997,0.02142231542092812,0.01056655407885052,0.0006434166790515689,1.0,0.0012905737065600424,0.5303367156798733,0.001334474411347435,0.07095138713077126,0.5110930457870747,0.6303502502368872,0.8501339674050624,0.33978168145594384,0.0006434166790515689,0.019398770586197045,0.8199678864751415,0.7252001863105512,7.987976574699419e-05,0.07095138713077126,0.6968099635452087,0.006578244312816316,0.8024411517280298,0.3548279892305456
102,0.003313644241988956,0.7240325952666675,0.27570558912710863,0.002518557408996393,0.02397721989179236,0.0029131986317093863,0.002534336398310841,0.09557788562693835,0.008020809759093925,0.0032274267902812916,0.018874198912751522,0.7020986723484987,0.0018661352605392804,0.7849984501219495,0.023627404154002298,0.0022924081027056484,0.002900925639096941,0.21762772993457705,0.17025898336751982,0.0034876500272362832,0.005346020021358471,0.001952173922918524,0.0007621325560870697,0.06449620939223945,0.6893287061649905,0.1024643674735308,0.00047045880365281545,0.0005755306868801455,0.06417920498338628,0.01913675977220923,0.06499713616676456,0.13201137783280448,0.0034687166044159016,0.7737009176217575,0.0017823704860285279,0.003986074665603218,0.0010948299781223722,0.001499954432606985,0.014637089914817455,0.018874198912751522,0.7849984501219495,0.10647834897946053,0.00474820528240942,0.00190886855118712,0.752441385356289,0.1558125954024427,7.414127922140368e-06,0.00190886855118712,0.0006652867729105125,0.15719121018218132,0.0029545980332383883,0.0059307133029317454,0.005095536010038659,0.20516508921866242,0.0017948701045350885,0.018756032192776554,0.7628634892797804,0.01913675977220923,0.00343143343531145,0.0020688862763891818,0.009501467100259993,0.4993943770814044,0.8001454585003033,0.002661217378482747,0.016360517602935352,0.14887478916699223,0.0022469476776310086,0.0028604054882905984,0.18695810328216897,0.014637089914817455,0.7005866457718766,0.00024112722289836857,0.01439643885714031,0.0035499931288028004,0.0016046031967684453,0.0014980082142402446,0.1220728645770069,0.11188660078499844,0.02397721989179236,0.0032534122867004267,0.0009448202537853304,0.017529207587896216,0.09283140840827664,0.1144228324895035,0.0032920560715294094,0.018366131231472554,0.0010948299781223722,0.0010955946347909029,0.02380226204514156,0.11760305538832758,0.0018511361653027485,0.0024720286132019773,0.0023396321707494683,0.0012577752541169103,0.0914900893869107,0.24390809596688962,0.023627404154002298,0.0012905737065600424,1.0,0.008550123901629557,0.014637089914817455,0.01913675977220923,0.0017191085032973131,0.002507036884638852,0.0034687166044159016,0.0003591568179537404,0.023627404154002298,0.1547110991660903,0.0037068867718320136,0.0008606881834120864,0.5430889295792259,0.01913675977220923,0.0009738360717808929,0.36683822225213525,0.002661217378482747,0.009207965554570447
103,0.4154515951085178,0.004404570503713322,0.007048706145217991,0.4908788870634429,0.0010360466873977272,0.48897911655446363,0.4789670318851336,0.18724304186792037,0.3974155408036422,0.27240503877478045,0.06795487377905422,0.006096702451753374,0.5364705132630556,0.006973378343029177,0.0008083354567407238,0.481255033486398,0.4281099694098785,0.003149152102387426,0.005476604066235237,0.49573033614241613,0.21501315683712993,0.48186627385540276,0.49370959690947025,0.32376828237306315,0.004124562187671512,0.005426304753542835,0.6012519836789225,0.48075275266857515,0.3257902906697674,0.06916826812164985,0.20912354224958635,0.0008790397053296335,0.5144274772727089,0.007691641580506146,0.47113432055923776,0.529775256610667,0.45875668679447656,0.34061041475280884,2.418048105476915e-06,0.06795487377905422,0.006973378343029177,0.20254061092788284,0.407957245841607,0.47914416526301246,0.00671358849963276,0.005055626749210126,0.530368366443237,0.47914416526301246,0.48968650554088716,0.1172289426853488,0.5175095955053626,0.3872804469256376,6.625832778986214e-05,0.0030822679260329748,0.5040687323645797,0.005847359583210533,0.007190867797180094,0.06916826812164985,0.18223339504839212,0.019630024284414776,0.3265509366639713,0.005311201270053318,0.0064973524100585735,0.4875830219207199,0.3443878171176698,0.018992497396575738,0.5187726158368038,0.49687008699906465,0.016586998307317146,2.418048105476915e-06,0.003969298762929633,0.3611374006851407,0.2685300453912871,0.510149381633165,5.0281798792953564e-05,0.5117365322792641,0.014463708075915573,0.17603750674707572,0.0007114045816540833,0.6917827325042629,0.4567825993535036,0.3643514920167131,0.0002142929122282513,0.0011775123655565992,0.5025861105271338,0.3634204861971143,0.45875668679447656,0.6651603377492636,0.0009189294678500006,0.0028510932207860933,0.49682460629168845,0.4885780646374673,0.4787061277792713,0.05197085692628935,0.012201904593077444,0.005538497644790766,0.0008083354567407238,0.5303367156798733,0.008550123901629557,1.0,2.418048105476915e-06,0.06916826812164985,0.4631724691335967,0.6756965780289228,0.5144274772727089,0.37745976289964417,0.0008083354567407238,0.007257203037396514,0.4991208180724647,0.46953716783458976,0.0010883795401960513,0.06916826812164985,0.4542199758635836,0.00670827907069767,0.4875830219207199,0.32597978779529513
104,0.00018510086748894277,0.009489953105554652,0.0017175721026381808,0.00273586878705514,0.9457203521125841,0.0023183239372394694,0.00343320934246769,0.004774488511946929,0.0009830415572617372,0.00014069454345291265,0.03949743744355361,0.009812784691198902,0.0014393908112863652,0.015561556534310971,1.0,0.002993237007081156,0.00021686786949094998,0.00010806768049918,0.004545822724983151,0.0007841913347237239,0.011537536998207235,0.0032106684898450207,0.0018776281859014818,0.0004483391158716898,0.008971214574296296,0.005137015342781543,0.0031592858276280177,0.0017319248315268475,0.00048020977659963144,0.04015448793021487,0.005393683086253336,0.36989988716505956,0.000511460741802002,0.015869528633543812,0.0033424661105808245,0.0011721680524962674,0.003609608600249823,0.0007521635573382757,1.0,0.03949743744355361,0.015561556534310971,0.001177834505959362,0.00272851755410302,0.003618876379410233,0.012945271933341216,0.006438469130069946,1.2700272312500215e-08,0.003618876379410233,0.001982600371609834,3.721031614348938e-05,0.001642709482877419,0.0011036425722274847,0.9112578875882995,0.004214192490858663,0.0010082692120728094,0.003946321690374008,0.016177380071955315,0.04015448793021487,0.0001763859685849819,0.009293002724505332,0.004399464336683829,0.00653007256880278,0.012371779449748693,0.002140644622341368,0.0029588726871967713,0.0025439021962681595,0.0009889357261311418,0.0026656166974198363,0.0008750960468972173,1.0,0.025732614345056044,1.6557244297663426e-05,0.0017235618927852522,0.00033698236129517547,0.8094935310001298,0.0011155617834803535,0.0007572833515441916,0.0011216321665433223,0.9457203521125841,0.00036980696857809254,0.0031677950079979024,2.5364453643666953e-05,0.30598647537332613,0.002928638343142846,0.003216804814033541,0.00018496969713139406,0.003609608600249823,0.0022051262548486005,0.9567928080759931,0.3299709278802434,0.00262899027921172,0.002659385754138841,0.0030784988303721233,0.003755830912829768,0.24872788635051898,0.00029406428109174804,1.0,0.001334474411347435,0.014637089914817455,2.418048105476915e-06,1.0,0.04015448793021487,0.0016911009401057609,0.002142817676809394,0.00029812357396436797,0.00031410288720638027,1.0,0.004886054820217604,0.0012190779762154787,0.004423967843102432,0.009227786574470322,0.04015448793021487,0.0032535586394185404,0.0027221742695227548,0.002140644622341368,4.494941760725304e-05
105,0.06616177077404421,0.019843380071997183,0.03853930046682173,0.07111511827500896,0.0,0.06492190383816461,0.0636964983710461,0.0,0.08058756788037583,0.05589689909973017,0.9638543846408361,0.018232528550402,0.06354430714622038,0.01966804554808654,0.0,0.0644607170622418,0.053914579913308135,0.0,0.058053556653029324,0.07581740806589489,0.0,0.06324056713394866,0.07127912693079218,0.061286485299105194,0.01767782265417032,0.0644607170622418,0.0,0.07260135341087492,0.0614355893898748,1.0,0.0,0.076508750485702,0.0,0.019843380071997183,0.06384890541885839,0.0,0.06678733201259364,0.04933847161241128,0.04015448793021487,0.9638543846408361,0.01966804554808654,0.07825998927497765,0.05223626430711399,0.06339233048609891,0.020191514603693565,0.0596589942072672,0.0,0.06339233048609891,0.0719379643975404,0.06384890541885839,0.0,0.0,0.041632176427216165,0.05098872965106001,0.07394214763612621,0.07360516852605956,0.02001786402735666,1.0,0.05646853177193353,0.07310193630567137,0.0,0.0,0.019843380071997183,0.07062475186039986,0.06039593027605988,0.059512158699764235,0.07210338143969942,0.06507608296825632,0.04824558887809094,0.04015448793021487,0.0,0.062484906109452135,0.05321308711832127,0.0,0.0429753850420761,0.07260135341087492,0.0596589942072672,0.0754736495789084,0.0,0.07127912693079218,0.06757472448231497,0.0680501244491806,0.0,0.056755273841391264,0.06158489057103361,0.06710155573478155,0.06678733201259364,0.06430743410717397,0.0,0.08409996903574236,0.06600597420041004,0.07127912693079218,0.06430743410717397,0.07111511827500896,0.10453227174805385,0.0,0.0,0.07095138713077126,0.01913675977220923,0.06916826812164985,0.04015448793021487,1.0,0.05718657197267896,0.06616177077404421,0.0,0.0427066608653841,0.0,0.05995321322790029,0.07513115026117222,0.0680501244491806,0.01966804554808654,1.0,0.06741675540239453,0.0,0.07062475186039986,0.07808336433820529
106,0.46178247675430995,6.449303680155156e-05,0.007932559062226108,0.48559523926991455,0.00021801023739384244,0.48919437134375976,0.4839485285191796,0.23188986587131377,0.30257431594507317,0.2894408305197649,0.05620179813493664,0.00042240288508017197,0.4861235182869525,0.0006933029633087058,0.0003334460453693175,0.4899710582282807,0.4519059950338856,0.007005522901465076,0.008476839018452698,0.4595651819723671,0.2232900815963842,0.4849116968537443,0.4724033180700768,0.34699162030727343,0.0003722356168422606,0.012210604224932288,0.5131149668805647,0.4637434182924523,0.34963937930591776,0.05718657197267896,0.2236476814931512,0.0007517888513848787,0.4738375485045656,0.0005777185049210257,0.48737032540908154,0.4990881595831943,0.45931122003000696,0.3494982933693226,0.0016911009401057609,0.05620179813493664,0.0006933029633087058,0.2158813964530162,0.434682635728624,0.4827254002426659,0.0003814066775667746,0.009654433028109253,0.3485895448925346,0.4827254002426659,0.4764576451304103,0.13698458925160475,0.4957781987928953,0.4207512582760316,0.0009997943583268387,0.0037517583686734073,0.47239229273200284,0.00019163381648553868,0.00047389058995937706,0.05718657197267896,0.2232609794476117,0.002671135553214567,0.3085514382802573,0.0032036034295322576,0.0005777185049210257,0.47974278267121395,0.3400696648424759,0.02754232734242495,0.4919664965723512,0.49841545859133657,0.017205232162728127,0.0016911009401057609,0.001309318312413578,0.4163095186601155,0.3118021852034391,0.46826870539693727,0.0020550576607307005,0.4865084071945181,0.019711075098979673,0.1882559335099546,0.0004237465648262154,0.3898556449225172,0.45505025132390026,0.35730148735412837,0.002528073998298354,4.69101713169551e-05,0.46517349650362105,0.40942142973076645,0.45931122003000696,0.5453648345163349,0.0002725335719393163,0.0033970584272050423,0.4802028513786701,0.4837465964014687,0.4809241657304072,0.05514056212602892,0.019309379933687403,0.007745130676017328,0.0003334460453693175,0.5110930457870747,0.0017191085032973131,0.4631724691335967,0.0016911009401057609,0.05718657197267896,1.0,0.5303714258470197,0.4738375485045656,0.3597363670114609,0.0003334460453693175,0.011389092523536632,0.48365449705807406,0.45471543079490245,0.0005209004195846644,0.05718657197267896,0.45163072823282124,0.004697435275905085,0.47974278267121395,0.287573349778138
107,0.46102217087336306,0.0002997577688031664,0.00884152049408371,0.583605938157445,0.0003377280155344286,0.5876578733521245,0.5874760258217063,0.2414001985375443,0.3610489813165042,0.32676321661953256,0.06500556228594224,0.0010821145634064143,0.6292427019598044,0.0012038535232585742,0.0004971804672470871,0.5905984383340113,0.47301905772309955,0.006386793589601673,0.009194468739298004,0.596185697780204,0.22337253375398067,0.5907239743441474,0.575066438912378,0.3902865402167894,0.0006297532419034926,0.010641189892788535,0.7453403268048363,0.5557060408244191,0.3926283621759311,0.06616177077404421,0.26682720526256404,0.0005560166472813035,0.6518881280767397,0.0010335446829095158,0.5782245098458114,0.6028477244416298,0.5593522125511234,0.3985804382316969,0.002142817676809394,0.06500556228594224,0.0012038535232585742,0.24942469074173193,0.46807817661092127,0.5875477548413741,0.0007370933063100136,0.008694568683212531,0.4743595415373592,0.5875477548413741,0.5711706460882335,0.14608372759308194,0.6802904690710667,0.4361613601897945,0.001230325955784518,0.004239351309192659,0.6096813187695823,0.0006359738756936691,0.0008781378977538633,0.06616177077404421,0.21169939700482604,0.008507012539392213,0.3716686470510181,0.0023811745535747704,0.0010335446829095158,0.5791445902846353,0.3993558788173687,0.02583206753471284,0.6246946448753288,0.6033131745802074,0.020206289973130103,0.002142817676809394,0.0005956323124280247,0.409321731093569,0.3353785947486072,0.6461314914945162,0.0017565399547960854,0.6233974646218255,0.024402896529821274,0.21517472954358655,0.0005680398115758861,0.5573691370977609,0.5575986398654975,0.40199139470572876,0.0008918280529288318,0.00043431789000108686,0.5953812467466516,0.42820363047648,0.5593522125511234,0.8879610063496817,0.0004134123710860824,0.00247342856377572,0.5976917284184291,0.5810809941527342,0.5874741179367746,0.053523224185898895,0.01391325877259171,0.0065264748048304375,0.0004971804672470871,0.6303502502368872,0.002507036884638852,0.6756965780289228,0.002142817676809394,0.06616177077404421,0.5303714258470197,1.0,0.6518881280767397,0.38312308975960446,0.0004971804672470871,0.010865084575604271,0.6120619363883294,0.573149615405983,0.0001121962107984404,0.06616177077404421,0.5544404442089333,0.007521614789309848,0.5791445902846353,0.34526117036354675
108,0.5427031158112557,0.0015902393676181378,0.01172423902887228,0.7918240531672658,0.00017203084078109394,0.7342139582294946,0.7342139582294946,0.30211559017334244,0.42145756651570193,0.37582703666306994,0.0,0.003049326317201357,0.7074542892613724,0.0031379489300721384,0.00029812357396436797,0.7262277258158156,0.45597166343168166,0.009998031121566903,0.014836770128937238,0.9132933939781044,0.21506147910726,0.7222836904513036,0.8109658489165305,0.4736796196250988,0.0029084389885227595,0.016760758003982735,0.6478616704854608,0.8300550781479451,0.47685879780877294,0.0,0.30065769880636517,0.0005447535149109572,0.9759812225850063,0.0031379489300721384,0.7144900078864512,0.6164139908997072,0.7222836904513034,0.40463602098408047,0.00029812357396436797,0.0,0.0031379489300721384,0.3246144389695289,0.43105122398158935,0.7262277258158156,0.0036074999875616003,0.011368683399770797,0.46160466782645837,0.7262277258158156,0.8203964619779741,0.18697153063037497,0.8234846092378618,0.46826013608330463,0.00013030608850891933,0.010533688592475778,0.8769240644915608,0.0019038341829614124,0.0031379489300721384,0.0,0.2342960727289306,0.0015453855484158286,0.44441026117995663,0.004547394828210726,0.0027084874063682883,0.7950345780753377,0.3722419161402419,0.03125140862417324,0.8606016947768662,0.746451045989117,0.029651944903447178,0.00029812357396436797,0.0047392335958509274,0.44036951132573265,0.3337605478738144,0.9879840677768211,0.0005924056084533461,0.8713943862799837,0.02934648347250649,0.28496367573309395,0.0008452308799919892,0.414967300970352,0.7302042194909603,0.4559558241396478,0.0024718284831253346,0.002263813250733624,0.718371359091503,0.4143557511262377,0.7222836904513036,0.6261825738030155,9.686884030635615e-05,0.0018782035102791524,0.7302042194909603,0.7967340070156046,0.7222836904513036,0.07295730633128009,0.013488655459094015,0.011825789435054284,0.00029812357396436797,0.8501339674050624,0.0034687166044159016,0.5144274772727089,0.00029812357396436797,0.0,0.4738375485045656,0.6518881280767397,1.0,0.33558380361651863,0.00029812357396436797,0.015824476983011045,0.8791623300878412,0.7547914261074877,0.00022328548739790897,0.0,0.7262277258158156,0.009394594486634539,0.7950345780753377,0.35624968059392254
109,0.3255804889129908,0.003396803312231372,0.0068653429167087965,0.316342737602087,0.0008804012654472774,0.3578335590775199,0.3628376562563722,0.18656648445086488,0.21793917785951325,0.39155753914533786,0.04200041684275038,0.0018770486772764678,0.3584761202709451,0.001211865112520006,0.0007267953513848404,0.3618336445193872,0.35315508855904987,0.004970220531133875,0.014095684495821619,0.3255646086542092,0.19244730301089316,0.3669721720896711,0.3206562129786882,0.26687292820124503,0.0024958103005351547,0.022503890901317315,0.3762340287949259,0.322912310062474,0.26569908363397754,0.0427066608653841,0.21245233459001492,0.0009214978601692424,0.33558380361651863,0.0013316686921372304,0.36147437229620194,0.3543145519128763,0.3424449204879283,0.27096376290246066,0.00031410288720638027,0.04200041684275038,0.001211865112520006,0.2002733982654894,0.3053180392831408,0.3655864892675584,0.0015837335294769967,0.013735813608860444,0.2788700841359838,0.3655864892675584,0.3217357038311343,0.1362095593753577,0.369309316726113,0.27668707575384044,0.0005239583502278215,0.0061631236958694996,0.3313596401465407,0.004172276964560353,0.0007663955222405739,0.0427066608653841,0.23693180812721892,0.0016123943618083453,0.23235556986879605,0.002310634081075775,0.0013316686921372304,0.3143064538559803,0.3327682885157727,0.03678323339409216,0.32619765507494636,0.3565142206784792,0.024688338089880392,0.00031410288720638027,0.0003302399934102333,0.2849038308103679,0.2532227428766927,0.33709334780039596,0.00046300184594183383,0.33428912589198956,0.03488779097499414,0.1901770330859887,0.0008804012654472774,0.3317748689763602,0.3363060145305085,0.263145475500174,0.00010345780965595884,0.00039766064544619235,0.34302826885052035,0.251623534751587,0.3424449204879283,0.4062883444265776,0.0008019319009128663,0.00018564789417498657,0.3544428885899867,0.31524409918954804,0.3574282658365526,0.04567839487608477,0.013889888864390682,0.008361111356034236,0.0007267953513848404,0.33978168145594384,0.0003591568179537404,0.37745976289964417,0.00031410288720638027,0.0427066608653841,0.3597363670114609,0.38312308975960446,0.33558380361651863,1.0,0.0007267953513848404,0.017390973905950444,0.3239163303886007,0.34387620080535647,0.00637867596163071,0.0427066608653841,0.3320200889164325,0.001477430643103087,0.3143064538559803,0.21279804631792817
110,0.0004969005976916097,0.018101254838345848,0.00047931278705152695,0.0013129748873437698,0.9457203521125841,0.0015553851479414907,0.0020230141359143445,0.004774488511946929,0.003778351270903199,4.2061264211624167e-05,0.0,0.02044754901922128,0.0005892211542109045,0.025206681609324544,1.0,0.0022384759326763916,0.002680791963056028,0.00010806768049918,0.0035047461509199332,0.00023326469457619358,0.011537536998207235,0.0018430925515090235,0.0011822143500604012,0.002022747728211235,0.014174977419674611,0.003902035404007891,0.0031592858276280177,0.0012468286428254625,0.0021222955838658708,0.0,0.005393683086253336,0.3411546557098113,0.000511460741802002,0.025206681609324544,0.002584109577951956,0.0011721680524962674,0.0029189810271812787,0.00015633055083708364,1.0,0.0,0.025206681609324544,0.00024175679008644208,0.000812129819104421,0.0022384759326763916,0.024681083495111656,0.004290775018894482,1.2700272312500215e-08,0.0022384759326763916,0.0014119682192005986,0.0001685223200533402,0.001642709482877419,0.0011036425722274847,0.9145957115905005,0.004027017546395333,0.0003918172967936922,0.005774793953308289,0.025206681609324544,0.0,4.2061264211624167e-05,0.005498245299223312,0.004399464336683829,0.00653007256880278,0.02007219980998843,0.001092512263976892,0.0019817025234801283,0.0004673298810920255,0.0005350628605330835,0.0017218426284019124,9.525728260783339e-05,1.0,0.025732614345056044,0.0002466240157371896,0.0005086308515115087,0.00033698236129517547,0.8270063707448859,0.0004370128596489804,4.984856003877251e-05,0.0004966218255864301,0.9457203521125841,0.003324019129330615,0.002670735727711706,0.0004831620392979908,0.30598647537332613,0.002235583403798485,0.001944873839247,0.0025474128293838405,0.0029189810271812787,0.000728791213856745,0.9567928080759931,0.30127034090172244,0.0016483688455193933,0.0012327146052063893,0.0023506734903395964,0.01240955804961773,0.26243719526603776,0.00029406428109174804,1.0,0.0006434166790515689,0.023627404154002298,0.0008083354567407238,1.0,0.0,0.0003334460453693175,0.0004971804672470871,0.00029812357396436797,0.0007267953513848404,1.0,0.0037379029638401327,0.00046824399156696414,0.0037428794116530547,0.013222653279098431,0.0,0.0027933393533448713,0.0027221742695227548,0.001092512263976892,0.0004958473639996886
111,0.020713259285425244,0.18021928813673024,0.4082374110314997,0.02693150382500226,0.0026737091627851146,0.035661676007206725,0.03776161002038031,0.17466268151054584,0.0036218016182629088,0.033791675860085836,0.05891547937858503,0.1601130076681192,0.026259295948348076,0.1876984488867244,0.0037379029638401327,0.0344055203175675,0.014092094732714366,0.3316538172355554,0.5258226389943245,0.01771387173007601,0.0072838378782447265,0.037761084950312274,0.022555581585438883,0.07100898159715405,0.17530635467409098,0.4429712496470317,0.011990919403960765,0.02113579497919004,0.07037056474828107,0.05995321322790029,0.09505321642663442,0.10268273035941357,0.015824476983011045,0.18021928813673024,0.03605593645382464,0.022951460181724413,0.03330072722219964,0.025380192358567488,0.004886054820217604,0.05891547937858503,0.1876984488867244,0.19402777810903488,0.023980028017430235,0.037329577440677865,0.18464743992043497,0.675942357195996,0.0003394856957320418,0.037329577440677865,0.022315222498402443,0.31870333198525874,0.02214093418636343,0.027459994702385953,0.005823486823427414,0.5761237971660291,0.018025910493493967,0.08990270648837377,0.18243502541438766,0.05995321322790029,0.051943654263114744,0.091851594099748,0.019691874722335898,0.21515728488777722,0.1899237375261805,0.0258259338034003,0.00305247259229817,0.5098334303765314,0.020148019161124596,0.034018754601812105,0.46855226706570907,0.004886054820217604,0.16350669456595177,0.0158622845618512,0.0077858785872522394,0.016200126353190007,0.012693182364200518,0.02021201873125013,0.46304752288358414,0.21324063806478472,0.003278116541314013,0.0043569732246948305,0.031390466481062314,0.026965479239800767,0.17950174830580837,0.2432252143719761,0.0347864228405332,0.02274629367029626,0.03330072722219964,0.011360876833408893,0.0028764800918502404,0.15998871886657598,0.031671365166703255,0.026598609585674393,0.03606438907594684,0.0006004071904116813,0.3693602078815358,0.3355739111614755,0.0037379029638401327,0.019398770586197045,0.1547110991660903,0.007257203037396514,0.004886054820217604,0.05995321322790029,0.011389092523536632,0.010865084575604271,0.015824476983011045,0.017390973905950444,0.0037379029638401327,1.0,0.01876509994505492,0.03259674016848556,0.09521481829501609,0.05995321322790029,0.03176642220864657,0.23404960303238467,0.0258259338034003,0.014544866030682535
112,0.5333849063770301,0.0017786418776251228,0.011596819652587586,0.7965843319603508,0.0003064155547939461,0.6992811797010612,0.6858311750897131,0.30740309023165996,0.4020816812100267,0.3660693737175558,0.07380468576183669,0.0029237902428913254,0.7109122068855861,0.002710760870965006,0.00046824399156696414,0.69096959057034,0.4546728653151592,0.00972138568216479,0.011806163179057298,0.8499616930058719,0.21510392270002512,0.6778156843477913,0.7129806192130125,0.4444192841089323,0.00164028539088151,0.017949942366678264,0.6254753247852309,0.7252832584604734,0.446541937874524,0.07513115026117222,0.3159850616953736,0.0018979005344278365,0.865307420543355,0.00316094183579708,0.6800929178611571,0.6283063960035914,0.6568369959362852,0.3920434047726956,0.0012190779762154787,0.07380468576183669,0.002710760870965006,0.2896025156950436,0.4312770231101789,0.6804740049045203,0.0033010578713794,0.013733773762715739,0.4365154835164226,0.6804740049045203,0.7337928576670852,0.1697878112376565,0.8298647894328914,0.4785814718477405,0.0007002073023971621,0.008301484478664533,0.8276147227061995,0.002223282754453026,0.0028474179782860777,0.07513115026117222,0.24734031985037983,6.692355688866372e-06,0.4308093201916144,0.006092738735489136,0.0024213250485714925,0.7946002082558705,0.35726762016069374,0.026638683405232733,0.8372619107736865,0.7195516013565844,0.026287748006354434,0.0012190779762154787,0.005102259838627706,0.45647294734729665,0.3315324703485177,0.8717289330589814,0.001544334168506097,0.8590009618815894,0.02940424427807316,0.27627738190851425,0.0011219183947339354,0.4145879607345204,0.6710694477316717,0.44762271173888263,0.0037309113996084053,0.006560425799054293,0.6766421002438068,0.38451045473815587,0.6568369959362852,0.5874659401105212,0.00020196949194292263,0.0036119684782563123,0.7026465930670527,0.8002132931301709,0.6882288761523723,0.056259859959786516,0.026991732442413003,0.011474031247681342,0.00046824399156696414,0.8199678864751415,0.0037068867718320136,0.4991208180724647,0.0012190779762154787,0.07513115026117222,0.48365449705807406,0.6120619363883294,0.8791623300878412,0.3239163303886007,0.00046824399156696414,0.01876509994505492,1.0,0.6798163780740827,0.0009473239623571969,0.07513115026117222,0.6681892093741438,0.008427359801661823,0.7946002082558705,0.33061420329277585
113,0.5440126319518284,0.00013608888850727977,0.016203312330589657,0.7219241214685206,0.002674220370499924,0.8438206054680177,0.8332054971475862,0.3748215558634843,0.3709877974873405,0.4135339136599674,0.06685798404156922,0.0003829479760661615,0.7300072172481659,0.0004654167154578819,0.0037428794116530547,0.8420694237948787,0.4566771341354873,0.017294571103142302,0.02369532736183609,0.6834766674050013,0.22753726052871276,0.8330332527378456,0.7994414513236272,0.44875778372627406,0.0003910312263222202,0.030015323902841527,0.7031630888426569,0.797907590054057,0.4461427498321628,0.0680501244491806,0.3535665540909937,0.0016457207946639727,0.7547914261074877,0.0003629752865420858,0.8483163425708098,0.7030879279072312,0.94716550091618,0.39114166287023217,0.004423967843102432,0.06685798404156922,0.0004654167154578819,0.3267810733161527,0.45268731777080623,0.8367971290238556,0.0004568308956342557,0.024600729228933377,0.41908602325864963,0.8367971290238556,0.8119949541454553,0.2015915206148675,0.8691056621428601,0.48710441146764744,0.002976755730868623,0.015810297336046934,0.6849476401454008,0.0040909990521303796,0.00027429596168983213,0.0680501244491806,0.28133985587953136,0.0011030016405772906,0.43620296903516204,0.005251729533676963,0.0003629752865420858,0.7242787740574047,0.3644474662097516,0.04293792454619542,0.7029470441756297,0.8378348130735478,0.03733657080027344,0.004423967843102432,0.002754616500008826,0.4685047124638265,0.349332632833891,0.758824468966967,0.003659859608160759,0.7159505789100974,0.04655123876974915,0.3280585773865187,0.003922700095328149,0.3869221857146985,0.93493795435109,0.4459601962170778,0.006071181043610886,0.010305024885941535,0.7277562076704865,0.3722041619309329,0.94716550091618,0.5735961623700243,0.002883402785911861,0.0050155412889249145,0.8243133173224416,0.7186818117795101,0.8488039139357252,0.06560163362513446,0.03532086097649885,0.019352633038665336,0.0037428794116530547,0.7252001863105512,0.0008606881834120864,0.46953716783458976,0.004423967843102432,0.0680501244491806,0.45471543079490245,0.573149615405983,0.7547914261074877,0.34387620080535647,0.0037428794116530547,0.03259674016848556,0.6798163780740827,1.0,0.0002563487003237696,0.0680501244491806,0.929305556833007,0.010679733834410286,0.7242787740574047,0.31687254428804495
114,8.52864265883176e-06,0.5875595433691471,0.1822420197190013,2.963945623931401e-05,0.017932320016538866,4.791487850142321e-05,1.0251372871076707e-05,0.0673738575767808,0.00530200734435452,0.010122321542546872,0.01939611905021534,0.6069921438928046,2.5237873697366644e-05,0.5572375675910934,0.013222653279098431,0.00017740767449957466,0.00013311048453891572,0.18103046818738752,0.11116012869472566,0.0004769945668825929,0.00767088752205508,9.257581425821058e-05,9.65409717090502e-05,0.03629959570381752,0.6163455747391119,0.08819893171594938,0.0006308247527416653,0.00017833411465840456,0.036071155471709374,0.01966804554808654,0.04837284970386748,0.12137176594712748,0.00022328548739790897,0.5683608044640305,0.0001317205936423591,0.0006462253893853417,0.0004048806562539751,3.422866196445436e-05,0.009227786574470322,0.01939611905021534,0.5572375675910934,0.0888039821160328,0.00041396817298755355,0.00010174135399855253,0.5532750432598864,0.09605224850852032,0.000755601107352061,0.00010174135399855253,0.00013443060876205533,0.13364441261274487,0.00036825395175393274,0.0008964992746584369,0.0017003815414574097,0.13866833405731002,4.60785566956311e-06,0.016046565554936238,0.5607045960709869,0.01966804554808654,0.008544271275630693,0.0013791600817940391,0.0053790104045429625,0.46934921624086423,0.5683608044640305,4.6269912581499396e-05,0.036447814299823196,0.10654265131845975,7.5370089836201985e-06,5.451611156076007e-05,0.12199576402232366,0.009227786574470322,0.6177079674806015,0.00023123754121051867,0.02592602316906936,0.0002434542991796375,0.006383275032209581,3.544068417938683e-05,0.07789443719080391,0.08879726839233763,0.013520557951358154,2.4928427042382917e-05,0.0004997000862931739,0.002592623240743114,0.07013719040850597,0.11015578794262679,0.00012694064635465925,0.005719388709694639,0.0004048806562539751,0.0008205749593857657,0.01777054737392265,0.10726467805499279,0.0003194189371369436,2.4928427042382917e-05,0.00016537973098213813,0.006023165053736277,0.08167582538327413,0.2152839822560874,0.013222653279098431,7.987976574699419e-05,0.5430889295792259,0.0010883795401960513,0.009227786574470322,0.01966804554808654,0.0005209004195846644,0.0001121962107984404,0.00022328548739790897,0.00637867596163071,0.013222653279098431,0.09521481829501609,0.0009473239623571969,0.0002563487003237696,1.0,0.01966804554808654,0.00047999699062203075,0.3231239228643671,4.6269912581499396e-05,0.0013889274065342066
115,0.06616177077404421,0.019843380071997183,0.03853930046682173,0.07111511827500896,0.0,0.06492190383816461,0.0636964983710461,0.0,0.08058756788037583,0.05589689909973017,0.9638543846408361,0.018232528550402,0.06354430714622038,0.01966804554808654,0.0,0.0644607170622418,0.053914579913308135,0.0,0.058053556653029324,0.07581740806589489,0.0,0.06324056713394866,0.07127912693079218,0.061286485299105194,0.01767782265417032,0.0644607170622418,0.0,0.07260135341087492,0.0614355893898748,1.0,0.0,0.076508750485702,0.0,0.019843380071997183,0.06384890541885839,0.0,0.06678733201259364,0.04933847161241128,0.04015448793021487,0.9638543846408361,0.01966804554808654,0.07825998927497765,0.05223626430711399,0.06339233048609891,0.020191514603693565,0.0596589942072672,0.0,0.06339233048609891,0.0719379643975404,0.06384890541885839,0.0,0.0,0.041632176427216165,0.05098872965106001,0.07394214763612621,0.07360516852605956,0.02001786402735666,1.0,0.05646853177193353,0.07310193630567137,0.0,0.0,0.019843380071997183,0.07062475186039986,0.06039593027605988,0.059512158699764235,0.07210338143969942,0.06507608296825632,0.04824558887809094,0.04015448793021487,0.0,0.062484906109452135,0.05321308711832127,0.0,0.0429753850420761,0.07260135341087492,0.0596589942072672,0.0754736495789084,0.0,0.07127912693079218,0.06757472448231497,0.0680501244491806,0.0,0.056755273841391264,0.06158489057103361,0.06710155573478155,0.06678733201259364,0.06430743410717397,0.0,0.08409996903574236,0.06600597420041004,0.07127912693079218,0.06430743410717397,0.07111511827500896,0.10453227174805385,0.0,0.0,0.07095138713077126,0.01913675977220923,0.06916826812164985,0.04015448793021487,1.0,0.05718657197267896,0.06616177077404421,0.0,0.0427066608653841,0.0,0.05995321322790029,0.07513115026117222,0.0680501244491806,0.01966804554808654,1.0,0.06741675540239453,0.0,0.07062475186039986,0.07808336433820529
116,0.5544404442089333,3.708963305575165e-05,0.017002041309549097,0.715763467672104,0.0023955904309912756,0.8398184985458887,0.827312541320998,0.3818370667772314,0.35931506875108965,0.4104159955895453,0.06623666155998241,0.00018074692675324906,0.7114601898348818,0.0002564467347096351,0.0027933393533448713,0.8474126204727722,0.45820617528850255,0.01790123574220282,0.022911096057569403,0.6720080013128273,0.23288149756458398,0.8258917001746796,0.7846082655929351,0.4416923567102797,0.0001801538780489017,0.0304446409893039,0.690011005684605,0.7928908680653423,0.43914662306442287,0.06741675540239453,0.35372750255241353,0.001083064328192133,0.7262277258158156,0.00018321855167871488,0.8638065567189019,0.7091907916240462,0.9548079250425839,0.3917388282259059,0.0032535586394185404,0.06623666155998241,0.0002564467347096351,0.32710207802261404,0.4538146150281946,0.8297425192539153,0.0002559459573014859,0.025922866110448126,0.40772980923673396,0.8297425192539153,0.806561651513984,0.2003644255469551,0.8319897701132708,0.4940863154649059,0.002060328300877124,0.014962736523200314,0.6872825366453,0.004275447741446358,0.0001229526836789829,0.06741675540239453,0.2945483185070935,0.001656341881607842,0.42833237759432247,0.005098931500989992,0.00018321855167871488,0.7178702148943286,0.3495496080110847,0.04335439763638685,0.7046277941024421,0.8342821167683736,0.03736493633367502,0.0032535586394185404,0.002158267172075886,0.47183990950491933,0.3415419336536783,0.7299814838486832,0.002671326716998323,0.7105014415351868,0.04699912097623355,0.3319676242630924,0.0029650442497732347,0.3780107420453607,0.9908166851273618,0.45011051595266754,0.006240280384261948,0.012577498730753426,0.6992548373588111,0.36703073965021366,0.9548079250425839,0.5541305238605614,0.002590132927517385,0.0040753259566854065,0.8222308815121337,0.7126084810312941,0.8537406033710346,0.07110789137800352,0.03655349260338522,0.021624188125934484,0.0027933393533448713,0.6968099635452087,0.0009738360717808929,0.4542199758635836,0.0032535586394185404,0.06741675540239453,0.45163072823282124,0.5544404442089333,0.7262277258158156,0.3320200889164325,0.0027933393533448713,0.03176642220864657,0.6681892093741438,0.929305556833007,0.00047999699062203075,0.06741675540239453,1.0,0.010154395837961207,0.7178702148943286,0.29863049208427844
117,0.007447019646236981,0.4213794456830221,0.29716715459930154,0.008001211519574798,0.004375239526692765,0.011564905176399872,0.011564905176399872,0.10591023156966405,0.0009292705798918724,0.0004783260229855611,0.0,0.4372513720746809,0.009984278114990109,0.37979986450311853,0.0027221742695227548,0.010154395837961207,0.0027118271237987,0.3681233258775951,0.2518604627636974,0.007511121341461317,0.0056039793475129145,0.010325386830570257,0.007662803866072122,0.05902640573778782,0.4160116960277025,0.19459916572650862,0.0050029811620962905,0.007107777358849247,0.05857906340348871,0.0,0.0476323939678602,0.0699105664447096,0.009394594486634539,0.3797998645031185,0.010673050160211278,0.009685407614868347,0.010325386830570257,0.0028388745410525113,0.0027221742695227548,0.0,0.37979986450311853,0.09427958852152643,0.010630031662390897,0.010154395837961207,0.38713456017341275,0.23306384675431935,0.002055394868099528,0.010154395837961207,0.007382055608898133,0.1838330955429751,0.011087574740489482,0.01180071762717296,0.0005882691447797054,0.30353515197921027,0.005951046911989526,0.051000592872368945,0.37979986450311853,0.0,0.00015762970036560474,0.002247097454949717,0.008004230409671603,0.38136982906944583,0.38995933961379076,0.00829116315876471,0.002257974290497803,0.22447428252242527,0.009249428655388194,0.011028210977469867,0.2554214268326936,0.0027221742695227548,0.4262591126769455,0.006409723880526978,0.00033300485015132317,0.00954613541653244,0.0038739812757404343,0.00744038381354444,0.1839643029177293,0.10076986151871918,0.0029076624149640133,0.003633027558530246,0.009985276903456868,0.017612929439945902,0.10694452026552984,0.14970852519007888,0.01049826611302318,0.018519295599689622,0.010325386830570257,0.008852547852423256,0.004263617652969965,0.10287501799357841,0.009985276903456868,0.007858637841751817,0.010325386830570257,0.0013590436698829094,0.12423574157864785,0.3228218778016879,0.0027221742695227548,0.006578244312816316,0.36683822225213525,0.00670827907069767,0.0027221742695227548,0.0,0.004697435275905085,0.007521614789309848,0.009394594486634539,0.001477430643103087,0.0027221742695227548,0.23404960303238467,0.008427359801661823,0.010679733834410286,0.3231239228643671,0.0,0.010154395837961207,1.0,0.00829116315876471,0.011894769980343901
118,0.5613482196862782,0.0006842448181015931,0.013251863375127964,0.9616183214389642,0.0005579953150098434,0.7507786230453584,0.7332914416509857,0.3156884685353467,0.42462218860411205,0.36837108964581233,0.06938369695686199,0.0012780076991455557,0.7136100474878911,0.001871812456328357,0.001092512263976892,0.7325936685905806,0.47504128144526814,0.010645555561120252,0.016402174895590187,0.7989821553332409,0.22665793915216248,0.7324020884948645,0.7778468053263051,0.4183671099314333,0.0013428632842068492,0.021457640326099352,0.6599333627977346,0.7641231279833902,0.4205995445031127,0.07062475186039986,0.3185855509896728,0.0014204607646019168,0.7950345780753377,0.001645502153591996,0.7280683497181218,0.6944133040185736,0.7043427848201181,0.3951597436215193,0.002140644622341368,0.06938369695686199,0.001871812456328357,0.2862903091827796,0.443470293341668,0.7269997067884212,0.0017938312352105423,0.01796565430705079,0.43255223902064033,0.7269997067884212,0.77882227236238,0.17807780752887342,0.7693843865254925,0.48017158085975675,0.0014709564860102852,0.010142864274124917,0.81046306389797,0.0003575481154976634,0.001436447144739764,0.07062475186039986,0.28332666630017206,0.000789871052952008,0.4302182217041687,0.004416018843313937,0.001645502153591996,1.0,0.3386875455005139,0.03383255013211444,0.8260797129164096,0.7627253443638682,0.03064470844000963,0.002140644622341368,0.004053554565950764,0.46665274188252825,0.30958568334602177,0.799731679877382,0.0019433394964847748,0.8412969350521031,0.03577147798039945,0.2848931042515366,0.001589155554767894,0.40634560473246656,0.7138420508983825,0.47437803509615406,0.0038042722286389537,0.009259354296313912,0.7352620476819086,0.37659814750269405,0.704342784820118,0.575831562736663,0.000655861236155689,0.0032809866429656617,0.7661348552970537,0.9556563066379998,0.7376625711458865,0.07688377632853881,0.03072711975087992,0.012279980110595919,0.001092512263976892,0.8024411517280298,0.002661217378482747,0.4875830219207199,0.002140644622341368,0.07062475186039986,0.47974278267121395,0.5791445902846353,0.7950345780753377,0.3143064538559803,0.001092512263976892,0.0258259338034003,0.7946002082558705,0.7242787740574047,4.6269912581499396e-05,0.07062475186039986,0.7178702148943286,0.00829116315876471,1.0,0.3164286735371908
119,0.24414963628216088,0.0047911709724485895,0.009124389657217033,0.3146040803404468,0.000701380597546848,0.32265517566623864,0.32787764028066513,0.16803527210622496,0.2705366228745479,0.18255178364511745,0.07670108413080119,0.00582442738411973,0.35881148300023374,0.006279934553330459,0.0004958473639996886,0.33295331987872434,0.29372504982852665,0.0036928266430458594,0.008031101642273377,0.33473853495688155,0.1214378464409053,0.33446581359309113,0.3164598548424863,0.32736903497475495,0.0062370219178282055,0.00908682631900456,0.35102409251632555,0.2986746687139844,0.3291422634188859,0.07808336433820529,0.16402226339112858,0.0023535467878065567,0.35624968059392254,0.00689919259254094,0.3257211383478172,0.3350089849300651,0.30621080911668036,0.3049839136340607,4.494941760725304e-05,0.07670108413080119,0.006279934553330459,0.198332392485127,0.34946603322468933,0.3322496206512596,0.007009223345161465,0.010203942423658676,0.3065290208125636,0.3322496206512596,0.30924209573995454,0.13243957334745565,0.34567043805244896,0.3126166210648155,3.1200343498406686e-05,0.006420091334894139,0.32079914893767403,3.9684568586911306e-05,0.006393209789296378,0.07808336433820529,0.11734727425832242,0.0028849332100026465,0.3318796425240357,0.006467604927121272,0.005797739050484376,0.3164286735371908,0.25373817105896607,0.023422135832909634,0.337225039021144,0.33230922161768767,0.019785381050314174,4.494941760725304e-05,0.006827633748752199,0.262328698747545,0.24334214508259605,0.3535574552071507,0.0005230157675490395,0.33538733943795757,0.019332238094751136,0.16994300612339683,0.00011410608678530108,0.29481559734126234,0.3003962389568939,0.3244440802725879,0.0008473928441726871,0.0001005878322905,0.36029782252907255,0.332650469113472,0.3062108091166804,0.34320075301762837,0.0008804930394633286,0.004359318361050741,0.31603275657909063,0.3127839438539881,0.33113570690211985,0.02276456792545233,0.01593701400312807,0.004875073516836051,0.0004958473639996886,0.3548279892305456,0.009207965554570447,0.32597978779529513,4.494941760725304e-05,0.07808336433820529,0.287573349778138,0.34526117036354675,0.35624968059392254,0.21279804631792817,0.0004958473639996886,0.014544866030682535,0.33061420329277585,0.31687254428804495,0.0013889274065342066,0.07808336433820529,0.29863049208427844,0.011894769980343901,0.3164286735371908,1.0
