,0,1,2,3,4,5,6,7,8,9,10,11,12,13,14,16,17,18,19,20,21,22,23,24,25,26,27,28,29,30,32,33,34,35,36,37,38,39,41,42,43,44,45,46,47,48,49,50,52,53,54,55,56,57,58,59,60,61,62,63,64,65,66,67,68,69,70,71,72,73,74,75,76,77,78,79,80,81,82,83,84,85,86,87,88,89,90,91,92,93,94,95,96,97,98,99,100,101,102,103,104,105,106,107,108,109,110,111,112,113,114,115,116,117,118,119
0,0.0,1.228494349728501,1.5057575540382493,0.7895163693015088,1.6377423487265383,0.7578608277245851,0.7871848266341299,1.2818171705967711,1.1450188081804433,1.0983429513682905,1.1907314424015496,1.199783962639411,0.8024501260518578,1.2247050180996224,1.6335524492218945,0.7515993342222349,0.9366388697480889,1.5593229955996424,1.7046429137684742,0.8523996048356446,1.2283557423856846,0.7699544038454795,0.7727570258271284,1.1441709926458006,1.1900854505450986,1.7496935111390106,0.8889011762942681,0.8105989973293535,1.148411852488783,1.194557221117407,1.346701164603874,1.840108400119453,0.8545877605934011,1.2279769276603008,0.7501603221991444,0.7664656033282631,0.791315824527997,1.1073591038687913,1.5524620659656407,1.1907314424015496,1.2247050180996224,1.3424093558694719,1.0443987765022467,0.7757493928350682,1.2338700055784386,1.7209834086807907,1.2071828856180797,0.7757493928350682,0.7919219601578567,1.4817588972931666,0.8150103280481311,0.9206998465098324,1.5716297567135171,1.6587713046001786,0.8150548347063311,1.8262101574408167,1.2312164004972108,1.194557221117407,1.1767498204431068,1.8257758086003837,1.1090365171605563,1.4044681237060788,1.2279769276603008,0.7963626216952673,1.2601001374408138,1.702317466225648,0.7966358729982363,0.7634841502456644,1.5986576612304022,1.5524620659656407,1.2201133559368416,0.8648208200949774,1.2476037302404466,0.8486137557080593,1.5886542469471088,0.7999382577745038,1.694158434133083,1.365687990135012,1.638492759677104,1.147385928082677,0.796362247484963,1.0279381534655032,1.8976709837489734,1.707426625790337,0.83140133983898,1.1558622800078866,0.791315824527997,0.9269485793078438,1.6356581861025774,1.8624054763216698,0.7644818172916272,0.7943152614719813,0.7566870327995536,1.6703428388038497,1.8506714168356961,1.5261467472380479,1.6335524492218945,0.805976604230735,1.2128574538071972,1.0570781887719356,1.5524620659656407,1.194557221117407,0.9320465492981087,0.9660086338696572,0.8545877605934011,1.0693099702261228,1.6335524492218945,1.7162710359611075,0.856200237263184,0.8219696868628396,1.2261707029490327,1.194557221117407,0.8016686880061202,1.32662410512011,0.7963626216952673,1.3950941789396774
1,1.228494349728501,0.0,0.705281126458754,1.2539578866627394,1.0602563507374725,1.2210440276605787,1.2138185841207971,1.2087999228427384,1.285676136108181,1.1483359625331369,0.696564349054589,0.09102461244092419,1.2123031603247558,0.1050873017531283,1.0622464786723185,1.2186538546442778,1.1408235909208129,0.7937430652303936,0.9422958257369171,1.2730966103923806,1.1265375266205278,1.2112773997528938,1.2553655513608497,1.134994533352738,0.13527095547658669,1.071271002536065,1.288904515780064,1.2613674001351303,1.1363007033078192,0.701929971548076,1.2545758585430737,1.1000717484419826,1.3141522988555554,0.09571901174451758,1.2151763083927032,1.233385263230968,1.2326730602155578,1.097113150579273,0.9803071568163745,0.696564349054589,0.1050873017531283,1.1207949487586417,1.124643806683515,1.2122592360638764,0.05303674469051334,0.9719575205192696,1.339578990979621,1.2122592360638764,1.2584017031800008,0.9887645975246393,1.2952704912140172,1.2421269290144228,1.0070850798072277,0.8345897400475207,1.2669757369565695,1.2393395379352246,0.10521046795934397,0.701929971548076,1.1591291323715793,1.2635673663073979,1.307334136300124,0.36427909246577955,0.09571901174451758,1.251570828770685,1.1637154646564931,0.9703534591259935,1.258611952511313,1.2219916638649642,0.8873877401532018,0.9803071568163745,0.12238437116435796,1.206738749105351,1.1095941724209926,1.3132854272260484,1.020955460015393,1.2611885957198263,1.0249489539928698,1.1043297338660043,1.0662816987037758,1.2536077875122433,1.2370006866259766,1.229247049224012,1.2119322293103985,1.0077808754774895,1.198209684256251,1.221778481312329,1.2326730602155578,1.2183451139165877,1.0582682582156206,1.1399445854131172,1.2279726290162565,1.254744660515886,1.2176962380450909,1.2520374868836106,1.1899173136010979,0.7504151277356648,1.0622464786723185,1.2538209430047522,0.18043843676065774,1.2398320344355482,0.9803071568163745,0.701929971548076,1.1686028652891947,1.2288789333238055,1.3141522988555554,1.0190031706665608,1.0622464786723185,0.9751475207939851,1.269605256960239,1.2393962232411855,0.27350206756693823,0.701929971548076,1.2361442795016726,0.4536628160697982,1.251570828770685,1.276532345500582
2,1.5057575540382493,0.705281126458754,0.0,1.5350610883148765,1.4192340390308962,1.4906424434674461,1.4823423487713194,1.4604754119394703,1.5911500402501402,1.439087085728707,0.9737511782270787,0.6894782366196381,1.4933811154830157,0.697210608331079,1.4150618073784063,1.488756467941253,1.4286463208214606,0.743708227565806,0.8667397788987221,1.5601913604968656,1.4636025094891554,1.4803646248806417,1.5417023279334396,1.3975580065032143,0.6722475671526733,0.9926027316149304,1.6092192494016901,1.5481004330548473,1.3992180388599162,0.9785725978846235,1.528127356142535,1.3975129139071263,1.6308100601609659,0.705281126458754,1.483637953935566,1.552531868175349,1.5070554249625114,1.3836189615575891,1.2891385508647364,0.9737511782270787,0.697210608331079,1.2935398393310469,1.411774807530532,1.4816689301888282,0.7019813921868393,0.8418534301737048,1.673688957697994,1.4816689301888282,1.5442843497442844,1.0803865274919273,1.6058306608898076,1.5561336962583059,1.3052375272371013,0.7571139394985184,1.5542360152655579,1.4367942302722465,0.7036477362629543,0.9785725978846235,1.4223848601779583,1.510583382908122,1.638316929926655,0.8191357114767528,0.6955620877123895,1.5334904656135222,1.4942358099514574,0.9060295155656837,1.5425323133043027,1.491897648382725,0.597388373600997,1.2891385508647364,0.7445784596537028,1.498289391461022,1.434628119441203,1.6296309203797055,1.3136496196481604,1.5467984784737954,0.8418534301737048,1.2739171912710163,1.4196955139348024,1.5527198408503553,1.5128469362217074,1.5128310832140481,1.4386146399191104,1.2134969705552014,1.4750964436127922,1.517293966289795,1.5070554249625114,1.5051011930952392,1.4168972574966725,1.3465647419209636,1.5011110669142154,1.536081139046833,1.4855583123667004,1.5551197314275,1.2599257379929378,0.635274456779489,1.4150618073784063,1.5383894086825023,0.6920610362228925,1.53607014569156,1.2891385508647364,0.9785725978846235,1.458671905812018,1.5173690769192107,1.6308100601609659,1.3150428825288427,1.4150618073784063,0.8824242963872395,1.5552767636882838,1.5162492026431953,0.7889632729032086,0.9785725978846235,1.5117007772041264,0.7857344034787291,1.5334904656135222,1.56987897555142
3,0.7895163693015088,1.2539578866627394,1.5350610883148765,0.0,1.6667140862985539,0.4680402134289081,0.4967152164119364,1.3134852468748026,1.0950123543343366,1.086802283417701,1.2082429216790902,1.2251112935686015,0.502015345272633,1.249468670491107,1.661252903544626,0.49960798649986016,0.9066348710417439,1.5927634393742494,1.73336863083895,0.38825201985440816,1.3215328043325634,0.4973055579549708,0.41705397911767195,1.049194741789693,1.215359431423465,1.7673540886952008,0.6167831950497342,0.4446880356723568,1.0458577727913418,1.211888832637307,1.3062390884865338,1.8625839665431603,0.39508744070027735,1.2528042869795613,0.5063707572484761,0.5687548703536047,0.541883280331692,1.0176552716744052,1.5739115461973154,1.2082429216790902,1.249468670491107,1.332545894961985,0.9524637305746857,0.5072729007546912,1.2587034088726403,1.7423480207736404,1.092467214099198,0.5072729007546912,0.4015898029556981,1.4785221970193996,0.4334659745674079,0.9475608075148635,1.594352267755635,1.6838393314200226,0.36313951345905937,1.8535795078595974,1.2561045083851234,1.211888832637307,1.255253420745602,1.850329294686102,1.0811837810543934,1.4387212949524137,1.2528042869795613,0.07065905102912362,1.1786957325957377,1.7125806028559931,0.33081964749041126,0.4469649024664806,1.620743628448044,1.5739115461973154,1.252321623455171,0.9496898633537612,1.1893616630135013,0.3859032318276874,1.610351088297675,0.3043642754635605,1.7101177136785626,1.3276103817760196,1.6648288405923886,1.0978810665016216,0.5263490598533289,0.9546356374351985,1.9227847380911425,1.7362209212543684,0.470247851345154,1.1308266463658287,0.541883280331692,0.7685474743403169,1.6642989650816307,1.8817411290638386,0.44269342259606237,0.016625842827383774,0.4902197470677019,1.698832191865748,1.857160762437367,1.569723049210162,1.661252903544626,0.3715022214345065,1.2392407077256757,0.9336502962943759,1.5739115461973154,1.211888832637307,0.9039162915886446,0.7569117264162835,0.39508744070027735,1.1013761834230107,1.661252903544626,1.7301667930197713,0.37843399438654446,0.5083491041454482,1.2516239554976807,1.211888832637307,0.5186521269653273,1.3547231588731747,0.07065905102912362,1.2825182539241078
4,1.6377423487265383,1.0602563507374725,1.4192340390308962,1.6667140862985539,0.0,1.6425944517761915,1.6418990081495792,1.7015654080515303,1.7023880681777606,1.5857952179239345,0.7286561673630539,1.0306858093895774,1.631193070877696,1.0628976308959797,0.07885955684255563,1.6392681373046611,1.5765532352676446,1.4004658599330084,1.6070495268480762,1.680452641256307,1.4854045028596126,1.6386925319158132,1.6583824403377643,1.6408076519167258,1.0304549414725923,1.658315187686507,1.6554044455941312,1.662348277950157,1.641770273982028,0.7286561673630539,1.6959126900589325,1.124049096442696,1.6866811080266386,1.0628976308959797,1.635224336179549,1.6063568587903978,1.6370750461392152,1.5266760924778433,0.07885955684255563,0.7286561673630539,1.0628976308959797,1.713217035804684,1.537965141480372,1.6392681373046611,1.0594439673045222,1.6300967432232405,1.710752834973088,1.6392681373046611,1.6600908907217269,1.6621501619978485,1.6672631052387885,1.617206447628574,0.13500317366537784,1.5444845491769106,1.6722280175497413,1.6623225520498277,1.0628976308959797,0.7286561673630539,1.5857952179239345,1.6872821282866153,1.67998393751578,1.2233523681442051,1.0743682522963252,1.6650316219938244,1.605766499278783,1.6455702228470113,1.6692172882058463,1.645748535012423,1.5392329144609063,0.07885955684255563,1.007520105141897,1.609017255573854,1.5708227332200422,1.6861178451462207,0.31537198309438175,1.6712366298394026,1.6490663147073599,1.6979952825183484,0.11290599242809418,1.6760098054157235,1.6397745727769821,1.6546361044342717,1.1871525420485134,1.5433500966068177,1.6380472870362401,1.6668068796000317,1.6370750461392152,1.6505219747275826,0.022413254683055328,1.200602421944438,1.6413067246501276,1.667774666327783,1.6379332394142891,1.66724117549607,1.3081424409632891,1.379315433778255,0.07885955684255563,1.6671490218864766,1.0602563507374725,1.6652130498473245,0.07885955684255563,0.7286561673630539,1.598991088290969,1.6603848790577784,1.6869646454230096,1.451559320364818,0.07885955684255563,1.6296490461533537,1.6835060092749097,1.6458913161419713,1.0626124541312878,0.7286561673630539,1.6384313285528789,1.149997833328246,1.6650316219938244,1.7046374854025335
5,0.7578608277245851,1.2210440276605787,1.4906424434674461,0.4680402134289081,1.6425944517761915,0.0,0.12122383132817682,1.1853699772891921,1.1838462002002341,1.0131744067331034,1.1855372472584647,1.1922809150362155,0.4121888012810986,1.2171632767965126,1.6376504388612285,0.11751358775812015,0.8679397470315919,1.5604226107519146,1.688136224143585,0.553606221090881,1.2934204825700315,0.12298452092105094,0.4737389545248778,0.9386892630449613,1.1825881070551851,1.7178550302268316,0.535750148977479,0.487527547001428,0.943718489243766,1.1894082963683879,1.2359310363662044,1.8297028450425683,0.49824732149197004,1.2204565932597393,0.15614774410086607,0.5167074933636644,0.2744184270684571,0.9824508543912794,1.5419638481874591,1.1855372472584647,1.2171632767965126,1.1894480594431667,0.9376642641228297,0.13950930413706653,1.2263223919301827,1.692066775793143,1.1145165089191076,0.13950930413706653,0.4654897155453741,1.375577496123455,0.29287392686146796,0.9115513934737256,1.5626314784520097,1.6416854709404751,0.529709600675057,1.8138525080523786,1.2237174985600716,1.1894082963683879,1.2004829453298809,1.8173731764398227,1.0724646851340047,1.4131019053976654,1.2204565932597393,0.45066087645117925,1.1346605002799417,1.6560180330408132,0.48650212120812375,0.09610598773998724,1.5732135749485787,1.5419638481874591,1.2301183750623894,0.9236817695317374,1.1336022073990684,0.49086072452786866,1.578559466757031,0.487527547001428,1.6501490441703188,1.2057412795291198,1.6418990081495792,1.079439477961179,0.2766458560711693,0.9454283476856191,1.8973903718401794,1.6998772546292276,0.4237125439002787,1.1075959868023537,0.2744184270684571,0.735618813498158,1.6401345669419964,1.8468775428421091,0.11181687605868396,0.4737389545248778,0.12761891169620165,1.6851335717114688,1.8184836443868626,1.534503339863491,1.6376504388612285,0.4622949813584374,1.2061631798375103,0.9204327715266523,1.5419638481874591,1.1894082963683876,0.8808974885735581,0.7360698599464386,0.49824732149197004,1.0135466356649352,1.6376504388612285,1.6831271520719837,0.5496283055513109,0.28040643461186976,1.218920198780168,1.1894082963683876,0.2870512892260879,1.3268897449907142,0.45066087645117925,1.245315693773018
6,0.7871848266341299,1.2138185841207971,1.4823423487713194,0.4967152164119364,1.6418990081495792,0.12122383132817682,0.0,1.173637885337619,1.1902588179561555,1.0175260572951499,1.1800613546227985,1.1851706032037395,0.4139140943338624,1.2100263163056892,1.6368834330544062,0.1583272360771506,0.8566600105970261,1.5604226107519146,1.6799372267192385,0.5904873359813594,1.2934204825700315,0.042267070500324744,0.5170162249328831,0.9123702187076858,1.175497388864952,1.7089101275445795,0.5551157837086664,0.5289349901098739,0.9173787996834555,1.1839772219799933,1.2249014304220187,1.8206591309587365,0.49824732149197004,1.213293320852564,0.18023870175329537,0.5167074933636644,0.29804786911476033,0.9744157321012006,1.5328010819708826,1.1800613546227985,1.2100263163056892,1.150204796346896,0.9369247776054128,0.0299992007614458,1.21916758580068,1.6815961247380533,1.1271634316484653,0.0299992007614458,0.5081820076405938,1.3564405424241714,0.29287392686146796,0.8975648217945089,1.5537994242234334,1.6341727564826343,0.5834531343894651,1.80570293198972,1.216528816259626,1.1839772219799933,1.1954973977014287,1.8091429112043658,1.0848976098524217,1.4131019053976654,1.213293320852564,0.48029145946802876,1.1125782303813954,1.6445184945120008,0.5284936689700412,0.1304977130174132,1.5633150056961391,1.5328010819708826,1.2301183750623894,0.9332942738425204,1.1304735206714391,0.49086072452786866,1.5694722369875904,0.5289349901098739,1.6411730218558365,1.1766449816430073,1.6411048154617889,1.090602695496508,0.2967840664366661,0.9599906083070595,1.8962223973715953,1.6933523966599626,0.40096270780047094,1.1047466476923562,0.2980478691147601,0.7458466662089256,1.6394034639458348,1.836567124518779,0.20348560940382687,0.5021081600126427,0.1692250261266175,1.681473280969348,1.8040951045609677,1.534503339863491,1.6368834330544062,0.5062776957204174,1.199175115795867,0.9345765235402042,1.5328010819708826,1.1839772219799933,0.8860916068346116,0.7333148646196119,0.49824732149197004,1.000891948879428,1.6368834330544062,1.6722786032118906,0.5718657201537767,0.29821976353711,1.211500897914345,1.1839772219799933,0.3081732743484009,1.3268897449907142,0.48029145946802876,1.23069647244259
7,1.2818171705967711,1.2087999228427384,1.4604754119394703,1.3134852468748026,1.7015654080515303,1.1853699772891921,1.173637885337619,0.0,1.658438401093482,1.3423132905718496,0.9788972632511753,1.1783812329298975,1.2277771686332568,1.212575090745998,1.6949481635263,1.1699394081045984,1.3692523148076203,1.4133301064918906,1.54968779261113,1.356011300913898,1.5057520401994724,1.1739800223015138,1.3041737524960313,1.0336545043082541,1.1754653315001315,1.6079865860078961,1.4003456125691716,1.3190507030920775,1.0427483029009719,0.9788972632511753,1.3239565977768226,1.9198024071341322,1.3521482533301497,1.212575090745998,1.1460077467746,1.2117099808384795,1.1500024798874684,1.3160870538324208,1.6949481635263,0.9788972632511753,1.212575090745998,0.7842060831174593,1.3313161686669817,1.1699394081045984,1.2004947333656901,1.5599568352922235,1.7019140356625275,1.1699394081045984,1.3066245019934166,1.0472957282956183,1.268184160186475,1.3920549156237592,1.711995739899308,1.5291245623732865,1.362573939336571,1.8712329928954041,1.212575090745998,0.9788972632511753,1.3710663327006807,1.9097414016540348,1.456045221963004,1.3384370850715102,1.223853172906829,1.311279341755074,1.5743757558974696,1.5454193657783768,1.325593368743597,1.196369455990239,1.4645156765680198,1.6949481635263,1.1432454991283882,1.411392686774636,1.5078391820952604,1.34664334491198,1.7182911521693933,1.3472109357748818,1.5524216635448842,0.6797472218288789,1.6992792228878633,1.6795464414672385,1.1658641296916534,1.395740691112283,1.8426560769711517,1.537444531659065,1.2460595134927581,1.447590053440423,1.1500024798874682,1.4440535007283335,1.6988639372393999,1.901070891736937,1.1893939133755045,1.3195689991822506,1.1620704457349618,1.8703582424121192,1.731222974955173,1.3324491755961791,1.6949481635263,1.333386617522929,1.2087999228427384,1.5582023387448336,1.6949481635263,0.9788972632511753,1.4206817998582326,1.4498260202553261,1.3521482533301497,1.385341942518851,1.6949481635263,1.5551492957905477,1.3396646566131736,1.1881801976024355,1.242497331962923,0.9788972632511753,1.1699394081045984,1.256457695988006,1.311279341755074,1.6273854218422947
8,1.1450188081804433,1.285676136108181,1.5911500402501402,1.0950123543343366,1.7023880681777606,1.1838462002002341,1.1902588179561555,1.658438401093482,0.0,1.3427411813511054,1.229357265673094,1.253499294504243,1.1536161131045908,1.2795101930135555,1.698822860638291,1.1843958864835549,1.208271599914121,1.6529162338330583,1.7977670084161275,1.1028165597649715,1.3876595729297172,1.1828075582376447,1.0830851058413562,1.2671985053652133,1.2462523265588081,1.8395984979389206,1.2144062589882358,1.1054065830909339,1.2648691381429367,1.2326651572622833,1.6310749521159966,1.901167007967848,1.1221886097791482,1.281774443896598,1.1875634879919779,1.1915665696994018,1.1960842630029245,1.2147057408630249,1.612681532711274,1.229357265673094,1.2795101930135555,1.5892239528844367,1.2749208807815866,1.187893703503561,1.2891306879943683,1.8079856844866486,0.9723063558982687,1.187893703503561,1.1027771302307887,1.665602480299007,1.2212070692342123,1.3194279374863385,1.6314801782186856,1.7383577890347741,1.1017743400948086,1.872216503011221,1.2854760909178844,1.2326651572622833,1.5221270805535345,1.8743213361710034,1.2201142298568324,1.4811635662807445,1.2831967096119505,1.079982347804438,1.37833196491178,1.7943636567689316,1.0992814021539825,1.1732478858336512,1.6978759381840614,1.612681532711274,1.2863474568123467,1.3239011578819753,1.343126126094091,1.1273265630488791,1.650035920982129,1.0970656467668278,1.7969274566847868,1.6069497524147356,1.705519704046422,1.2108005968746705,1.196881498975523,1.2898412632124168,1.9713464843473512,1.789758641295825,1.106837518325134,1.2130568890814146,1.1960842630029245,1.1871389840619861,1.6994140000193951,1.9230672482509974,1.1873489176436425,1.091549327478134,1.1793738722923335,1.8187445800553628,1.942677128453396,1.6319428445880988,1.698822860638291,1.0815604520196698,1.268154864799219,1.1267643584655167,1.612681532711274,1.2326651572622833,1.250656728541112,1.1844979271548066,1.1221886097791482,1.2880896717846206,1.698822860638291,1.8075211900866903,1.1339141369397316,1.1725630221738546,1.280872709612429,1.2326651572622833,1.1921603786411912,1.4061710845857973,1.079982347804438,1.3912667959429081
9,1.0983429513682905,1.1483359625331369,1.439087085728707,1.086802283417701,1.5857952179239345,1.0131744067331034,1.0175260572951499,1.3423132905718496,1.3427411813511054,0.0,1.1364523369344486,1.123519140026261,1.0709839975207045,1.1492342447359984,1.5814075060978965,0.9848109114530623,1.1001302314365415,1.5027830366803074,1.6289275197039201,1.1459031902415782,1.3551196714840084,1.0062968796866363,1.0733148003852868,1.1746072775920569,1.1110360230254521,1.6518995516611779,1.1184418906945877,1.0815567730730429,1.177971952289012,1.1406543284251496,1.329289805111911,1.7691351215772475,1.1454852305112806,1.1519793608836817,0.9696181503573255,1.1034324298977025,1.0048186417081957,1.1202322876812096,1.4815385698778711,1.1364523369344486,1.1492342447359984,1.2859454562955481,1.1370413506009887,1.0100599253528495,1.157407232574291,1.6297968278990003,1.39864244073111,1.0100599253528495,1.077519897762483,1.3616242358814405,1.0642734436330894,1.102123601981888,1.5009711129503753,1.5830183224750614,1.1222336487380804,1.7434282446766185,1.1562077268521382,1.1406543284251496,1.127137266883301,1.745380283207083,1.3420133222746558,1.3626863569209624,1.1519793608836817,1.1018611480190001,1.1749928409517045,1.6104375908425341,1.0972524602150697,1.025268227345175,1.5085085387551296,1.4815385698778711,1.1718458549015767,1.1304321952654184,1.1775077176714905,1.1413037605398113,1.5178496124791243,1.106431250904717,1.580918120330774,1.2729602128820992,1.5859245891325855,1.3541387930169175,1.022428243703268,1.1961181691083036,1.8478132708496389,1.6405448034923225,1.0473330788218542,1.266126855624859,1.0048186417081957,1.1342848340100276,1.583611415465171,1.7904572898551863,1.0298952306758644,1.0899438372222516,0.9810430552522482,1.6410785596503699,1.77557518411342,1.4663636717170705,1.5814075060978965,1.0753347969495262,1.1421890884737,1.2640978799574882,1.4815385698778711,1.1406543284251496,1.1800440327161894,1.1588391737309613,1.1334297726193454,0.9215007143979196,1.5814075060978965,1.6247470161186368,1.118199829388335,1.0155320648971256,1.1434856324969573,1.1406543284251496,1.018941371912554,1.283073062957445,1.1018611480190001,1.4507462441903056
10,1.1907314424015496,0.696564349054589,0.9737511782270787,1.2082429216790902,0.7286561673630539,1.1855372472584647,1.1800613546227985,0.9788972632511753,1.229357265673094,1.1364523369344486,0.0,0.6700315317863162,1.1793569283208691,0.693679937575375,0.7241822337628478,1.1835169404602794,1.1227253704574216,0.6718514706164251,1.1501153458541815,1.2205591823768644,0.7749456819597625,1.1779347229847597,1.2087394743439295,1.1682534667614488,0.6608870243954509,1.1835169404602794,0.9312622754557591,1.2125599768780302,1.1690252304109696,0.02748550010819173,0.9765893815711264,1.2220519826631366,0.9585987379341572,0.696564349054589,1.1807613373394736,0.8792091691828625,1.1932237016299705,1.0864985751958136,0.9931299583410946,-8.265388373729365e-12,0.693679937575375,1.2254950693119335,1.11019163200464,1.1786480529507597,0.7022874862350253,1.1594632374778633,0.9821315331493564,1.1786480529507597,1.21068343862931,1.1807613373394736,0.9402174961536435,0.8900844772088619,1.0100830873584041,1.1003156019862321,1.2161116359166726,1.215248833399425,0.6994334731147095,0.02748550010819173,1.1402003648869439,1.2139232632462624,0.9578022572032391,0.5055140854567661,0.696564349054589,1.2067278581790424,1.1635273909384023,1.1586366088913114,1.2111588857500666,1.1862018733957282,1.0768662674547087,0.9931299583410946,0.3179525458745632,1.174301057574869,1.1175901424657018,0.9578022572032391,1.024846556344421,1.2125599768780302,1.1594632374778633,1.2197879347167198,0.7286561673630539,1.2087394743439295,1.1962413431811356,1.1980000484637627,0.9909543918393737,1.1420457203254084,1.1697924633935473,1.1944437550211355,1.1932237016299705,1.182834678141308,0.7264249086244394,1.2337626463296363,1.190097485129502,1.2087394743439295,1.182834678141308,1.2082429216790902,1.233593026311639,0.6513325891256871,0.7241822337628478,1.207742137200931,0.6849331444440111,1.201953140144289,0.9931299583410946,0.02748550010819173,1.1447781104868828,1.1907314424015496,0.9585987379341572,1.021942273167684,0.7241822337628478,1.1611026766655992,1.2190000927812785,1.1980000484637627,0.693679937575375,0.02748550010819173,1.1956464733645793,0.42639529276319393,1.2067278581790424,1.22516928501466
11,1.199783962639411,0.09102461244092419,0.6894782366196381,1.2251112935686015,1.0306858093895774,1.1922809150362155,1.1851706032037395,1.1783812329298975,1.253499294504243,1.123519140026261,0.6700315317863162,0.0,1.1834849690298532,0.12533765670884,1.034065429767322,1.1900364745881449,1.1119630847467468,0.7676958426165652,0.9438398905192894,1.2438428799241883,1.0990226544699209,1.1827625683353447,1.2269003233877716,1.101128981361712,0.1548767673249623,1.0452921925539356,1.2627207892949694,1.232971786256552,1.102429051052474,0.675433326886931,1.222302759039693,1.0810487825409036,1.2861335710356923,0.11365443348645288,1.1866853967356235,1.2056248607092046,1.2043078636737372,1.0683478217760136,0.9521002782798516,0.6700315317863162,0.12533765670884,1.1041702106461524,1.0944049992710108,1.1837503000837504,0.106450540651297,0.9723605219450182,1.3135925718175219,1.1837503000837504,1.2299708736385806,0.9879635598851289,1.2672523088113878,1.2137564899243716,0.9792726043849227,0.8405580038749734,1.2384721725369408,1.2104877205977325,0.1212466181234434,0.675433326886931,1.1309247220251035,1.234616448037498,1.2773723081159907,0.3964386157115847,0.13291471092293916,1.2226994400958906,1.1412438080826146,0.9708270721965324,1.229816341271103,1.193234949567789,0.8671211313187592,0.9521002782798516,0.05129091506341754,1.178670079024476,1.0862828477372353,1.28524574601135,0.9912916189661433,1.2326125696173196,1.0082228212168234,1.0883901220520922,1.038113748769553,1.224344796217774,1.208671826397923,1.2000895129217402,1.1897377954751374,0.9851267087252349,1.169143434158657,1.1904217019560341,1.2043078636737372,1.189933332715458,1.0286909538392126,1.1192080608844268,1.1994206050004128,1.2259064358803344,1.1890726260733084,1.2225344545140273,1.1784673445301572,0.7238840880403488,1.034065429767322,1.225338823673819,0.18638969103030523,1.2097327624622163,0.9521002782798516,0.675433326886931,1.140032743271428,1.199783962639411,1.2861335710356923,0.9924462114897186,1.034065429767322,0.9754100354444022,1.240067387873217,1.2109372736124913,0.24954713713354842,0.675433326886931,1.2078080452710274,0.4264869049691986,1.2226994400958906,1.247207310992645
12,0.8024501260518578,1.2123031603247558,1.4933811154830157,0.502015345272633,1.631193070877696,0.4121888012810986,0.4139140943338624,1.2277771686332568,1.1536161131045908,1.0709839975207045,1.1793569283208691,1.1834849690298532,0.0,1.2083187591278348,1.6261243544359247,0.4493682720946188,0.8220842222435768,1.555971187772654,1.6921720078791858,0.5626116202782361,1.281172019609048,0.40636280594112906,0.564962538756772,0.9535544393023359,1.1738003207211118,1.7281681478046527,0.5677321356908864,0.5915321677866991,0.9583652552239619,1.1832783666156876,1.2662792758022468,1.823136162899911,0.5736855882887415,1.211635916719195,0.4639862449078256,0.46638786067568905,0.5179591646903503,0.9436664435038782,1.5349173224507098,1.1793569283208691,1.2083187591278348,1.2435019579403388,0.885710461628481,0.4138393531137259,1.2174694893993032,1.6987141252729638,1.0542371434393598,0.4138393531137259,0.5574639549591012,1.4298151048688812,0.41989231624105416,0.8373691423983219,1.555205335774631,1.6415372765783993,0.5268189850938072,1.811998671124297,1.214920691329202,1.1832783666156876,1.2456594894009094,1.8110045401990187,1.0631270471617116,1.3994632094270414,1.211635916719195,0.5154613306912477,1.1315153075139517,1.66274158625163,0.48714122910060054,0.3892547942785505,1.5869624070141797,1.5349173224507098,1.2159288228723388,0.9101748294335661,1.1198206006367841,0.5670192021191607,1.5713022393138933,0.4863419844713073,1.669202828595114,1.2797997335101798,1.6304390075821003,1.009456430184915,0.5205397306958521,0.9365060369073434,1.8863759597030703,1.7001154966080183,0.3633810444079011,1.0434958857288028,0.5179591646903503,0.6957872149757025,1.628867246624563,1.8416284430146932,0.38506531919384646,0.5073674921947384,0.44245412894078107,1.6779810093558114,1.82110111938895,1.5313102099091784,1.6261243544359247,0.4655570593673628,1.1990284328472498,0.8309913828578165,1.5349173224507098,1.1832783666156876,0.8818679177561115,0.6587162997312763,0.5445737148478411,1.0071327122786737,1.6261243544359247,1.6913417367174353,0.5259368292055524,0.4824758634999209,1.2105309804062498,1.1832783666156876,0.5146455565584216,1.3160240629872895,0.5154613306912477,1.173444471854154
13,1.2247050180996224,0.1050873017531283,0.697210608331079,1.249468670491107,1.0628976308959797,1.2171632767965126,1.2100263163056892,1.212575090745998,1.2795101930135555,1.1492342447359984,0.693679937575375,0.12533765670884,1.2083187591278348,0.0,1.0669287668518526,1.2149191690618546,1.1357293602858076,0.7996839564555092,0.9277642990909472,1.269075073405008,1.1388981503476852,1.2076322874000536,1.2519362260881266,1.1257755912098215,0.1642407547875877,1.0709396767440054,1.3015953634558852,1.2580268958619858,1.1270938950006881,0.6990495936768488,1.2728676621430914,1.0858393125855044,1.3247643076561302,0.015099384523483472,1.2115773725938745,1.2446612338392116,1.2292911743484753,1.0927316255354689,0.9712795612402559,0.693679937575375,-8.327338818503449e-12,1.1097032162545457,1.1197266042240814,1.208625684754192,0.06306053187439487,0.9605653184488875,1.3524443870055722,1.208625684754192,1.2550168390775884,0.9887600612348064,1.306975403345914,1.2531867074722018,1.0017530235771992,0.8353488898629033,1.2631226770210926,1.2350548607575893,0.027101620670300086,0.6990495936768488,1.1563205674717834,1.2602375046649232,1.3165006803416182,0.39558193372349376,0.015099384523483472,1.247022976319642,1.1685844886222683,0.9704965157927736,1.254239543636461,1.2181223759276016,0.8797565822913733,0.9712795612402559,0.15239533918827386,1.2037818393987911,1.1143449170657358,1.3238656793082766,1.020815157442494,1.2571812027183953,1.0248536362490108,1.0931940866836323,1.0708867288326807,1.2485287448571942,1.2336753488242684,1.2219515355059618,1.2026560765224141,1.000543214983636,1.1938941186047425,1.2119027338539978,1.2292911743484753,1.2148869409474268,1.0609480584127635,1.1258300442756517,1.2243523200274822,1.2502749547635692,1.2139500578156195,1.248650310312584,1.1887177218077665,0.7560451038090554,1.0669287668518526,1.2499283167299002,0.139917294031907,1.233588186992294,0.9712795612402559,0.6990495936768488,1.164803865477886,1.2247050180996224,1.3247643076561302,1.0181746849457047,1.0669287668518526,0.9637601725792674,1.265361787843244,1.2359231779305415,0.2922518908559529,0.6990495936768488,1.2328076495727052,0.49413266849314696,1.247022976319642,1.2715757480644636
14,1.6335524492218945,1.0622464786723185,1.4150618073784063,1.661252903544626,0.07885955684255563,1.6376504388612285,1.6368834330544062,1.6949481635263,1.698822860638291,1.5814075060978965,0.7241822337628478,1.034065429767322,1.6261243544359247,1.0669287668518526,0.0,1.6342254492184631,1.5726196931406897,1.395882838260711,1.601901124763192,1.6757986252523478,1.4818316719355178,1.6337078071206312,1.653487418969836,1.6368838700167423,1.0318366961050065,1.6530299379567894,1.6502144868479336,1.6574362678798729,1.637860560406098,0.7241822337628478,1.6915981922444596,1.1276386634660958,1.6819202952986931,1.0669287668518526,1.630141188822803,1.6015119587732856,1.6319468741558956,1.5219781305282243,-7.72892860823049e-12,0.7241822337628478,1.0669287668518526,1.70838807696487,1.5337656923454814,1.6342254492184631,1.063406488524217,1.623764550343025,1.7063137452473252,1.6342254492184631,1.6551508347346393,1.6582228253291862,1.6616656047026053,1.6124851375123064,0.12520173246286403,1.539372513830423,1.667517088007635,1.6603643195685627,1.0669287668518526,0.7241822337628478,1.5814075060978965,1.6817308760620222,1.6745846601889356,1.2216663130231966,1.07663816653256,1.659672091712233,1.6016012195989946,1.6405769283952987,1.6644634122997497,1.640773841963675,1.5348661005220448,-7.72892860823049e-12,1.0153179272628299,1.6043856413487183,1.5665469911029046,1.6814176918664256,0.25689004290076345,1.6665113533914562,1.6446394085276757,1.6929543435969052,0.07885955684255563,1.6723072682682458,1.6346734015149307,1.6504557206006103,1.1903280147518527,1.540405493817137,1.6323677559325027,1.6629928102330693,1.6319468741558956,1.64573140908208,0.06267666119943183,1.2031913642419712,1.6363491128459704,1.662348000066274,1.6328770369918786,1.6642119381824196,1.2711212966801968,1.3751103331167782,-7.72892860823049e-12,1.662366671411489,1.056268130415794,1.6611223136627804,-7.72892860823049e-12,0.7241822337628478,1.594334025428721,1.6556483279256915,1.68227929502529,1.447311802969346,-7.72892860823049e-12,1.6234529239256918,1.6787616479162732,1.639670515010355,1.0632936102248796,0.7241822337628478,1.6333166429546142,1.1474454539939714,1.659672091712233,1.7005163757528494
16,0.7515993342222349,1.2186538546442778,1.488756467941253,0.49960798649986016,1.6392681373046611,0.11751358775812015,0.1583272360771506,1.1699394081045984,1.1843958864835549,0.9848109114530623,1.1835169404602794,1.1900364745881449,0.4493682720946188,1.2149191690618546,1.6342254492184631,0.0,0.8562816586993673,1.5595890175255274,1.6891541146989186,0.5676747281310457,1.2864125979988887,0.1438406248678481,0.47515768002208314,0.9069091114575887,1.1803587280153254,1.7191021655932757,0.5527999836125743,0.48776977924052245,0.9120325896584647,1.187404848912716,1.23272764425082,1.82638100067716,0.5125861107949639,1.2181729286237024,0.08129231337598153,0.5213972870404895,0.2429823844500294,0.9543665187556282,1.538160492017105,1.1835169404602794,1.2149191690618546,1.167260642304493,0.9078880053174301,0.13459392458261377,1.2240650958640025,1.6914011804677036,1.1228501877469972,0.13459392458261377,0.4660601418132133,1.3720430792613412,0.311478717090403,0.8986209268872091,1.5590462533014664,1.6423128292048248,0.5594887490366265,1.8110188796572972,1.221395163389633,1.187404848912716,1.1908923950193806,1.8141772340770113,1.0698827319349038,1.4119871580147083,1.2181729286237024,0.4828039582980894,1.1006380244503515,1.655929957874558,0.48726933505624515,0.12763506299386096,1.5710920521899707,1.538160492017105,1.2290038868036086,0.9193237384711082,1.1165922864061748,0.5053428537979407,1.5748271911610487,0.5185270923210654,1.6501490875580886,1.192216461071266,1.6384313285528789,1.0898535506969051,0.2616015459980736,0.9395186190985899,1.8940102169649098,1.6998253602922295,0.43404173657290657,1.0867494805917262,0.2429823844500294,0.7189822720209655,1.6367590225133621,1.8430894611455093,0.18279169933301742,0.5051226556646671,0.0722892108784301,1.6816385307373567,1.8145341364640664,1.533884651469778,1.6342254492184631,0.44827324226934495,1.2041519556009492,0.9329089545424214,1.538160492017105,1.187404848912716,0.8781460399265203,0.7296872303354269,0.5125861107949639,1.0054664204875772,1.6342254492184631,1.6826463280914494,0.5639639609143206,0.2831132920012751,1.2159943077656328,1.187404848912716,0.27301989321481046,1.3264969341479884,0.4828039582980894,1.2245355527172144
17,0.9366388697480889,1.1408235909208129,1.4286463208214606,0.9066348710417439,1.5765532352676446,0.8679397470315919,0.8566600105970261,1.3692523148076203,1.208271599914121,1.1001302314365415,1.1227253704574216,1.1119630847467468,0.8220842222435768,1.1357293602858076,1.5726196931406897,0.8562816586993673,0.0,1.514817130677302,1.6290935449956174,0.9752283054793837,1.2383764102585038,0.8446445524588948,0.9305888248762223,1.1151402952986387,1.102910347429094,1.6724443619072913,0.910722860907988,0.9566935264940278,1.1185422990982463,1.126999991800941,1.4114901379553335,1.7519047494399462,0.999980240680878,1.1390298527324312,0.860621737735171,0.8552891085051146,0.9224902928520077,1.0119733771699018,1.464465423161192,1.1227253704574216,1.1357293602858076,1.3564092972683985,0.9786867331977076,0.848671652310654,1.1455447757649224,1.6410581567230123,1.1711509117393375,0.848671652310654,0.9336181843155212,1.4323343973143479,0.9430074634753021,0.8646336510684607,1.4832732186707616,1.5799555864094388,0.9412851699423177,1.7404309248655245,1.142301465847386,1.126999991800941,1.1703378816947207,1.7375231207545405,1.1872384699923761,1.35444028282131,1.1390298527324312,0.9068722371009006,1.1802379032299957,1.6121891144717477,0.9266239989287469,0.8515557952230428,1.5258375783552567,1.464465423161192,1.1682557061315229,0.9212345237625417,1.1616130866116383,0.9954553828808828,1.5005491071657178,0.9364133713306352,1.6216472095719163,1.385773140464463,1.5784519221329738,1.069562447576724,0.9307032459908497,1.0057431163162411,1.8400882890231456,1.635090150441645,0.7883726878757906,1.103026002635236,0.9224902928520077,0.8822302312257498,1.5745958228501562,1.7722610355753936,0.8744975452746463,0.9100051494066921,0.8624220369924263,1.5876760633675286,1.7671013922976542,1.4919042604057982,1.5726196931406897,0.9136524269610461,1.1256484771366013,0.9838800957248504,1.464465423161192,1.126999991800941,0.9009360797771091,0.8981500301194302,0.9853786122926123,0.9686890991232726,1.5726196931406897,1.6411483441006054,0.9526598835568622,0.9316078154739749,1.1380632585978945,1.126999991800941,0.9271576095081682,1.2755913611480034,0.9068722371009006,1.241462989800436
18,1.5593229955996424,0.7937430652303936,0.743708227565806,1.5927634393742494,1.4004658599330084,1.5604226107519146,1.5604226107519146,1.4133301064918906,1.6529162338330583,1.5027830366803074,0.6718514706164251,0.7676958426165652,1.555971187772654,0.7996839564555092,1.395882838260711,1.5595890175255274,1.514817130677302,0.0,0.8674405795684829,1.6085136941276896,1.441917141195328,1.5579683389138406,1.585752055793772,1.5040183616045568,0.7441869128781401,0.9662912993991151,1.589382093661674,1.5912169130393303,1.5059912514954286,0.6718514706164251,1.547732705198889,1.5618171696011667,1.6141489166289555,0.7996839564555092,1.5522120432958446,1.5291975285362076,1.555535494013355,1.4599584648337534,1.395882838260711,0.6718514706164251,0.7996839564555092,1.401021524844955,1.4573159494925938,1.5595890175255274,0.8016721910403313,0.9714193368886108,1.6539017079589269,1.5595890175255274,1.5885090398602253,1.2073993501304552,1.5854779433999617,1.539067224583038,1.4136545814193273,0.8006390923452189,1.602801308763716,1.4946189566908255,0.7996839564555092,0.6718514706164251,1.5027830366803074,1.5960143842874719,1.6181258529850917,0.88365505303157,0.7976304083090027,1.5920261586224744,1.552445639755431,1.0616236937412582,1.5972792088463534,1.5651930588702976,0.8300397899091126,1.395882838260711,0.7598135984232284,1.5370720079990743,1.5145519658548348,1.6130123098135285,1.4294997715063962,1.5998331816278992,0.9627800584127384,1.3760593011062163,1.400271054651388,1.624834769950248,1.558806590007337,1.5758764343199714,1.401324814042328,1.185348136673512,1.5609269372805294,1.591877837440592,1.555535494013355,1.5833374330851884,1.3982522922680256,1.4843266005663007,1.5611967064932328,1.5940907878034372,1.555535494013355,1.631957966304114,1.405600411991502,0.48968940475831246,1.395882838260711,1.5964863443492952,0.8054508256567706,1.6050648196264379,1.395882838260711,0.6718514706164251,1.5317287992681328,1.593895811961668,1.6141489166289555,1.3890951090053119,1.395882838260711,1.0541244471077882,1.6113985158834265,1.5659410002776526,0.8396164134997102,0.6718514706164251,1.557177565061919,0.6939565122104691,1.5920261586224744,1.642939648406589
19,1.7046429137684742,0.9422958257369171,0.8667397788987221,1.73336863083895,1.6070495268480762,1.688136224143585,1.6799372267192385,1.54968779261113,1.7977670084161275,1.6289275197039201,1.1501153458541815,0.9438398905192894,1.6921720078791858,0.9277642990909472,1.601901124763192,1.6891541146989186,1.6290935449956174,0.8674405795684829,0.0,1.7641166786970068,1.644296519747041,1.6772526053215073,1.7389329800696522,1.6191530524368383,0.9295763995537722,0.8640048448146266,1.7938776303282844,1.7452850313273849,1.6210039919291577,1.1542381926223804,1.7282938256179117,1.598594183214944,1.8146230185393677,0.9422958257369171,1.6832715317325553,1.7252208541509126,1.6998867083977098,1.5840105665768889,1.4921204501348913,1.1501153458541815,0.9277642990909472,1.4966804904411775,1.6100428986537676,1.6787702224185763,0.9417068834937932,0.6312819902678797,1.8654072243535877,1.6787702224185763,1.7421420745557643,1.2745005349897864,1.7860955170387947,1.7352286817923146,1.5087488585015856,0.5020632333719697,1.75654773975966,1.6360538675123706,0.9420122491954728,1.1542381926223804,1.6048412378238592,1.66754772928905,1.815175164527731,1.0506634240396102,0.9274655921266135,1.7327676776128325,1.7006910062502711,0.8598176904920595,1.7472502919366477,1.6931728395169863,0.8746231336203971,1.4921204501348913,0.9899346320743503,1.6978184485054297,1.640834241513747,1.813195155937061,1.512877533611529,1.7492660146414871,0.9987775291440839,1.4678503244476717,1.6070495268480762,1.7599946380297942,1.706802405141776,1.7173844261700626,1.483903035545386,1.3131584689209423,1.669509649042392,1.7185748930452847,1.6998867083977098,1.7132872171218407,1.6044870341455673,1.5249172772559034,1.6999265285804128,1.7345671196196901,1.6859043219424314,1.7624314113282495,1.3540492661253445,0.9437755670561123,1.601901124763192,1.7432362246506374,0.9650507444540082,1.7449431169235696,1.4921204501348913,1.1542381926223804,1.6636898192636365,1.7224979703885714,1.8146230185393677,1.5101207849539338,1.601901124763192,0.8055122932199243,1.7600744502892962,1.7073615108204923,1.0420456617065228,1.1542381926223804,1.7054355095531848,0.9798744020026561,1.7327676776128325,1.7775218228249898
20,0.8523996048356446,1.2730966103923806,1.5601913604968656,0.38825201985440816,1.680452641256307,0.553606221090881,0.5904873359813594,1.356011300913898,1.1028165597649715,1.1459031902415782,1.2205591823768644,1.2438428799241883,0.5626116202782361,1.269075073405008,1.6757986252523478,0.5676747281310457,0.9752283054793837,1.6085136941276896,1.7641166786970068,0.0,1.3552830396650268,0.6038104571336937,0.5168142726277458,1.0433665735100621,1.2347997814239833,1.798198231394047,0.6590666907004654,0.4824129532480399,1.0402427738759534,1.224036193126301,1.3383708230527007,1.8836628521959218,0.19649801926348776,1.271651013423446,0.601224639873982,0.680181012596176,0.6244803246305144,1.0361777314841307,1.5967583576265998,1.2205591823768644,1.269075073405008,1.3685796252341482,0.9861337698671832,0.5993989689556436,1.277563523092909,1.7739238367946506,1.0483969120095322,0.5993989689556436,0.46421592593499805,1.5306197044617078,0.307321817204814,0.9830366888372483,1.6166303642458297,1.7101990643375498,0.12399057018249193,1.8705643733123147,1.2750268801294957,1.224036193126301,1.340939864021892,1.871882542421425,1.1001525969409949,1.4509639968593224,1.2724358096881665,0.3740419328394702,1.1367169568139714,1.750917739935356,0.2964616640428992,0.5327176010493286,1.653735588868654,1.5967583576265998,1.2648191471813914,1.0178119272035855,1.1895113485519988,0.18408135515961255,1.6323947906778393,0.2559585890765499,1.7453158433315425,1.3791622431643864,1.6794139847879284,1.105318165091262,0.6000169749925646,1.0261866112721614,1.93844339532998,1.7629433200813402,0.6189748431607307,1.1623288690323075,0.6244803246305142,0.7697263629842221,1.6783288278939696,1.9047160174427846,0.550618547881794,0.38185114630836203,0.5876427818880665,1.7579300517321463,1.896705503866525,1.5854964255864517,1.6757986252523478,0.3069686003944514,1.2577498730063172,0.9347290081851556,1.5967583576265998,1.224036193126301,0.9603474748061324,0.7420328302436277,0.16566217256008753,1.099861459099083,1.6757986252523478,1.7659879376697767,0.2820989641372802,0.5848962056777627,1.270836712278757,1.224036193126301,0.6049819882252123,1.3680493303249288,0.3740419328394702,1.2580027921454353
21,1.2283557423856846,1.1265375266205278,1.4636025094891554,1.3215328043325634,1.4854045028596126,1.2934204825700315,1.2934204825700315,1.5057520401994724,1.3876595729297172,1.3551196714840084,0.7749456819597625,1.0990226544699209,1.281172019609048,1.1388981503476852,1.4818316719355178,1.2864125979988887,1.2383764102585038,1.441917141195328,1.644296519747041,1.3552830396650268,0.0,1.2828750649000176,1.3047196763778646,1.4218879413086714,1.08876947007021,1.700118980847425,1.313752384916607,1.3177579690211623,1.4248932207874763,0.7749456819597625,1.5735175578070333,1.7583096070814974,1.3694910404506797,1.1388981503476852,1.2848110265472341,1.2579143757359232,1.2918919701809668,1.2991558418518037,1.4818316719355178,0.7749456819597625,1.1388981503476852,1.5146334743913104,1.2983234230670615,1.2864125979988887,1.134172163137592,1.6758875510699986,1.4014336625500272,1.2864125979988887,1.3021699962523263,1.5692601211864832,1.3336026625643371,1.2970363358269328,1.498204722318571,1.5908209638488224,1.3281839323486282,1.7135745718270436,1.1388981503476852,0.7749456819597625,1.4354598723556886,1.7359849052524357,1.4004790979761834,1.267870522001454,1.143569276925287,1.3241555122045263,1.484784003360917,1.6757208026832768,1.3188064968618303,1.3037667639323423,1.5693288175773132,1.4818316719355178,1.083538252021758,1.3130895689132356,1.458673937054114,1.3666737791081183,1.5256623694519569,1.3250776303859886,1.6709703229574155,1.5331230980648132,1.4877025607594132,1.3948882534852887,1.2988831766415059,1.369071935500196,1.7658287231601435,1.5836054225455447,1.297283369648046,1.416609474848869,1.2918919701809666,1.3050447207802995,1.483626046487348,1.7722454620781916,1.2899276827973554,1.3246898491973358,1.2918919701809666,1.6393335834963616,1.7684279471601865,1.4188138942797226,1.4818316719355178,1.3124565307920548,1.1265375266205278,1.3448626891842026,1.4818316719355178,0.7749456819597625,1.2781765801611376,1.325885857624747,1.3607257928560643,1.2106247914764463,1.4818316719355178,1.6680683624270796,1.3581147358658883,1.3105557331315674,1.1196499161038507,0.7749456819597625,1.2953987086457017,1.1946086847169752,1.3241555122045263,1.5393493417067905
22,0.7699544038454795,1.2112773997528938,1.4803646248806417,0.4973055579549708,1.6386925319158132,0.12298452092105094,0.042267070500324744,1.1739800223015138,1.1828075582376447,1.0062968796866363,1.1779347229847597,1.1827625683353447,0.40636280594112906,1.2076322874000536,1.6337078071206312,0.1438406248678481,0.8446445524588948,1.5579683389138406,1.6772526053215073,0.6038104571336937,1.2828750649000176,0.0,0.502620288909563,0.917282589290687,1.1730986764744167,1.705997733073903,0.5417950063114156,0.528573340010257,0.9222171150071499,1.1818672824492638,1.225552487045504,1.8182922885539938,0.5196463581399458,1.2108605713122544,0.1487572864165101,0.4924699504957577,0.2827496250567476,0.9644581101548093,1.5302847368769619,1.1779347229847597,1.2076322874000536,1.1508593440148809,0.9259829918941593,0.016552298194533854,1.216764529612353,1.678855979441352,1.1142669586504068,0.016552298194533854,0.5081040664579091,1.3526898724217205,0.3205784466925832,0.8920677583684469,1.5512007362493525,1.6316756626540556,0.5679178767951918,1.8035256021750234,1.2140581984934857,1.1818672824492638,1.1857021812385895,1.8066820148387528,1.0748157049351565,1.410639248242948,1.2108605713122544,0.4811255879274161,1.108839386176758,1.641756858603791,0.5286352970772816,0.15699057045658216,1.5610931840126547,1.5302847368769619,1.2277606792267894,0.9193992643180023,1.128212104182682,0.5124724750537479,1.5668923534300778,0.528573340010257,1.6384000284742957,1.177736951931742,1.6379332394142891,1.0843818905937306,0.29806970553718415,0.9538031433545786,1.893481134028835,1.6906722781983305,0.3953509805757758,1.091606326237542,0.2827496250567476,0.7288463782059178,1.6362122699593162,1.8343905362951454,0.1814588931067782,0.502620288909563,0.13457565232166258,1.6743984546761643,1.8022221446071558,1.5322346127115143,1.6337078071206312,0.49195201597335436,1.1970127640500199,0.9278902309613924,1.5302847368769619,1.1818672824492638,0.882960598308201,0.7263674772371271,0.5196463581399458,0.9925817873662633,1.6337078071206312,1.6695199696644625,0.585531942377072,0.2980488937348431,1.2085335874770744,1.1818672824492638,0.310209553724605,1.3251124531111784,0.4811255879274161,1.216724486048866
23,0.7727570258271284,1.2553655513608497,1.5417023279334396,0.41705397911767195,1.6583824403377643,0.4737389545248778,0.5170162249328831,1.3041737524960313,1.0830851058413562,1.0733148003852868,1.2087394743439295,1.2269003233877716,0.564962538756772,1.2519362260881266,1.653487418969836,0.47515768002208314,0.9305888248762223,1.585752055793772,1.7389329800696522,0.5168142726277458,1.3047196763778646,0.502620288909563,0.0,1.0612339477708725,1.2171928625736963,1.7751230096468051,0.5438993418677562,0.12191055344821788,1.057943204708331,1.2123794613541155,1.2974181049493918,1.8649938016462084,0.3572482723266004,1.255120405222096,0.49680626394793626,0.5360814126490139,0.40280368039405023,1.0298225891770576,1.5760233065504017,1.2087394743439295,1.2519362260881266,1.3555054045009423,0.9353110701965217,0.5125849795884687,1.2611105588121376,1.7495628344061254,1.0250291591514067,0.5125849795884687,0.10575374612771982,1.4957860461306112,0.3384469904724634,0.9003781257711221,1.5966586706743584,1.6884519470798858,0.46265590981996874,1.853944414252941,1.2582720402893646,1.2123794613541155,1.2713136685180637,1.8524638649603444,1.0370980892781825,1.4308146853722796,1.255120405222096,0.4091432036471323,1.1892512185761865,1.7202469891197458,0.41661864555503003,0.46812060282852475,1.632237029116161,1.5760233065504017,1.2465174862993502,0.9536572156336047,1.1471012584834859,0.34851532109835714,1.6128704750062581,0.40822750448575285,1.7179806174733192,1.350370189807787,1.6562941910431759,1.0857381561969166,0.4024075294238152,0.9952781081281248,1.9160743737700905,1.7416150517648394,0.5267871066912804,1.1346084106803924,0.40280368039405,0.7621724898038358,1.6564847083548124,1.884665005336654,0.4929971161306812,0.42449389753307476,0.48063758678631263,1.6986233572361449,1.8701610801891932,1.5629459245964517,1.653487418969836,0.3944567857493584,1.242180942855499,0.928843321749093,1.5760233065504017,1.2123794613541155,0.9274975237580825,0.7727570258271284,0.3572482723266004,1.0949425547496212,1.653487418969836,1.7386889839272681,0.5341878872662145,0.3667922269559609,1.2522988285851049,1.2123794613541155,0.3931930515406148,1.3472541045620636,0.4091432036471323,1.2795643052430585
24,1.1441709926458006,1.134994533352738,1.3975580065032143,1.049194741789693,1.6408076519167258,0.9386892630449613,0.9123702187076858,1.0336545043082541,1.2671985053652133,1.1746072775920569,1.1682534667614488,1.101128981361712,0.9535544393023359,1.1257755912098215,1.6368838700167423,0.9069091114575887,1.1151402952986387,1.5040183616045568,1.6191530524368383,1.0433665735100621,1.4218879413086714,0.917282589290687,1.0612339477708725,0.0,1.0937741781341999,1.639080690555686,1.1408963722400585,1.064275807268499,0.016529654253401693,1.1722576496803765,1.246827537180695,1.790906690250188,0.9866497052434191,1.1266012848790714,0.898179932150046,0.9716427428300602,0.9713197910962184,0.9994481334699181,1.5216679100539057,1.1682534667614488,1.1257755912098215,0.9991079786021326,1.0513698367700384,0.9125701617260641,1.1325192719437758,1.6107922224992417,1.4226511439069647,0.9125701617260641,1.0586320453234588,1.1560484182433288,0.9302469804143074,1.1476076485916826,1.5411462952712487,1.5678165719242976,1.0750164524670662,1.7626711257998526,1.1273948953495097,1.1722576496803765,1.3497188181477935,1.795763519121597,1.2124414547792783,1.3453378265561566,1.1308698837090738,1.038260586806815,1.2451318750258307,1.5379054347281722,1.036539218816461,0.9059813404437312,1.4772103136636552,1.5216679100539057,1.157300217888586,1.2484565583793312,1.1439827999320225,0.9810256615389434,1.5573735492701004,1.0557973937558347,1.562273478379893,1.009548028289498,1.6424100919489752,1.3285738167810246,0.9827193445330011,1.1264392339374316,1.8808381794066875,1.6650447114487767,0.9488106078680584,1.0229734885652502,0.9713197910962185,1.091615986522601,1.6379233129063173,1.7957982926964589,0.977382806213257,1.052802090739489,0.9024005949954795,1.7457454031852182,1.7730351619736437,1.46807889611884,1.6368838700167423,1.0196926254974088,1.1099665957615144,1.202318492132517,1.5216679100539057,1.1722576496803765,1.1109823018528528,1.0742532252082735,0.9866497052434191,1.1401059996880467,1.6368838700167423,1.5998836979794075,1.002555699884714,0.9769202734850622,1.1523757112143134,1.1722576496803765,0.9875575680520207,1.263176731655806,1.038260586806815,1.2210464678446582
25,1.1900854505450986,0.13527095547658669,0.6722475671526733,1.215359431423465,1.0304549414725923,1.1825881070551851,1.175497388864952,1.1754653315001315,1.2462523265588081,1.1110360230254521,0.6608870243954509,0.1548767673249623,1.1738003207211118,0.1642407547875877,1.0318366961050065,1.1803587280153254,1.102910347429094,0.7441869128781401,0.9295763995537722,1.2347997814239833,1.08876947007021,1.1730986764744167,1.2171928625736963,1.0937741781341999,0.0,1.0270320958635728,1.2536183939049192,1.2232654055418049,1.0950627478907846,0.6663008125238596,1.2022046928666343,1.0921962174209436,1.2773637987525652,0.17109133866480136,1.1770176472669691,1.1971520263769084,1.1946267632674974,1.0581417004951152,0.9433110121347823,0.6608870243954509,0.1642407547875877,1.1117986505479116,1.0858670416995848,1.1740854088401185,0.16746137056474936,0.9467337849883773,1.304621610694174,1.1740854088401185,1.2202637919819492,0.9873041524236842,1.2585619771584198,1.2072001571393713,0.9690399892087023,0.8421045256082649,1.2287484912894386,1.1934830978512492,0.17780549885544478,0.6663008125238596,1.119245859720684,1.2249163466699555,1.2659395004549328,0.4063400340266161,0.15386654240187886,1.212947690652868,1.1294475357461253,0.9452032021648294,1.22006480457142,1.183541349723788,0.8402813376542502,0.9433110121347823,0.16481474848013244,1.1689581694808584,1.0740687838308742,1.2764801992846748,0.9834487590352589,1.2228866909076508,0.9910167234576153,1.0964215184930732,1.0359518027178922,1.2161545771381241,1.1989885380561822,1.1880980747331704,1.199150420864604,0.9769310682477887,1.1594559862575475,1.182315167166782,1.1946267632674974,1.1802631568929682,1.028426813716557,1.1293350626677665,1.1897355022670206,1.2161545771381241,1.179395739836408,1.2101627982823138,1.1743105965597727,0.6988143242758325,1.0318366961050065,1.2156312949008485,0.19137058970521814,1.2024877523200466,0.9433110121347823,0.6663008125238596,1.1304082098133532,1.1906480306316116,1.2773637987525652,0.9821697866409925,1.0318366961050065,0.9497776593844965,1.231994219185569,1.2012459136408489,0.23989218502788512,0.6663008125238596,1.19812515135473,0.4373408548111444,1.212947690652868,1.2370647579005682
26,1.7496935111390106,1.071271002536065,0.9926027316149304,1.7673540886952008,1.658315187686507,1.7178550302268316,1.7089101275445795,1.6079865860078961,1.8395984979389206,1.6518995516611779,1.1835169404602794,1.0452921925539356,1.7281681478046527,1.0709396767440054,1.6530299379567894,1.7191021655932757,1.6724443619072913,0.9662912993991151,0.8640048448146266,1.798198231394047,1.700118980847425,1.705997733073903,1.7751230096468051,1.639080690555686,1.0270320958635728,0.0,1.8443513330919181,1.7804326711525147,1.641137303671302,1.187404848912716,1.7643648844146085,1.7220159441878136,1.862178324408321,1.0783016496102453,1.7105666612596722,1.7727890215718454,1.730677176213857,1.61935607453854,1.5348531171205329,1.1835169404602794,1.0709396767440054,1.5120382209285643,1.6431121426801605,1.7076694819775453,1.078970901793653,0.8276856217124973,1.9174162393216938,1.7076694819775453,1.7754493341866302,1.2942961429255329,1.8280972698278917,1.7787458445944004,1.5507374218346488,0.9913978261021439,1.7900077438807862,1.638446038354168,1.078648105825196,1.187404848912716,1.650799206719186,1.6830800998594917,1.8666069265182221,1.211200889854201,1.071271002536065,1.7667649158827072,1.7382894781841656,0.8908487681575704,1.7798141469554667,1.72347528392555,0.8479008203888159,1.5348531171205329,1.0884435549896405,1.7333561763264935,1.6749999960786854,1.8606164342330245,1.5564774320914148,1.7849312049973936,0.8477265165618697,1.4794826304751365,1.658315187686507,1.8038649626744396,1.7363082959881477,1.7534709232181678,1.6795641157188321,1.4078248056921017,1.7037722311348629,1.757901981734839,1.730677176213857,1.7513779256576334,1.6556858561970489,1.6684589236907499,1.7308554017941387,1.7686662187992366,1.7154786178684838,1.8058424898260996,1.458831462214106,1.0092689606541434,1.6530299379567894,1.7771324640412332,1.0832525440366403,1.7886375119700673,1.5348531171205329,1.187404848912716,1.7007335763578442,1.7633603717151611,1.862178324408321,1.540099231835454,1.6530299379567894,0.970679100948785,1.7921888054544755,1.7388371615323681,1.1089416436054158,1.187404848912716,1.7347955080569732,1.0967291722343178,1.7667649158827072,1.8190757063814795
27,0.8889011762942681,1.288904515780064,1.6092192494016901,0.6167831950497342,1.6554044455941312,0.535750148977479,0.5551157837086664,1.4003456125691716,1.2144062589882358,1.1184418906945877,0.9312622754557591,1.2627207892949694,0.5677321356908864,1.3015953634558852,1.6502144868479336,0.5527999836125743,0.910722860907988,1.589382093661674,1.7938776303282844,0.6590666907004654,1.313752384916607,0.5417950063114156,0.5438993418677562,1.1408963722400585,1.2536183939049192,1.8443513330919181,0.0,0.5998319417205229,1.147064466162497,0.9312622754557591,1.3075673378555184,1.918596947467349,0.6472737597836111,1.3015953634558852,0.5775419402862969,0.6202683804696365,0.5801588463725518,1.1120818266385084,1.6502144868479336,0.9312622754557591,1.3015953634558852,1.3679510420993835,0.9813188285427101,0.5527999836125743,1.2973665364697218,1.8214323292046928,1.0521433888537408,0.5527999836125743,0.5629148645349618,1.5405366796825124,0.5510283381527425,0.9961197747045846,1.6695957757591364,1.740213621045888,0.622925192678154,1.8768319243402973,1.3015953634558852,0.9312622754557591,1.3063680904682888,1.892558361104377,1.1470057548411465,1.4332312216043115,1.3056944059702333,0.6354374078317919,1.1403034454179222,1.793639396377734,0.5974935662740033,0.5484312903213076,1.7006997090632894,1.6502144868479336,1.2492006111307619,0.925688149863868,1.219762340705165,0.658110146646055,1.6870486523022485,0.6145523058977898,1.8001248582039118,1.4220555155829981,1.654418417057463,1.0589927781757988,0.5635744475330691,1.0496296110682337,1.9197443306529232,1.7503846442715125,0.5305415771906905,1.2020100569701764,0.5801588463725518,0.4815740142145255,1.6528224546302843,1.9274527465333993,0.5247284935657164,0.6253498515791991,0.5611548576586747,1.6932433638249291,1.9000460012285334,1.5649727621627016,1.6502144868479336,0.5611398867732402,1.288302603122397,0.7454778329575349,1.6502144868479336,0.9312622754557591,0.8773404740176476,0.4745715267654129,0.6654925002662051,1.0326099520691965,1.6502144868479336,1.8146012320959763,0.7065887868507923,0.550012289544211,1.2838112393659384,0.9312622754557591,0.5719209752454373,1.3508652329862754,0.6354374078317919,1.238531601845029
28,0.8105989973293535,1.2613674001351303,1.5481004330548473,0.4446880356723568,1.662348277950157,0.487527547001428,0.5289349901098739,1.3190507030920775,1.1054065830909339,1.0815567730730429,1.2125599768780302,1.232971786256552,0.5915321677866991,1.2580268958619858,1.6574362678798729,0.48776977924052245,0.9566935264940278,1.5912169130393303,1.7452850313273849,0.4824129532480399,1.3177579690211623,0.528573340010257,0.12191055344821788,1.064275807268499,1.2232654055418049,1.7804326711525147,0.5998319417205229,0.0,1.0610591159710105,1.2161522886454847,1.3019911227841616,1.8709024806247962,0.32186240773638763,1.2611885957198263,0.5238983163707389,0.5643626238471258,0.4037037843741842,1.0519770424421224,1.5821724828072408,1.2125599768780302,1.2580268958619858,1.365358617186245,0.9704422040538238,0.5236078195804423,1.2672001834181101,1.7560258920326162,1.0192940103428327,0.5236078195804423,0.08172884501003508,1.5103462473037186,0.3425571160869221,0.9243479287670998,1.6027666440171793,1.6943312805234627,0.43830510144542956,1.8588583803206284,1.2643177233233078,1.2161522886454847,1.2928378393140174,1.858633997618198,1.0783046386103354,1.4354959133044962,1.2611885957198263,0.4358169306142565,1.1850462005002413,1.729016716295251,0.43199011812146404,0.48216451541486616,1.6398473845423314,1.5821724828072408,1.2508678951991974,0.9846385812054756,1.1462703830814909,0.3126543354183011,1.61904029089824,0.4249471074465867,1.7248093060274763,1.359316766225475,1.6602170976082415,1.1108057686352075,0.38973350322008393,1.037482512031441,1.9208448740496589,1.7477534767337102,0.5496325739358279,1.156492381978426,0.4037037843741844,0.7986888533237979,1.6604579081168345,1.890727185016242,0.509541409437829,0.43784234086327967,0.5085547046324208,1.7144590393925512,1.8761012136459756,1.5684592670616095,1.6574362678798729,0.40723151221123977,1.248338882035613,0.9556928387409086,1.5821724828072408,1.2161522886454847,0.9459010111907891,0.8105989973293535,0.32186240773638763,1.0953209677003728,1.6574362678798729,1.747018575554857,0.5129196549073878,0.3707957177110539,1.2581247134708047,1.2161522886454847,0.3793013651460788,1.3520396541915836,0.4358169306142565,1.3170160047731776
29,1.148411852488783,1.1363007033078192,1.3992180388599162,1.0458577727913418,1.641770273982028,0.943718489243766,0.9173787996834555,1.0427483029009719,1.2648691381429367,1.177971952289012,1.1690252304109696,1.102429051052474,0.9583652552239619,1.1270938950006881,1.637860560406098,0.9120325896584647,1.1185422990982463,1.5059912514954286,1.6210039919291577,1.0402427738759534,1.4248932207874763,0.9222171150071499,1.057943204708331,0.016529654253401693,1.0950627478907846,1.641137303671302,1.147064466162497,1.0610591159710105,0.0,1.1730239442376955,1.2537565073049488,1.792367744644992,0.9812875933903243,1.1279267115190048,0.9032706078397477,0.9775263943140287,0.9764028655530143,1.0028095982930412,1.52263374632297,1.1690252304109696,1.1270938950006881,1.0054454352756417,1.054824970452526,0.9175427179700741,1.13384932876489,1.612767217115773,1.4196032403259835,0.9175427179700741,1.0553657767018325,1.1600593985906602,0.9380392129160349,1.1529141695902492,1.5421201506311069,1.5695351840984735,1.071894874140089,1.764296015313077,1.1287274675228185,1.1730239442376955,1.3525562712728652,1.7968410989090808,1.2189088663885537,1.3470833166928782,1.1321856721477461,1.0348635148773369,1.242076230293089,1.5402044921986298,1.0332135265192188,0.9111833619454435,1.4791572140846234,1.52263374632297,1.158859092422547,1.2520183890766008,1.1472507362956694,0.9756182658996781,1.558452977265232,1.052555036790523,1.564474935093,1.0154334073965923,1.64341378317534,1.3261836599215067,0.9878330728952824,1.130913394911401,1.8828497114531169,1.6665360777152993,0.9534343998333751,1.0193293509193326,0.9764028655530143,1.0880743936008679,1.6388725179470165,1.7975054443866134,0.9823510802256161,1.0494848035171231,0.9075267410848398,1.748078450035631,1.7753839744039068,1.4701009530676503,1.637860560406098,1.0162541868021604,1.1112924287336787,1.1994076419499515,1.52263374632297,1.1730239442376955,1.107137605060348,1.0707435588297658,0.9812875933903243,1.1426766768943517,1.637860560406098,1.6019265894691068,0.999287004262516,0.9821167559383748,1.153627111358801,1.1730239442376955,0.9926297441560571,1.2648527236547176,1.0348635148773369,1.218508289457259
30,1.194557221117407,0.701929971548076,0.9785725978846235,1.211888832637307,0.7286561673630539,1.1894082963683879,1.1839772219799933,0.9788972632511753,1.2326651572622833,1.1406543284251496,0.02748550010819173,0.675433326886931,1.1832783666156876,0.6990495936768488,0.7241822337628478,1.187404848912716,1.126999991800941,0.6718514706164251,1.1542381926223804,1.224036193126301,0.7749456819597625,1.1818672824492638,1.2123794613541155,1.1722576496803765,0.6663008125238596,1.187404848912716,0.9312622754557591,1.2161522886454847,1.1730239442376955,0.0,0.9765893815711264,1.2255043373604513,0.9585987379341572,0.701929971548076,1.1846716268343152,0.8792091691828625,1.1970266727247363,1.090939882946284,0.9978963735640728,0.02748550010819173,0.6990495936768488,1.2288851845891442,1.1145275853641516,1.182575055275645,0.7076450306190641,1.1635271445514832,0.9821315331493564,1.182575055275645,1.2142996513322377,1.1846716268343152,0.9402174961536435,0.8900844772088619,1.0147984826222771,1.104697010437192,1.2196557604820824,1.2188050533632395,0.7047950583712304,-8.257394767952064e-12,1.144381387230068,1.2174975653973636,0.9578022572032391,0.5055140854567661,0.701929971548076,1.210391494202968,1.1675642491685305,1.1627059062232767,1.2147691351431253,1.1900672886194974,1.081347068434217,0.9978963735640728,0.3179525458745632,1.1782612999751103,1.1218904207649387,0.9578022572032391,1.0295150610143606,1.2161522886454847,1.1635271445514832,1.223277222875111,0.7286561673630539,1.2123794613541155,1.2000156407609777,1.201757053575799,0.9909543918393737,1.1462162212348022,1.1737857014543684,1.1982352786867143,1.1970266727247363,1.1867281923280255,0.7264249086244394,1.2369475880227399,1.1939289476837052,1.2123794613541155,1.1867281923280255,1.211888832637307,1.2360916973805944,0.6513325891256871,0.7241822337628478,1.2113939642970832,0.6903148796606615,1.2056695351160462,0.9978963735640728,-8.257394767952064e-12,1.1489327828456768,1.194557221117407,0.9585987379341572,1.026620195236718,0.7241822337628478,1.1651557837591795,1.2225016248494718,1.201757053575799,0.6990495936768488,-8.257394767952064e-12,1.1994265203235943,0.42639529276319393,1.210391494202968,1.2285656632242044
32,1.346701164603874,1.2545758585430737,1.528127356142535,1.3062390884865338,1.6959126900589325,1.2359310363662044,1.2249014304220187,1.3239565977768226,1.6310749521159966,1.329289805111911,0.9765893815711264,1.222302759039693,1.2662792758022468,1.2728676621430914,1.6915981922444596,1.23272764425082,1.4114901379553335,1.547732705198889,1.7282938256179117,1.3383708230527007,1.5735175578070333,1.225552487045504,1.2974181049493918,1.246827537180695,1.2022046928666343,1.7643648844146085,1.3075673378555184,1.3019911227841616,1.2537565073049488,0.9765893815711264,0.0,1.9155612649828162,1.3436897899341624,1.2728676621430914,1.2109402857397245,1.2079301700858123,1.2143782345022809,1.4173452920344765,1.6915981922444596,0.9765893815711264,1.2728676621430914,1.3580305978117724,1.2779156935151514,1.2216482417353831,1.2647013156676337,1.71663194971169,1.6639918347133618,1.2216482417353831,1.2997456734721815,1.419464996244425,1.250017743761256,1.3596287887280154,1.7098641381077324,1.691417067187532,1.345615586122231,1.891112750501459,1.2728676621430914,0.9765893815711264,1.162911683171902,1.9316331958189132,1.482019063187681,1.401995164073628,1.274562320726105,1.3041553217217656,1.4666662378346884,1.6646902614181143,1.3281862756633804,1.245980155170392,1.5796769916631828,1.6915981922444596,1.20049022990681,1.3325199267788037,1.4502890360177716,1.3479376899901463,1.718041274721359,1.3495431889171452,1.670524263864374,1.3457269912213206,1.6945542431017007,1.6616243435402616,1.2288317452744308,1.4426770062956589,1.9257287159526282,1.6790939078668663,1.2512770538632008,1.498856798632653,1.2143782345022809,1.384860827778816,1.6944045036987314,1.9134287815506794,1.2398186035657215,1.3122834502174965,1.2143782345022809,1.8694099075240875,1.8065534916519956,1.4777462976488163,1.6915981922444596,1.336053575533544,1.2475145631364122,1.5144282060585486,1.6915981922444596,0.9765893815711264,1.4341346570077411,1.3995381814528813,1.3533589127388415,1.3394387150545461,1.6915981922444596,1.7030656392068313,1.3214862402058172,1.227084407709202,1.2656153072091716,0.9765893815711264,1.2216482417353831,1.3361571556006413,1.3041553217217656,1.6333058302421557
33,1.840108400119453,1.1000717484419826,1.3975129139071263,1.8625839665431603,1.124049096442696,1.8297028450425683,1.8206591309587365,1.9198024071341322,1.901167007967848,1.7691351215772475,1.2220519826631366,1.0810487825409036,1.823136162899911,1.0858393125855044,1.1276386634660958,1.82638100067716,1.7519047494399462,1.5618171696011667,1.598594183214944,1.8836628521959218,1.7583096070814974,1.8182922885539938,1.8649938016462084,1.790906690250188,1.0921962174209436,1.7220159441878136,1.918596947467349,1.8709024806247962,1.792367744644992,1.2255043373604513,1.9155612649828162,0.0,1.944894166458429,1.086349600281225,1.822374990291728,1.865856075589965,1.8410578335072607,1.7078304392974784,1.008533697547167,1.2220519826631366,1.0858393125855044,1.807992080053533,1.7322855545323501,1.8188982574194899,1.101103323722458,1.6138667941339486,1.967077886669023,1.8188982574194899,1.8681278253284654,1.7192180715749648,1.926793340276989,1.8774061754484175,0.9912064156423617,1.5129548678693805,1.876853628406334,1.8733428738371334,1.1005971665605934,1.2255043373604513,1.7699477598489564,1.8438272830029454,1.9404192811702121,1.3011652089796473,1.086349600281225,1.8606744539467535,1.8027438618625815,1.6432183328215397,1.8689705150987743,1.8307917482448173,1.564219444753246,1.008533697547167,1.15979596861174,1.8175415649967255,1.745263912551167,1.9442942303994886,0.9740532606415873,1.8711918022235126,1.6974309208529252,1.8065742061710264,1.124049096442696,1.8662201789296957,1.8460671505614537,1.8447047144741695,0.9519884311271667,1.7239377022315985,1.807395131608402,1.8394678712228871,1.8410578335072607,1.8283703007039442,1.12585523105161,0.4085032309177148,1.8367322412331957,1.8630515609920206,1.825255248729476,1.8656175621631594,1.2103591213232425,1.5244793962912182,1.1276386634660958,1.8632396523786565,1.0977739429369835,1.854578871361905,1.008533697547167,1.2255043373604513,1.7782338074000836,1.8391176934866893,1.944894166458429,1.6318646075328767,1.1276386634660958,1.615544220200426,1.8791875934275404,1.847413009115194,1.1193938696159782,1.2255043373604513,1.8450830516665246,1.3149146683850195,1.8606744539467535,1.889114698476249
34,0.8545877605934011,1.3141522988555554,1.6308100601609659,0.39508744070027735,1.6866811080266386,0.49824732149197004,0.49824732149197004,1.3521482533301497,1.1221886097791482,1.1454852305112806,0.9585987379341572,1.2861335710356923,0.5736855882887415,1.3247643076561302,1.6819202952986931,0.5125861107949639,0.999980240680878,1.6141489166289555,1.8146230185393677,0.19649801926348776,1.3694910404506797,0.5196463581399458,0.3572482723266004,0.9866497052434191,1.2773637987525652,1.862178324408321,0.6472737597836111,0.32186240773638763,0.9812875933903243,0.9585987379341572,1.3436897899341624,1.944894166458429,0.0,1.3247643076561302,0.5335556685865477,0.7049574005808585,0.519646358139946,1.0604157808325438,1.6819202952986931,0.9585987379341572,1.3247643076561302,1.312421173427545,1.021991581897602,0.5125861107949639,1.3199542148851737,1.8439736650087966,1.044880118958368,0.5125861107949639,0.33979331001345003,1.5389968942455483,0.33517028953939043,0.9969127995607574,1.6999334626771743,1.7612630585177522,0.26745082472759796,1.9007990684280986,1.3247643076561302,0.9585987379341572,1.3904345095981565,1.9224695151112228,1.0521173098339105,1.4574549243156234,1.3294971166242269,0.38859472046879784,1.1427991578226164,1.8171403243589719,0.2975662391029965,0.47617010126531323,1.7169618197425554,1.6819202952986931,1.2705014090833688,1.029271232501776,1.2004040582194906,0.023027344462200894,1.7178932603448627,0.2776603773334121,1.8239918103760857,1.3787416377534694,1.6852605943948447,1.1187586697385146,0.5054535933410349,1.02588780709675,1.9447341688237247,1.7742477399557206,0.5266357566802482,1.1256063125786153,0.5196463581399458,0.7032807353909158,1.6846350614095391,1.9527118024233276,0.5054535933410351,0.3859647673110229,0.5196463581399458,1.7748477794509774,1.9314156272206962,1.5908926181867362,1.6819202952986931,0.31684092366899996,1.3116797617506104,0.9210740927821244,1.6819202952986931,0.9585987379341572,0.9624996759115594,0.6582406996693604,0.04604873942515875,1.1180669325623516,1.6819202952986931,1.8344643053332597,0.25779682766048584,0.4610527258583257,1.311665131756367,0.9585987379341572,0.5125861107949639,1.3719825734181743,0.38859472046879784,1.2461567368172228
35,1.2279769276603008,0.09571901174451758,0.705281126458754,1.2528042869795613,1.0628976308959797,1.2204565932597393,1.213293320852564,1.212575090745998,1.281774443896598,1.1519793608836817,0.696564349054589,0.11365443348645288,1.211635916719195,0.015099384523483472,1.0669287668518526,1.2181729286237024,1.1390298527324312,0.7996839564555092,0.9422958257369171,1.271651013423446,1.1388981503476852,1.2108605713122544,1.255120405222096,1.1266012848790714,0.17109133866480136,1.0783016496102453,1.3015953634558852,1.2611885957198263,1.1279267115190048,0.701929971548076,1.2728676621430914,1.086349600281225,1.3247643076561302,0.0,1.2147950917122345,1.2446612338392116,1.2324580199447752,1.095982201413343,0.9739932950163824,0.696564349054589,0.015099384523483472,1.11030523500034,1.1230563785728807,1.2118513321279631,0.05303674469051334,0.9719575205192696,1.3524443870055722,1.2118513321279631,1.2581898067254984,0.9887645975246393,1.306975403345914,1.2531867074722018,1.004606892475853,0.8345897400475207,1.2663599082246753,1.2393395379352246,0.015112656045014328,0.701929971548076,1.1591291323715793,1.2632049880442866,1.3165006803416182,0.3955819337234938,0.03019691015393189,1.2503669233645984,1.1710739280392377,0.9807147093061364,1.2575584056427545,1.2214130276708577,0.8873877401532018,0.9739932950163824,0.15239533918827386,1.2068449208473038,1.116928872779773,1.3238656793082766,1.0231809950181157,1.2604410833911335,1.0322951722496982,1.0937039252802538,1.0708867288326807,1.2509579503739705,1.2368286126965216,1.2257846523010667,1.2026560765224141,1.0077808754774895,1.1972936589214673,1.2158769822547082,1.2324580199447752,1.2180508946750341,1.0609480584127635,1.1265717889934659,1.2275793527223455,1.2536077875122433,1.2172064726368885,1.2511455163377272,1.1899173136010979,0.7560451038090554,1.0669287668518526,1.2531666607121619,0.1479633172755619,1.235738588544014,0.9739932950163824,0.701929971548076,1.1680030698539785,1.2279769276603008,1.3247643076561302,1.021114721916589,1.0669287668518526,0.9751475207939851,1.2678471546322112,1.2391149828226584,0.2862333472000913,0.701929971548076,1.235963636374859,0.49413266849314696,1.2503669233645984,1.2738284328095035
36,0.7501603221991444,1.2151763083927032,1.483637953935566,0.5063707572484761,1.635224336179549,0.15614774410086607,0.18023870175329537,1.1460077467746,1.1875634879919779,0.9696181503573255,1.1807613373394736,1.1866853967356235,0.4639862449078256,1.2115773725938745,1.630141188822803,0.08129231337598153,0.860621737735171,1.5522120432958446,1.6832715317325553,0.601224639873982,1.2848110265472341,0.1487572864165101,0.49680626394793626,0.898179932150046,1.1770176472669691,1.7105666612596722,0.5775419402862969,0.5238983163707389,0.9032706078397477,1.1846716268343152,1.2109402857397245,1.822374990291728,0.5335556685865477,1.2147950917122345,0.0,0.4969053202215612,0.21352657903932193,0.9410546187445785,1.5338851173854615,1.1807613373394736,1.2115773725938745,1.155249048229353,0.8931785766182494,0.15967585845193422,1.2207135773106084,1.6851998149831175,1.1350934585965016,0.15967585845193422,0.5029944369455626,1.3595941904443265,0.33839760055239543,0.9069006388395262,1.5548610695319458,1.6370540817809058,0.5787288046881427,1.8061508439266736,1.217982141648435,1.1846716268343152,1.1778802854448607,1.8097922188176279,1.0594527652322578,1.407910864854192,1.2147950917122345,0.489954947280814,1.0932150754884287,1.648919613631931,0.5082759752504833,0.18548913156985014,1.5648860679083147,1.5338851173854615,1.225245654912259,0.9101783695821747,1.1187953440779705,0.526516255831027,1.5705557880074816,0.5388908272601443,1.6429874887967157,1.1813157065188578,1.634323217643887,1.1034078582133076,0.22671674183363622,0.9468030474921936,1.8887622087890321,1.6933725724044801,0.45150150011289036,1.0852717816789714,0.21352657903932193,0.7405721623503689,1.6326949708328318,1.8387825613016666,0.21571567523894375,0.5117610455897605,0.04228693562492669,1.6849214646026605,1.808443403521992,1.5261467472380479,1.630141188822803,0.4704788812021121,1.2010250890346525,0.9491272233886946,1.5338851173854615,1.1846716268343152,0.8807019589555163,0.7501603221991442,0.5335556685865477,1.0036385627537814,1.630141188822803,1.676156365862518,0.5826139356494917,0.2713461101858774,1.2123012438578258,1.1846716268343152,0.24317612264157917,1.3223122649176917,0.489954947280814,1.235284125665651
37,0.7664656033282631,1.233385263230968,1.552531868175349,0.5687548703536047,1.6063568587903978,0.5167074933636644,0.5167074933636644,1.2117099808384795,1.1915665696994018,1.1034324298977025,0.8792091691828625,1.2056248607092046,0.46638786067568905,1.2446612338392116,1.6015119587732856,0.5213972870404895,0.8552891085051146,1.5291975285362076,1.7252208541509126,0.680181012596176,1.2579143757359232,0.4924699504957577,0.5360814126490139,0.9716427428300602,1.1971520263769084,1.7727890215718454,0.6202683804696365,0.5643626238471258,0.9775263943140287,0.8792091691828625,1.2079301700858123,1.865856075589965,0.7049574005808585,1.2446612338392116,0.4969053202215612,0.0,0.5133273580476871,0.9497781230373912,1.6015119587732856,0.8792091691828625,1.2446612338392116,1.1936638262785175,0.8442797433176268,0.5006413395357865,1.2399137507084046,1.7549880859188587,1.0832423245324014,0.5006413395357865,0.5503530728504664,1.4095070664865188,0.6199389423244854,0.8642674936752534,1.619424242273738,1.6764373759659885,0.624430361390917,1.8250012290289406,1.2446612338392116,0.8792091691828625,1.2188410901512758,1.8451992924070648,1.015389267579287,1.3754781410115502,1.2493451765055772,0.5551025794112121,1.195927206000703,1.7137982121975321,0.5821702206912023,0.5401537063381276,1.6349015159038616,1.6015119587732856,1.1901536192861752,0.8991199213106822,1.1976525870366708,0.6992568874255842,1.6369069857948337,0.6179817598200961,1.7307056997942132,1.254057672611356,1.6057394892756331,1.0952846291296714,0.529376833764962,1.0028043052830933,1.8576546789853465,1.6917059434493895,0.44043478569397876,1.061861198702127,0.5133273580476871,0.7111612193610868,1.6039455393989512,1.8716523389864395,0.5087196148623203,0.5754915986785689,0.4924699504957577,1.6640474895103876,1.8249296371598016,1.5069213807694757,1.6015119587732856,0.5916373657374387,1.2319256755569774,0.8546302168741048,1.6015119587732856,0.8792091691828625,0.8765420042174981,0.7194408820302418,0.7049574005808585,1.035286496470703,1.6015119587732856,1.7436124279025427,0.6818998015883124,0.5346963604035142,1.2317719871412653,0.8792091691828625,0.5213972870404895,1.2929591505539513,0.5551025794112121,1.2344806263066181
38,0.791315824527997,1.2326730602155578,1.5070554249625114,0.541883280331692,1.6370750461392152,0.2744184270684571,0.29804786911476033,1.1500024798874684,1.1960842630029245,1.0048186417081957,1.1932237016299705,1.2043078636737372,0.5179591646903503,1.2292911743484753,1.6319468741558956,0.2429823844500294,0.9224902928520077,1.555535494013355,1.6998867083977098,0.6244803246305144,1.2918919701809668,0.2827496250567476,0.40280368039405023,0.9713197910962184,1.1946267632674974,1.730677176213857,0.5801588463725518,0.4037037843741842,0.9764028655530143,1.1970266727247363,1.2143782345022809,1.8410578335072607,0.519646358139946,1.2324580199447752,0.21352657903932193,0.5133273580476871,0.0,1.002141862285459,1.5506356806384507,1.1932237016299705,1.2292911743484753,1.2296023326925756,0.912525518544895,0.2757250998833525,1.2384411257841645,1.7079790617657153,1.1394840610251884,0.2757250998833525,0.37907167007157394,1.41108082618083,0.3205784466925832,0.9060782789372143,1.5717904205230107,1.6539699509008545,0.6083863307530206,1.8240712117774178,1.235594135572892,1.1970266727247363,1.2240180004134182,1.8273551279195044,1.0748157049351565,1.410639248242948,1.2324580199447752,0.5377950296036653,1.1248487933968314,1.6737119945334207,0.5758009434820868,0.30126896009534176,1.5886051048647007,1.5506356806384507,1.2277606792267894,0.9304861614135994,1.1180650151147415,0.5124724750537482,1.5875660933142794,0.5523169325380834,1.6681838916113896,1.2215943767014252,1.636118358306246,1.1337441101770105,0.06490268474242011,0.9853948017744989,1.891020693986471,1.7123599138920023,0.5377808735987715,1.1338670901604675,-7.409628466348295e-12,0.777319802617453,1.6345233065554898,1.858305261263057,0.3051352741308304,0.5476518161189656,0.23151347753864138,1.6917594128747342,1.8274174562844778,1.5295281429804144,1.6319468741558956,0.5360660995721731,1.219057334457011,0.9806630141907837,1.5506356806384507,1.1970266727247363,0.93822048654086,0.7913158245279972,0.519646358139946,1.0448748201232023,1.6319468741558956,1.6975975750655161,0.6308781560465739,0.0954253769155693,1.2291869491457357,1.1970266727247363,0.08146973823636694,1.3251124531111784,0.5377950296036653,1.2829769389277703
39,1.1073591038687913,1.097113150579273,1.3836189615575891,1.0176552716744052,1.5266760924778433,0.9824508543912794,0.9744157321012006,1.3160870538324208,1.2147057408630249,1.1202322876812096,1.0864985751958136,1.0683478217760136,0.9436664435038782,1.0927316255354689,1.5219781305282243,0.9543665187556282,1.0119733771699018,1.4599584648337534,1.5840105665768889,1.0361777314841307,1.2991558418518037,0.9644581101548093,1.0298225891770576,0.9994481334699181,1.0581417004951152,1.61935607453854,1.1120818266385084,1.0519770424421224,1.0028095982930412,1.090939882946284,1.4173452920344765,1.7078304392974784,1.0604157808325438,1.095982201413343,0.9410546187445785,0.9497781230373912,1.002141862285459,0.0,1.4200484964902307,1.0864985751958136,1.0927316255354689,1.2880501957989416,0.7669168103280145,0.967793079861918,1.1024040107919881,1.589323395168572,1.3014062661798818,0.967793079861918,1.0409942100368441,1.3123445808444676,1.047284875908782,1.1213917933612456,1.4394858431950324,1.53157297111148,1.0265679293637606,1.696866902888036,1.09920616333241,1.090939882946284,1.2585053052957653,1.6946318226670603,1.0708780507554563,1.2999953824136647,1.095982201413343,1.0184577543485518,1.1490426076745786,1.5431735313232868,0.9860873129607108,0.9674310187084316,1.4733692845452464,1.4200484964902307,1.1136321192390177,1.1197782653183785,1.1245812086699154,1.0566406068701415,1.4561019900864252,1.0143254264073727,1.5548828702996629,1.2933428734668884,1.5263138358854966,1.2220495597469394,1.0173572267324869,1.0351491106713842,1.783181242363586,1.5943031338436566,0.9540289236597295,0.9325900374040739,1.002141862285459,1.0222790606777612,1.5244269064981988,1.7277532492287546,0.9865800361973199,1.02049424087117,0.941687396663458,1.6028853026328311,1.7212800697419568,1.4336906584635511,1.5219781305282243,0.9858767569778457,1.0836298845095658,1.1056217105592463,1.4200484964902307,1.090939882946284,1.0408653666399912,0.9987566942128729,1.045835776533487,1.059941683215301,1.5219781305282243,1.5798006725637426,1.0355236566729373,1.0173919101467008,1.0945116236337595,1.090939882946284,1.014341306383935,1.2209531576447274,1.0184577543485518,1.191324242426767
41,1.5524620659656407,0.9803071568163745,1.2891385508647364,1.5739115461973154,0.07885955684255563,1.5419638481874591,1.5328010819708826,1.6949481635263,1.612681532711274,1.4815385698778711,0.9931299583410946,0.9521002782798516,1.5349173224507098,0.9712795612402559,-7.72892860823049e-12,1.538160492017105,1.464465423161192,1.395882838260711,1.4921204501348913,1.5967583576265998,1.4818316719355178,1.5302847368769619,1.5760233065504017,1.5216679100539057,0.9433110121347823,1.5348531171205329,1.6502144868479336,1.5821724828072408,1.52263374632297,0.9978963735640728,1.6915981922444596,1.008533697547167,1.6819202952986931,0.9739932950163824,1.5338851173854615,1.6015119587732856,1.5506356806384507,1.4200484964902307,0.0,0.9931299583410946,0.9712795612402559,1.604889431423253,1.445558797355033,1.5306146853752416,0.9828959122801326,1.5011767819823802,1.7063137452473252,1.5306146853752416,1.5788473822777982,1.538972002799836,1.6616656047026053,1.6124851375123064,0.11824360965241532,1.431550838204642,1.5889955515542715,1.5829304254211134,0.9766903742897419,0.9978963735640728,1.4861669477913462,1.5723283202560678,1.6745846601889356,1.2216663130231966,0.9774550151356332,1.572556361661114,1.5116855944051895,1.5059974265512757,1.5811578325038078,1.5423392794858704,1.408486961039472,-7.843947713581656e-12,1.0153179272628299,1.5303252155909848,1.4559899161546683,1.6814176918664256,0.25705121293637,1.5831493673518853,1.5097605122496274,1.5949072080911504,0.07885955684255563,1.57840413824773,1.5555984325074097,1.563027339369442,1.1903280147518527,1.4843830864445127,1.519472253585381,1.557692548596431,1.5506356806384507,1.5384473436037538,0.06267666119943183,1.0881845608362735,1.54778359569778,1.574788920685089,1.5371007364461566,1.5723018120093457,1.2425630452334842,1.3751103331167782,-7.72892860823049e-12,1.5753616952201188,0.9630363022429733,1.568815399473364,-7.843947713581656e-12,0.9978963735640728,1.4896568808323984,1.5494222222055343,1.68227929502529,1.3455556173801075,-7.72892860823049e-12,1.5056317520936495,1.5934246452810656,1.5561520276281098,0.9775286683819763,0.9978963735640728,1.5546176507621314,1.1474454539939714,1.572556361661114,1.6061077491037241
42,1.1907314424015496,0.696564349054589,0.9737511782270787,1.2082429216790902,0.7286561673630539,1.1855372472584647,1.1800613546227985,0.9788972632511753,1.229357265673094,1.1364523369344486,-8.265388373729365e-12,0.6700315317863162,1.1793569283208691,0.693679937575375,0.7241822337628478,1.1835169404602794,1.1227253704574216,0.6718514706164251,1.1501153458541815,1.2205591823768644,0.7749456819597625,1.1779347229847597,1.2087394743439295,1.1682534667614488,0.6608870243954509,1.1835169404602794,0.9312622754557591,1.2125599768780302,1.1690252304109696,0.02748550010819173,0.9765893815711264,1.2220519826631366,0.9585987379341572,0.696564349054589,1.1807613373394736,0.8792091691828625,1.1932237016299705,1.0864985751958136,0.9931299583410946,0.0,0.693679937575375,1.2254950693119335,1.11019163200464,1.1786480529507597,0.7022874862350253,1.1594632374778633,0.9821315331493564,1.1786480529507597,1.21068343862931,1.1807613373394736,0.9402174961536435,0.8900844772088619,1.0100830873584041,1.1003156019862321,1.2161116359166726,1.215248833399425,0.6994334731147095,0.02748550010819173,1.1402003648869439,1.2139232632462624,0.9578022572032391,0.5055140854567661,0.696564349054589,1.2067278581790424,1.1635273909384023,1.1586366088913114,1.2111588857500666,1.1862018733957282,1.0768662674547087,0.9931299583410946,0.3179525458745632,1.174301057574869,1.1175901424657018,0.9578022572032391,1.024846556344421,1.2125599768780302,1.1594632374778633,1.2197879347167198,0.7286561673630539,1.2087394743439295,1.1962413431811356,1.1980000484637627,0.9909543918393737,1.1420457203254084,1.1697924633935473,1.1944437550211355,1.1932237016299705,1.182834678141308,0.7264249086244394,1.2337626463296363,1.190097485129502,1.2087394743439295,1.182834678141308,1.2082429216790902,1.233593026311639,0.6513325891256871,0.7241822337628478,1.207742137200931,0.6849331444440111,1.201953140144289,0.9931299583410946,0.02748550010819173,1.1447781104868828,1.1907314424015496,0.9585987379341572,1.021942273167684,0.7241822337628478,1.1611026766655992,1.2190000927812785,1.1980000484637627,0.693679937575375,0.02748550010819173,1.1956464733645793,0.42639529276319393,1.2067278581790424,1.22516928501466
43,1.2247050180996224,0.1050873017531283,0.697210608331079,1.249468670491107,1.0628976308959797,1.2171632767965126,1.2100263163056892,1.212575090745998,1.2795101930135555,1.1492342447359984,0.693679937575375,0.12533765670884,1.2083187591278348,-8.327338818503449e-12,1.0669287668518526,1.2149191690618546,1.1357293602858076,0.7996839564555092,0.9277642990909472,1.269075073405008,1.1388981503476852,1.2076322874000536,1.2519362260881266,1.1257755912098215,0.1642407547875877,1.0709396767440054,1.3015953634558852,1.2580268958619858,1.1270938950006881,0.6990495936768488,1.2728676621430914,1.0858393125855044,1.3247643076561302,0.015099384523483472,1.2115773725938745,1.2446612338392116,1.2292911743484753,1.0927316255354689,0.9712795612402559,0.693679937575375,0.0,1.1097032162545457,1.1197266042240814,1.208625684754192,0.06306053187439487,0.9605653184488875,1.3524443870055722,1.208625684754192,1.2550168390775884,0.9887600612348064,1.306975403345914,1.2531867074722018,1.0017530235771992,0.8353488898629033,1.2631226770210926,1.2350548607575893,0.027101620670300086,0.6990495936768488,1.1563205674717834,1.2602375046649232,1.3165006803416182,0.39558193372349376,0.015099384523483472,1.247022976319642,1.1685844886222683,0.9704965157927736,1.254239543636461,1.2181223759276016,0.8797565822913733,0.9712795612402559,0.15239533918827386,1.2037818393987911,1.1143449170657358,1.3238656793082766,1.020815157442494,1.2571812027183953,1.0248536362490108,1.0931940866836323,1.0708867288326807,1.2485287448571942,1.2336753488242684,1.2219515355059618,1.2026560765224141,1.000543214983636,1.1938941186047425,1.2119027338539978,1.2292911743484753,1.2148869409474268,1.0609480584127635,1.1258300442756517,1.2243523200274822,1.2502749547635692,1.2139500578156195,1.248650310312584,1.1887177218077665,0.7560451038090554,1.0669287668518526,1.2499283167299002,0.139917294031907,1.233588186992294,0.9712795612402559,0.6990495936768488,1.164803865477886,1.2247050180996224,1.3247643076561302,1.0181746849457047,1.0669287668518526,0.9637601725792674,1.265361787843244,1.2359231779305415,0.2922518908559529,0.6990495936768488,1.2328076495727052,0.49413266849314696,1.247022976319642,1.2715757480644636
44,1.3424093558694719,1.1207949487586417,1.2935398393310469,1.332545894961985,1.713217035804684,1.1894480594431667,1.150204796346896,0.7842060831174593,1.5892239528844367,1.2859454562955481,1.2254950693119335,1.1041702106461524,1.2435019579403388,1.1097032162545457,1.70838807696487,1.167260642304493,1.3564092972683985,1.401021524844955,1.4966804904411775,1.3685796252341482,1.5146334743913104,1.1508593440148809,1.3555054045009423,0.9991079786021326,1.1117986505479116,1.5120382209285643,1.3679510420993835,1.365358617186245,1.0054454352756417,1.2288851845891442,1.3580305978117724,1.807992080053533,1.312421173427545,1.11030523500034,1.155249048229353,1.1936638262785175,1.2296023326925756,1.2880501957989416,1.604889431423253,1.2254950693119335,1.1097032162545457,0.0,1.3390101174973683,1.147998153995434,1.1114515837280552,1.4646729618935732,1.6892146137866,1.147998153995434,1.350990872918171,0.7439151542272335,1.2193462482728357,1.3437857241122357,1.6232779939469988,1.4667849811372007,1.3808436767368124,1.8128005052896707,1.1108879664499323,1.2288851845891442,1.4362138970061968,1.8336227157519007,1.5066605549316963,1.2729415488764955,1.1207949487586417,1.334287684812984,1.5022439464047432,1.4287337523596768,1.348236943038617,1.1941832949592581,1.3319000930766367,1.604889431423253,1.1542481787840144,1.4527042146255256,1.4478566825743946,1.3064487889192633,1.631444963785339,1.3716138761215482,1.3868408966849661,0.43478927308143933,1.7128243136266477,1.5685259631676436,1.2442218646999303,1.387801122237767,1.8787967564035766,1.6268015518271863,1.2114449520612078,1.3839231282608182,1.2296023326925756,1.3766444555847335,1.7109325258283485,1.788851789093921,1.229172101341971,1.336279184950146,1.1623334169735067,1.8458114697924604,1.6816238776604076,1.3336272173912826,1.70838807696487,1.335300278727326,1.1355965623960687,1.4851881419955222,1.604889431423253,1.2288851845891442,1.400248291615105,1.3858097160936094,1.312421173427545,1.3111988826093937,1.70838807696487,1.4560734447198023,1.3419053642221452,1.249930244986571,1.166525565360274,1.2288851845891442,1.2470633666422668,1.2779844073431403,1.334287684812984,1.5229764323152328
45,1.0443987765022467,1.124643806683515,1.411774807530532,0.9524637305746857,1.537965141480372,0.9376642641228297,0.9369247776054128,1.3313161686669817,1.2749208807815866,1.1370413506009887,1.11019163200464,1.0944049992710108,0.885710461628481,1.1197266042240814,1.5337656923454814,0.9078880053174301,0.9786867331977076,1.4573159494925938,1.6100428986537676,0.9861337698671832,1.2983234230670615,0.9259829918941593,0.9353110701965217,1.0513698367700384,1.0858670416995848,1.6431121426801605,0.9813188285427101,0.9704422040538238,1.054824970452526,1.1145275853641516,1.2779156935151514,1.7322855545323501,1.021991581897602,1.1230563785728807,0.8931785766182494,0.8442797433176268,0.912525518544895,0.7669168103280145,1.445558797355033,1.11019163200464,1.1197266042240814,1.3390101174973683,0.0,0.9296488301183562,1.1296299611223595,1.6155422298727034,1.2635933236901948,0.9296488301183562,0.958102893833967,1.3884067254605643,0.9785536147964471,1.0221767583981818,1.465976181023521,1.5592432295595926,0.9845262047929344,1.7254909727945698,1.126357305471057,1.1145275853641516,1.222077590366273,1.723283458304854,1.1650143642146145,1.3025324022634723,1.1230563785728807,0.9529136826572208,1.1576933230246838,1.5768149234946778,0.9407694711732675,0.9318033510975938,1.4983563841195089,1.445558797355033,1.1200765503004624,1.0223031379751115,1.089131977675708,1.0180073148566333,1.4804876003727983,0.950109070864487,1.5879736055536748,1.358731830021262,1.537310218827649,1.1166787071159168,0.9297437308440608,0.9778560056861321,1.7861500878776668,1.6202700423709708,0.9401133567851631,1.0383438345194609,0.9125255185448949,0.8945207652536856,1.5361450315496508,1.7480252487263208,0.9339228914281807,0.9556213227365885,0.9042385592583649,1.571249006077599,1.725306772006227,1.433223389345982,1.5337656923454814,0.9289085526984983,1.1083662752444274,1.0095108000499957,1.445558797355033,1.1145275853641516,0.9206152013777047,0.8984488716927389,1.0067143646845298,1.0297206692751797,1.5337656923454814,1.6097857208739386,0.9848472952179554,0.9300918856080812,1.1224806369323912,1.1145275853641516,0.926332921699045,1.2240736356552706,0.9529136826572208,1.1335504530079028
46,0.7757493928350682,1.2122592360638764,1.4816689301888282,0.5072729007546912,1.6392681373046611,0.13950930413706653,0.0299992007614458,1.1699394081045984,1.187893703503561,1.0100599253528495,1.1786480529507597,1.1837503000837504,0.4138393531137259,1.208625684754192,1.6342254492184631,0.13459392458261377,0.848671652310654,1.5595890175255274,1.6787702224185763,0.5993989689556436,1.2864125979988887,0.016552298194533854,0.5125849795884687,0.9125701617260641,1.1740854088401185,1.7076694819775453,0.5527999836125743,0.5236078195804423,0.9175427179700741,1.182575055275645,1.2216482417353831,1.8188982574194899,0.5125861107949639,1.2118513321279631,0.15967585845193422,0.5006413395357865,0.2757250998833525,0.967793079861918,1.5306146853752416,1.1786480529507597,1.208625684754192,1.147998153995434,0.9296488301183562,0.0,1.2177589533064666,1.6804554094672657,1.1228501877469972,-7.447598093790475e-12,0.5029925600322267,1.3558731659472687,0.311478717090403,0.8845008015984757,1.5516576183580995,1.6330315644713302,0.5782181045357979,1.8040052369200972,1.2150463196689538,1.182575055275645,1.1889837165364339,1.8073646701526491,1.0823590975365103,1.4119871580147083,1.2118513321279631,0.4911008683319271,1.1049823324463814,1.6435619734114502,0.5385866799238745,0.14835418696510483,1.5626758665358498,1.5306146853752416,1.2290038868036086,0.92406180990628,1.124037384847935,0.5053428537979407,1.5672861934730096,0.5388950772644829,1.6402297863062176,1.174847758771115,1.6384313285528789,1.0891909859057827,0.2913662604209444,0.9589191004303178,1.8940102169649098,1.6919944284257447,0.40226920459211635,1.0960152484083598,0.2757250998833525,0.7345622318134426,1.6367590225133621,1.8348183908057187,0.19796598945477895,0.5125849795884687,0.146821034962211,1.6744438571647444,1.80209618157396,1.533884651469778,1.6342254492184631,0.5019220077626956,1.198022979203651,0.9332651475316187,1.5306146853752416,1.182575055275645,0.8872049721590701,0.7324005097219035,0.5125861107949639,0.9953636316083891,1.6342254492184631,1.6711929200142395,0.5810075386356,0.29148676848726374,1.2094825213066938,1.182575055275645,0.30351199757493563,1.3264969341479884,0.4911008683319271,1.221417226373815
47,1.2338700055784386,0.05303674469051334,0.7019813921868393,1.2587034088726403,1.0594439673045222,1.2263223919301827,1.21916758580068,1.2004947333656901,1.2891306879943683,1.157407232574291,0.7022874862350253,0.106450540651297,1.2174694893993032,0.06306053187439487,1.063406488524217,1.2240650958640025,1.1455447757649224,0.8016721910403313,0.9417068834937932,1.277563523092909,1.134172163137592,1.216764529612353,1.2611105588121376,1.1325192719437758,0.16746137056474936,1.078970901793653,1.2973665364697218,1.2672001834181101,1.13384932876489,0.7076450306190641,1.2647013156676337,1.101103323722458,1.3199542148851737,0.05303674469051334,1.2207135773106084,1.2399137507084046,1.2384411257841645,1.1024040107919881,0.9828959122801326,0.7022874862350253,0.06306053187439487,1.1114515837280552,1.1296299611223595,1.2177589533064666,0.0,0.9716215915235453,1.348178666600769,1.2177589533064666,1.2641908131622468,0.9887121559053254,1.302242023604528,1.2482942191195998,1.0117122308187594,0.8330010215108299,1.272330342686229,1.2426632455180564,0.0650333948747367,0.7076450306190641,1.1668057491756991,1.269592731267118,1.3112308799141683,0.3793123899085548,0.07504205163572686,1.2562575161714231,1.1759970360413838,0.9804366861003666,1.2634741162823742,1.2272823055664992,0.8861022663620188,0.9828959122801326,0.1426739534821999,1.2129331640100682,1.1220427145563283,1.319049268068683,1.0287063322810683,1.2663908904727743,1.0324916292721538,1.0946652004664783,1.0673745522278528,1.25782460170786,1.2428275655876133,1.231521186207031,1.2013649703997777,1.0077347272508432,1.2030437911506562,1.2236823398356913,1.2384411257841645,1.2242898038413739,1.0574893321985017,1.141439645142489,1.2335058179149603,1.2595097174593812,1.22309510022591,1.2587034088726403,1.1922640316448478,0.7583914580086236,1.063406488524217,1.2591185674303218,0.16337060238306156,1.2430029911041134,0.9828959122801326,0.7076450306190641,1.174317457315023,1.2344241366824225,1.3199542148851737,1.0269346347848554,1.063406488524217,0.9748434175074374,1.2737361349620782,1.2450831456747675,0.29895652527282335,0.7076450306190641,1.2419594572896786,0.4857140905457036,1.2562575161714231,1.2797319154971338
48,1.7209834086807907,0.9719575205192696,0.8418534301737048,1.7423480207736404,1.6300967432232405,1.692066775793143,1.6815961247380533,1.5599568352922235,1.8079856844866486,1.6297968278990003,1.1594632374778633,0.9723605219450182,1.6987141252729638,0.9605653184488875,1.623764550343025,1.6914011804677036,1.6410581567230123,0.9714193368886108,0.6312819902678797,1.7739238367946506,1.6758875510699986,1.678855979441352,1.7495628344061254,1.6107922224992417,0.9467337849883773,0.8276856217124973,1.8214323292046928,1.7560258920326162,1.612767217115773,1.1635271445514832,1.71663194971169,1.6138667941339486,1.8439736650087966,0.9719575205192696,1.6851998149831175,1.7549880859188587,1.7079790617657153,1.589323395168572,1.5011767819823802,1.1594632374778633,0.9605653184488875,1.4646729618935732,1.6155422298727034,1.6804554094672657,0.9716215915235453,0.0,1.8886842133729544,1.6804554094672657,1.7513965926562003,1.2183176115526302,1.8137195416600838,1.758523567407855,1.518703441661301,0.7532309839750162,1.7662157105528606,1.6334727105113018,0.9718004545771641,1.1635271445514832,1.605395284802512,1.648009861216515,1.8370249874460436,1.0974371535252905,0.960393122083891,1.7417686541637531,1.7095234648966904,0.7023193585266845,1.753985064469764,1.6955473823317277,0.7856093226007184,1.5011767819823802,1.0251560969740454,1.7115537983496312,1.642727397931735,1.8425954719755686,1.5221566636927655,1.7587596606083211,0.8717846950840388,1.4281868529717614,1.6290320725455196,1.7724654695539557,1.7132550435236267,1.7243913250967533,1.5683576809017772,1.3352865151691509,1.677004384984204,1.7228430773217538,1.7079790617657153,1.7248056093957058,1.627511460864988,1.520281220375015,1.7044557024744431,1.7435787098252815,1.687885040262714,1.7746597707489624,1.2400438589199798,0.9776062729978826,1.623764550343025,1.7500039392613491,0.9919581952874792,1.7575915812129854,1.5011767819823802,1.1635271445514832,1.6735687070145298,1.7352333160582138,1.8439736650087966,1.5224779359908187,1.623764550343025,0.5543743985964225,1.7684471355314468,1.717454019959656,1.0705782028188873,1.1635271445514832,1.711838739854179,1.0223065971277507,1.7417686541637531,1.785476491976563
49,1.2071828856180797,1.339578990979621,1.673688957697994,1.092467214099198,1.710752834973088,1.1145165089191076,1.1271634316484653,1.7019140356625275,0.9723063558982687,1.39864244073111,0.9821315331493564,1.3135925718175219,1.0542371434393598,1.3524443870055722,1.7063137452473252,1.1228501877469972,1.1711509117393375,1.6539017079589269,1.8654072243535877,1.0483969120095322,1.4014336625500272,1.1142669586504068,1.0250291591514067,1.4226511439069647,1.304621610694174,1.9174162393216938,1.0521433888537408,1.0192940103428327,1.4196032403259835,0.9821315331493564,1.6639918347133618,1.967077886669023,1.044880118958368,1.3524443870055722,1.1350934585965016,1.0832423245324014,1.1394840610251884,1.3014062661798818,1.7063137452473252,0.9821315331493564,1.3524443870055722,1.6892146137866,1.2635933236901948,1.1228501877469972,1.348178666600769,1.8886842133729544,0.0,1.1228501877469972,1.0290684936326673,1.7743097442157711,1.0876972381619463,1.2636761096111235,1.7236769202810207,1.8034349082342185,1.0149974019603867,1.909421567321036,1.3524443870055722,0.9821315331493564,1.5839049596382773,1.8656755213927687,1.2409035649365916,1.4876398889805658,1.3566405415386924,1.0891799932545876,1.3273614280830865,1.8943348733036858,1.043686830001285,1.1145309011915319,1.7863410789267122,1.7063137452473252,1.3000486599936043,1.2965343569314194,1.41909121214008,1.0503123575684077,1.7427069272946938,1.0336436051235722,1.8987139552368102,1.7110614029138347,1.7105754395677204,0.9265940167071196,1.1313046205442419,1.3625969657526737,1.972680904287742,1.7883670367250726,1.0522038759310948,1.3907432637670434,1.1394840610251884,0.9928449372745511,1.7084588309843347,1.979613669262321,1.1059166017119137,1.087697238161946,1.1269653270565385,1.8667650127704352,1.9797046752914171,1.6330920908742776,1.7063137452473252,1.0131020955141767,1.3397683061062926,0.9018878417771794,1.7063137452473252,0.9821315331493564,1.206943144792189,1.0062972334604954,1.044880118958368,1.2304739031727576,1.7063137452473252,1.8868525236879465,1.0917497775107567,1.1059323874538585,1.3344817697904785,0.9821315331493564,1.1228501877469972,1.405631747108728,1.0891799932545876,1.3587241318687964
50,0.7757493928350682,1.2122592360638764,1.4816689301888282,0.5072729007546912,1.6392681373046611,0.13950930413706653,0.0299992007614458,1.1699394081045984,1.187893703503561,1.0100599253528495,1.1786480529507597,1.1837503000837504,0.4138393531137259,1.208625684754192,1.6342254492184631,0.13459392458261377,0.848671652310654,1.5595890175255274,1.6787702224185763,0.5993989689556436,1.2864125979988887,0.016552298194533854,0.5125849795884687,0.9125701617260641,1.1740854088401185,1.7076694819775453,0.5527999836125743,0.5236078195804423,0.9175427179700741,1.182575055275645,1.2216482417353831,1.8188982574194899,0.5125861107949639,1.2118513321279631,0.15967585845193422,0.5006413395357865,0.2757250998833525,0.967793079861918,1.5306146853752416,1.1786480529507597,1.208625684754192,1.147998153995434,0.9296488301183562,-7.447598093790475e-12,1.2177589533064666,1.6804554094672657,1.1228501877469972,0.0,0.5029925600322267,1.3558731659472687,0.311478717090403,0.8845008015984757,1.5516576183580995,1.6330315644713302,0.5782181045357979,1.8040052369200972,1.2150463196689538,1.182575055275645,1.1889837165364339,1.8073646701526491,1.0823590975365103,1.4119871580147083,1.2118513321279631,0.4911008683319271,1.1049823324463814,1.6435619734114502,0.5385866799238745,0.14835418696510483,1.5626758665358498,1.5306146853752416,1.2290038868036086,0.92406180990628,1.124037384847935,0.5053428537979407,1.5672861934730096,0.5388950772644829,1.6402297863062176,1.174847758771115,1.6384313285528789,1.0891909859057827,0.2913662604209444,0.9589191004303178,1.8940102169649098,1.6919944284257447,0.40226920459211635,1.0960152484083598,0.2757250998833525,0.7345622318134426,1.6367590225133621,1.8348183908057187,0.19796598945477895,0.5125849795884687,0.146821034962211,1.6744438571647444,1.80209618157396,1.533884651469778,1.6342254492184631,0.5019220077626956,1.198022979203651,0.9332651475316187,1.5306146853752416,1.182575055275645,0.8872049721590701,0.7324005097219035,0.5125861107949639,0.9953636316083891,1.6342254492184631,1.6711929200142395,0.5810075386356,0.29148676848726374,1.2094825213066938,1.182575055275645,0.30351199757493563,1.3264969341479884,0.4911008683319271,1.221417226373815
52,0.7919219601578567,1.2584017031800008,1.5442843497442844,0.4015898029556981,1.6600908907217269,0.4654897155453741,0.5081820076405938,1.3066245019934166,1.1027771302307887,1.077519897762483,1.21068343862931,1.2299708736385806,0.5574639549591012,1.2550168390775884,1.6551508347346393,0.4660601418132133,0.9336181843155212,1.5885090398602253,1.7421420745557643,0.46421592593499805,1.3021699962523263,0.5081040664579091,0.10575374612771982,1.0586320453234588,1.2202637919819492,1.7754493341866302,0.5629148645349618,0.08172884501003508,1.0553657767018325,1.2142996513322377,1.2997456734721815,1.8681278253284654,0.33979331001345003,1.2581898067254984,0.5029944369455626,0.5503530728504664,0.37907167007157394,1.0409942100368441,1.5788473822777982,1.21068343862931,1.2550168390775884,1.350990872918171,0.958102893833967,0.5029925600322267,1.2641908131622468,1.7513965926562003,1.0290684936326673,0.5029925600322267,0.0,1.5007252728509797,0.3168396778925249,0.8981666986707881,1.599542991289233,1.6902835653307415,0.42147752250236215,1.856474015897287,1.2613302162835245,1.2142996513322377,1.282173912392546,1.8556570008439972,1.051637848563237,1.4331761414662723,1.2581898067254984,0.4080092664001578,1.1872409624657858,1.7236725293666926,0.38720634216087024,0.45995232330891045,1.635117203902376,1.5788473822777982,1.248711120174708,0.9693134332511206,1.1506540652198303,0.33083144635502215,1.6157530309259915,0.3944935841269217,1.7214303596725717,1.3454258278887246,1.6578360067105093,1.0943420616495145,0.36413992209272505,1.0122572139568373,1.9180387497699347,1.744716341711784,0.5134958889175478,1.1417967110832754,0.37907167007157394,0.7696341111772267,1.658227521725413,1.8880116392025377,0.4870128258484123,0.40936427629331407,0.4871822805985764,1.708401806783436,1.8713769350588407,1.5657267613472325,1.6551508347346393,0.3783537640078418,1.2452951065133053,0.9377528878865574,1.5788473822777982,1.2142996513322377,0.9219385606693332,0.7811263377130635,0.33979331001345003,1.095234589562614,1.6551508347346393,1.7420454511382195,0.4962505555885417,0.3443969268555671,1.2552467370931553,1.2142996513322377,0.35369710609754623,1.3496668064226809,0.4080092664001578,1.2951450573636805
53,1.4817588972931666,0.9887645975246393,1.0803865274919273,1.4785221970193996,1.6621501619978485,1.375577496123455,1.3564405424241714,1.0472957282956183,1.665602480299007,1.3616242358814405,1.1807613373394736,0.9879635598851289,1.4298151048688812,0.9887600612348064,1.6582228253291862,1.3720430792613412,1.4323343973143479,1.2073993501304552,1.2745005349897864,1.5306197044617078,1.5692601211864832,1.3526898724217205,1.4957860461306112,1.1560484182433288,0.9873041524236842,1.2942961429255329,1.5405366796825124,1.5103462473037186,1.1600593985906602,1.1846716268343152,1.419464996244425,1.7192180715749648,1.5389968942455483,0.9887645975246393,1.3595941904443265,1.4095070664865188,1.41108082618083,1.3123445808444676,1.538972002799836,1.1807613373394736,0.9887600612348064,0.7439151542272335,1.3884067254605643,1.3558731659472687,0.9887121559053254,1.2183176115526302,1.7743097442157711,1.3558731659472687,1.5007252728509797,0.0,1.4725795434859763,1.4719398757260396,1.5577995423360338,1.2347428905295184,1.52902946779221,1.706125711749826,0.988748577560382,1.1846716268343152,1.4113766894119761,1.7504430982172594,1.5911645943243724,1.0833748651284534,0.9887645975246393,1.4809046466950395,1.5680632998865642,1.1286860760824053,1.5031483099292657,1.38423297646753,1.0984863419780329,1.538972002799836,1.0682353972484382,1.5148394585158773,1.4874293400780252,1.5353614765506505,1.568247719408623,1.5150929309242922,1.162311725177681,0.7618828067187287,1.662765343749799,1.6372158581178713,1.4252419587953682,1.4937479240947198,1.796972863960491,1.4999411623299856,1.3854066282278015,1.473353627058787,1.41108082618083,1.5150708349922535,1.6600531698960619,1.6794189389173022,1.4020490445024207,1.4810382011332444,1.3632426255633456,1.7946449830703344,1.4940034845270542,1.1418808718178841,1.6582228253291862,1.4908390332605155,1.014041900183272,1.5842624603774653,1.538972002799836,1.1846716268343152,1.482667509375995,1.5187561178802307,1.5389968942455483,1.357711200204291,1.6582228253291862,1.184674287977169,1.5119802521705286,1.4282687990122507,1.0504223184629535,1.1846716268343152,1.4277653449598389,1.1105708587143663,1.4809046466950395,1.5893774579783484
54,0.8150103280481311,1.2952704912140172,1.6058306608898076,0.4334659745674079,1.6672631052387885,0.29287392686146796,0.29287392686146796,1.268184160186475,1.2212070692342123,1.0642734436330894,0.9402174961536435,1.2672523088113878,0.41989231624105416,1.306975403345914,1.6616656047026053,0.311478717090403,0.9430074634753021,1.5854779433999617,1.7860955170387947,0.307321817204814,1.3336026625643371,0.3205784466925832,0.3384469904724634,0.9302469804143074,1.2585619771584198,1.8280972698278917,0.5510283381527425,0.3425571160869221,0.9380392129160349,0.9402174961536435,1.250017743761256,1.926793340276989,0.33517028953939043,1.306975403345914,0.33839760055239543,0.6199389423244854,0.3205784466925832,1.047284875908782,1.6616656047026053,0.9402174961536435,1.306975403345914,1.2193462482728357,0.9785536147964471,0.311478717090403,1.302242023604528,1.8137195416600838,1.0876972381619463,0.311478717090403,0.3168396778925249,1.4725795434859763,0.0,0.9532510035321377,1.680528362232787,1.7360148407348484,0.35507865877038736,1.8782694862618556,1.306975403345914,0.9402174961536435,1.3140294847036262,1.9057432168141233,1.0756585834936683,1.4368450663352583,1.3116373725731085,0.4329860145217126,1.1500794140019406,1.775365699905579,0.36744824224902106,0.26386469306088745,1.684213878581357,1.6616656047026053,1.251614724092558,0.9484921892172444,1.1603132675873493,0.3255659947991263,1.6977664809448605,0.3669998155104095,1.7827110445202092,1.2830148084836686,1.665950606647785,1.1195299185732597,0.3022456820142376,1.030096650476585,1.924186792852438,1.752525177645073,0.4132203456080523,1.1319423911896918,0.3205784466925832,0.6365230839748839,1.6648183442701783,1.9342880394060549,0.3022456820142376,0.4441608110825357,0.3205784466925832,1.7609962573868043,1.9023923339855087,1.5617306538404299,1.6616656047026053,0.3443341602689709,1.294029535377991,0.9063589034051935,1.6616656047026053,0.9402174961536435,0.9130958091626369,0.5986583844316631,0.33517028953939043,1.049721402902347,1.6616656047026053,1.8047164146558072,0.3225054721555709,0.24370770717555357,1.2931004663936403,0.9402174961536435,0.311478717090403,1.3514603674840227,0.4329860145217126,1.2546083959794936
55,0.9206998465098324,1.2421269290144228,1.5561336962583059,0.9475608075148635,1.617206447628574,0.9115513934737256,0.8975648217945089,1.3920549156237592,1.3194279374863385,1.102123601981888,0.8900844772088619,1.2137564899243716,0.8373691423983219,1.2531867074722018,1.6124851375123064,0.8986209268872091,0.8646336510684607,1.539067224583038,1.7352286817923146,0.9830366888372483,1.2970363358269328,0.8920677583684469,0.9003781257711221,1.1476076485916826,1.2072001571393713,1.7787458445944004,0.9961197747045846,0.9243479287670998,1.1529141695902492,0.8900844772088619,1.3596287887280154,1.8774061754484175,0.9969127995607574,1.2531867074722018,0.9069006388395262,0.8642674936752534,0.9060782789372143,1.1213917933612456,1.6124851375123064,0.8900844772088619,1.2531867074722018,1.3437857241122357,1.0221767583981818,0.8845008015984757,1.2482942191195998,1.758523567407855,1.2636761096111235,0.8845008015984757,0.8981666986707881,1.4719398757260396,0.9532510035321377,0.0,1.6298776945457394,1.6877714404554418,0.9479757501602606,1.8296152485771573,1.2531867074722018,0.8900844772088619,1.3122660287527157,1.8567919043589889,1.1679019528270964,1.3825351753423716,1.2580108289020173,0.9499290107348677,1.3565277063208494,1.738185178785317,0.930988244596987,0.9027593971049211,1.63695852865893,1.6124851375123064,1.2000028309985609,0.9133966457910837,1.254696067802815,0.9918207620756255,1.6504344974224332,0.9563033562792052,1.7316202478143916,1.376249329340312,1.6181461780013366,1.2750377031274522,0.9189920674131271,1.0621385561566077,1.873979078551141,1.6976102453631774,0.8273025405335842,1.1451685006943442,0.9060782789372144,1.0397420625700895,1.6145375295865934,1.8859050739091747,0.9051151004538763,0.9532510035321377,0.9060782789372144,1.6669984421039652,1.849896839603489,1.508923251078161,1.6124851375123064,0.9335970769723991,1.2403312475248154,1.1202770612033317,1.6124851375123064,0.8900844772088619,1.019922689346223,1.0275249545383178,0.9830185612442432,1.1676199752279552,1.6124851375123064,1.7461433003550502,0.9622519946664273,0.9292298141339568,1.2423290657530903,0.8900844772088619,0.9125641061701496,1.3009443639503304,0.9499290107348677,1.2835250238072522
56,1.5716297567135171,1.0070850798072277,1.3052375272371013,1.594352267755635,0.13500317366537784,1.5626314784520097,1.5537994242234334,1.711995739899308,1.6314801782186856,1.5009711129503753,1.0100830873584041,0.9792726043849227,1.555205335774631,1.0017530235771992,0.12520173246286403,1.5590462533014664,1.4832732186707616,1.4136545814193273,1.5087488585015856,1.6166303642458297,1.498204722318571,1.5512007362493525,1.5966586706743584,1.5411462952712487,0.9690399892087023,1.5507374218346488,1.6695957757591364,1.6027666440171793,1.5421201506311069,1.0147984826222771,1.7098641381077324,0.9912064156423617,1.6999334626771743,1.004606892475853,1.5548610695319458,1.619424242273738,1.5717904205230107,1.4394858431950324,0.11824360965241532,1.0100830873584041,1.0017530235771992,1.6232779939469988,1.465976181023521,1.5516576183580995,1.0117122308187594,1.518703441661301,1.7236769202810207,1.5516576183580995,1.599542991289233,1.5577995423360338,1.680528362232787,1.6298776945457394,0.0,1.44771533245424,1.608943984772659,1.6033370258910633,1.0074420138811702,1.0147984826222771,1.5055471119022288,1.5893714878818541,1.6935820916639108,1.2445935255508278,1.0059931564197746,1.5928227962021817,1.5324344680802795,1.5232401004588705,1.601070363691945,1.563133843360887,1.4258913666817048,0.11824360965241532,1.048449266058656,1.549540395711353,1.4756812564843345,1.699342112393034,0.23151415537015785,1.6034225584581738,1.5277567287987412,1.61323686313773,0.19371398154897723,1.596794994742094,1.5766355737248703,1.5822251464472175,1.1770948968690313,1.5067144489267188,1.5397056959159154,1.576618695478894,1.5717904205230107,1.5590579651718568,0.11262242964040192,1.0748152221251535,1.5685911231137109,1.5952143896717232,1.5580091399173224,1.5911993500153168,1.2713794857676217,1.391958028294899,0.12520173246286403,1.5957301342042494,0.9915029795892429,1.5879533241065313,0.11824360965241532,1.0147984826222771,1.50990855276052,1.5700547758329124,1.7001837566469387,1.364502429098013,0.12520173246286403,1.5233407076677865,1.6134783174625162,1.5775961995036052,1.0041620944213736,1.0147984826222771,1.5756784366875087,1.16751466751977,1.5928227962021817,1.6253685855729993
57,1.6587713046001786,0.8345897400475207,0.7571139394985184,1.6838393314200226,1.5444845491769106,1.6416854709404751,1.6341727564826343,1.5291245623732865,1.7383577890347741,1.5830183224750614,1.1003156019862321,0.8405580038749734,1.6415372765783993,0.8353488898629033,1.539372513830423,1.6423128292048248,1.5799555864094388,0.8006390923452189,0.5020632333719697,1.7101990643375498,1.5908209638488224,1.6316756626540556,1.6884519470798858,1.5678165719242976,0.8421045256082649,0.9913978261021439,1.740213621045888,1.6943312805234627,1.5695351840984735,1.104697010437192,1.691417067187532,1.5129548678693805,1.7612630585177522,0.8345897400475207,1.6370540817809058,1.6764373759659885,1.6539699509008545,1.53157297111148,1.431550838204642,1.1003156019862321,0.8353488898629033,1.4667849811372007,1.5592432295595926,1.6330315644713302,0.8330010215108299,0.7532309839750162,1.8034349082342185,1.6330315644713302,1.6902835653307415,1.2347428905295184,1.7360148407348484,1.6877714404554418,1.44771533245424,0.0,1.7040973322545734,1.5929912140637186,0.8338070734983526,1.104697010437192,1.5688976235020253,1.6182721274022849,1.758210003702871,0.9551973132898246,0.8345897400475207,1.683091344904229,1.6404458293130784,0.9179705502714798,1.6945694292976416,1.6460091856715173,0.8363908103495865,1.431550838204642,0.8977508040018891,1.645189085612403,1.5827791605942452,1.760001991697204,1.4522940016173729,1.697500797052914,0.983083257122007,1.441859121871503,1.5444845491769106,1.7014659123650095,1.6601161465713463,1.6637182395055932,1.317789910635085,1.2613972125452213,1.6211402342988055,1.6633586304023265,1.6539699509008545,1.660705331923732,1.5419391239902085,1.4256006259498586,1.6521508163175331,1.6849054597409812,1.6395077379862155,1.7006095050763301,1.2803514760405843,0.8193178440171455,1.539372513830423,1.690610421460928,0.8757089754886682,1.688007985127792,1.431550838204642,1.104697010437192,1.6105230318356694,1.6700471937848413,1.7612630585177522,1.4613239926051493,1.539372513830423,0.6940685619579859,1.7055005919373136,1.6607952793911227,0.9569746916421812,1.104697010437192,1.6589012279726956,0.8690556053908836,1.683091344904229,1.7194771860864428
58,0.8150548347063311,1.2669757369565695,1.5542360152655579,0.36313951345905937,1.6722280175497413,0.529709600675057,0.5834531343894651,1.362573939336571,1.1017743400948086,1.1222336487380804,1.2161116359166726,1.2384721725369408,0.5268189850938072,1.2631226770210926,1.667517088007635,0.5594887490366265,0.9412851699423177,1.602801308763716,1.75654773975966,0.12399057018249193,1.3281839323486282,0.5679178767951918,0.46265590981996874,1.0750164524670662,1.2287484912894386,1.7900077438807862,0.622925192678154,0.43830510144542956,1.071894874140089,1.2196557604820824,1.345615586122231,1.876853628406334,0.26745082472759796,1.2663599082246753,0.5787288046881427,0.624430361390917,0.6083863307530206,1.0265679293637606,1.5889955515542715,1.2161116359166726,1.2631226770210926,1.3808436767368124,0.9845262047929344,0.5782181045357979,1.272330342686229,1.7662157105528606,1.0149974019603867,0.5782181045357979,0.42147752250236215,1.52902946779221,0.35507865877038736,0.9479757501602606,1.608943984772659,1.7040973322545734,0.0,1.8644774399795583,1.26956267552296,1.2196557604820824,1.3198942341406634,1.8644249994343611,1.102478505573933,1.445423580140386,1.2663599082246753,0.35127406190982136,1.157244930386843,1.7430046909424037,0.2501210942170464,0.5246592481361969,1.6471541537225014,1.5889955515542715,1.260120690533346,0.9871576891973024,1.1909378158535384,0.2570210268819413,1.6253394604686926,0.18672640883461655,1.7373248624647344,1.3922461239915938,1.670936854857778,1.0861753545735453,0.5825462150322573,1.017698916694844,1.9303747799232829,1.7555183288215193,0.5703179908566627,1.1467849815109452,0.6083863307530208,0.7448070406084506,1.6701579514717928,1.8980784117677858,0.5088101197919965,0.35616250410098815,0.5643511115843665,1.7358205254589296,1.8885604443018025,1.5801640296433177,1.667517088007635,0.26714894132229317,1.2524875216583733,0.9155967708847752,1.5889955515542715,1.2196557604820824,0.9336430881989942,0.7143407025786448,0.23416270078904167,1.0854548921290896,1.667517088007635,1.7581483547239647,0.32283752758851425,0.5798427976210438,1.2640251587571485,1.2196557604820824,0.5744901484820857,1.3622285470707995,0.35127406190982136,1.2793276591000051
59,1.8262101574408167,1.2393395379352246,1.4367942302722465,1.8535795078595974,1.6623225520498277,1.8138525080523786,1.80570293198972,1.8712329928954041,1.872216503011221,1.7434282446766185,1.215248833399425,1.2104877205977325,1.811998671124297,1.2350548607575893,1.6603643195685627,1.8110188796572972,1.7404309248655245,1.4946189566908255,1.6360538675123706,1.8705643733123147,1.7135745718270436,1.8035256021750234,1.853944414252941,1.7626711257998526,1.1934830978512492,1.638446038354168,1.8768319243402973,1.8588583803206284,1.764296015313077,1.2188050533632395,1.891112750501459,1.8733428738371334,1.9007990684280986,1.2393395379352246,1.8061508439266736,1.8250012290289406,1.8240712117774178,1.696866902888036,1.5829304254211134,1.215248833399425,1.2350548607575893,1.8128005052896707,1.7254909727945698,1.8040052369200972,1.2426632455180564,1.6334727105113018,1.909421567321036,1.8040052369200972,1.856474015897287,1.706125711749826,1.8782694862618556,1.8296152485771573,1.6033370258910633,1.5929912140637186,1.8644774399795583,0.0,1.2410196229628125,1.2188050533632395,1.7496354345012033,1.7394980708487795,1.9032706560044552,1.410828475380591,1.2393395379352246,1.851268211939675,1.7921452610991635,1.6475260302636476,1.8573242316990302,1.8164125493394345,1.5527010377438621,1.5829304254211134,1.2304425932395768,1.7995200192426566,1.7288369878836514,1.8997402633678004,1.621411131045338,1.8592144682928347,1.6467103156586502,1.7892616861809996,1.6653032333197462,1.8379312861068062,1.8282158309549656,1.8390120093085962,1.9295310915336101,1.5730900110625012,1.799612294913211,1.8339679204429737,1.8240712117774178,1.816987149587201,1.6606146398050914,1.8905778691940411,1.822550233554691,1.8541943663464644,1.8098157146090503,1.825504675561401,1.8786030712438677,1.4583098076959509,1.6603643195685627,1.852226119130101,1.2298345124814392,1.8340323675453696,1.5829304254211134,1.2188050533632395,1.7678419638134193,1.8275869427242288,1.9007990684280986,1.615211546607339,1.6603643195685627,1.62818678440974,1.8672094391269305,1.831543861069036,1.2423726738822902,1.2188050533632395,1.8278442912858621,1.3022372307501142,1.851268211939675,1.882105751132955
60,1.2312164004972108,0.10521046795934397,0.7036477362629543,1.2561045083851234,1.0628976308959797,1.2237174985600716,1.216528816259626,1.212575090745998,1.2854760909178844,1.1562077268521382,0.6994334731147095,0.1212466181234434,1.214920691329202,0.027101620670300086,1.0669287668518526,1.221395163389633,1.142301465847386,0.7996839564555092,0.9420122491954728,1.2750268801294957,1.1388981503476852,1.2140581984934857,1.2582720402893646,1.1273948953495097,0.17780549885544478,1.078648105825196,1.3015953634558852,1.2643177233233078,1.1287274675228185,0.7047950583712304,1.2728676621430914,1.1005971665605934,1.3247643076561302,0.015112656045014328,1.217982141648435,1.2446612338392116,1.235594135572892,1.09920616333241,0.9766903742897419,0.6994334731147095,0.027101620670300086,1.1108879664499323,1.126357305471057,1.2150463196689538,0.0650333948747367,0.9718004545771641,1.3524443870055722,1.2150463196689538,1.2613302162835245,0.988748577560382,1.306975403345914,1.2531867074722018,1.0074420138811702,0.8338070734983526,1.26956267552296,1.2410196229628125,0.0,0.7047950583712304,1.1619157698524758,1.2664372188608302,1.3165006803416182,0.39558193372349376,0.042197285858009304,1.2536754856495596,1.1735446948245798,0.9805867830622471,1.2608418516880957,1.2246712650827052,0.8867587471748146,0.9766903742897419,0.15239533918827386,1.2098804311864795,1.1194947266588275,1.3238656793082766,1.0264328872974766,1.26366652877495,1.0324056204164482,1.0941942392414583,1.0708867288326807,1.2544101213321073,1.2399511301377917,1.2295726690955306,1.2026560765224141,1.0077705219007138,1.2006599429488425,1.2198030454351791,1.235594135572892,1.2211849809112503,1.0609480584127635,1.1272950199100125,1.2307748287459115,1.256905221719962,1.220431365808283,1.2545478233316445,1.1910993601680546,0.7560451038090554,1.0669287668518526,1.2563715550733414,0.1557727894980817,1.2393913892706117,0.9766903742897419,0.7047950583712304,1.1711740841339104,1.2312164004972108,1.3247643076561302,1.0247414807361075,1.0669287668518526,0.9750063394918912,1.27128834636394,1.242275188444612,0.29265075905333326,0.7047950583712304,1.2390888800545732,0.49413266849314696,1.2536754856495596,1.2775090580656312
61,1.194557221117407,0.701929971548076,0.9785725978846235,1.211888832637307,0.7286561673630539,1.1894082963683879,1.1839772219799933,0.9788972632511753,1.2326651572622833,1.1406543284251496,0.02748550010819173,0.675433326886931,1.1832783666156876,0.6990495936768488,0.7241822337628478,1.187404848912716,1.126999991800941,0.6718514706164251,1.1542381926223804,1.224036193126301,0.7749456819597625,1.1818672824492638,1.2123794613541155,1.1722576496803765,0.6663008125238596,1.187404848912716,0.9312622754557591,1.2161522886454847,1.1730239442376955,-8.257394767952064e-12,0.9765893815711264,1.2255043373604513,0.9585987379341572,0.701929971548076,1.1846716268343152,0.8792091691828625,1.1970266727247363,1.090939882946284,0.9978963735640728,0.02748550010819173,0.6990495936768488,1.2288851845891442,1.1145275853641516,1.182575055275645,0.7076450306190641,1.1635271445514832,0.9821315331493564,1.182575055275645,1.2142996513322377,1.1846716268343152,0.9402174961536435,0.8900844772088619,1.0147984826222771,1.104697010437192,1.2196557604820824,1.2188050533632395,0.7047950583712304,0.0,1.144381387230068,1.2174975653973636,0.9578022572032391,0.5055140854567661,0.701929971548076,1.210391494202968,1.1675642491685305,1.1627059062232767,1.2147691351431253,1.1900672886194974,1.081347068434217,0.9978963735640728,0.3179525458745632,1.1782612999751103,1.1218904207649387,0.9578022572032391,1.0295150610143606,1.2161522886454847,1.1635271445514832,1.223277222875111,0.7286561673630539,1.2123794613541155,1.2000156407609777,1.201757053575799,0.9909543918393737,1.1462162212348022,1.1737857014543684,1.1982352786867143,1.1970266727247363,1.1867281923280255,0.7264249086244394,1.2369475880227399,1.1939289476837052,1.2123794613541155,1.1867281923280255,1.211888832637307,1.2360916973805944,0.6513325891256871,0.7241822337628478,1.2113939642970832,0.6903148796606615,1.2056695351160462,0.9978963735640728,-8.257394767952064e-12,1.1489327828456768,1.194557221117407,0.9585987379341572,1.026620195236718,0.7241822337628478,1.1651557837591795,1.2225016248494718,1.201757053575799,0.6990495936768488,-8.257394767952064e-12,1.1994265203235943,0.42639529276319393,1.210391494202968,1.2285656632242044
62,1.1767498204431068,1.1591291323715793,1.4223848601779583,1.255253420745602,1.5857952179239345,1.2004829453298809,1.1954973977014287,1.3710663327006807,1.5221270805535345,1.127137266883301,1.1402003648869439,1.1309247220251035,1.2456594894009094,1.1563205674717834,1.5814075060978965,1.1908923950193806,1.1703378816947207,1.5027830366803074,1.6048412378238592,1.340939864021892,1.4354598723556886,1.1857021812385895,1.2713136685180637,1.3497188181477935,1.119245859720684,1.650799206719186,1.3063680904682888,1.2928378393140174,1.3525562712728652,1.144381387230068,1.162911683171902,1.7699477598489564,1.3904345095981565,1.1591291323715793,1.1778802854448607,1.2188410901512758,1.2240180004134182,1.2585053052957653,1.4861669477913462,1.1402003648869439,1.1563205674717834,1.4362138970061968,1.222077590366273,1.1889837165364339,1.1668057491756991,1.605395284802512,1.5839049596382773,1.1889837165364339,1.282173912392546,1.4113766894119761,1.3140294847036262,1.3122660287527157,1.5055471119022288,1.5688976235020253,1.3198942341406634,1.7496354345012033,1.1619157698524758,1.144381387230068,0.0,1.7149270879343625,1.5130056434113845,1.3612678122645776,1.1591291323715793,1.2535745880941316,1.4056477879940767,1.5729101418862368,1.2977458166905362,1.2036483558366102,1.4998898617631085,1.4861669477913462,1.173264902152599,1.24953403648384,1.2877499744309626,1.38703174778988,1.522365738883687,1.299262335718098,1.568838265648878,1.3895910894469066,1.5859245891325855,1.4881956349409693,1.225493847384715,1.3697228419336753,1.8449756159099224,1.5802217673612926,1.2304881824959666,1.4810647096604104,1.2240180004134182,1.3334672080231202,1.583611415465171,1.7855052345232962,1.208681115155305,1.2580328533861045,1.1876636968483574,1.6963026064808675,1.7328149596114404,1.4598804229124396,1.5814075060978965,1.304475719593389,1.1466213429924146,1.4245877768082063,1.4861669477913462,1.144381387230068,1.2935873885449447,1.3605888560935835,1.3904345095981565,1.1592578497852069,1.5814075060978965,1.598662076805247,1.3311518249945604,1.2478057921345034,1.1499506469788727,1.144381387230068,1.2224912609200453,1.2834847366846491,1.2535745880941316,1.5705990126781042
63,1.8257758086003837,1.2635673663073979,1.510583382908122,1.850329294686102,1.6872821282866153,1.8173731764398227,1.8091429112043658,1.9097414016540348,1.8743213361710034,1.745380283207083,1.2139232632462624,1.234616448037498,1.8110045401990187,1.2602375046649232,1.6817308760620222,1.8141772340770113,1.7375231207545405,1.5960143842874719,1.66754772928905,1.871882542421425,1.7359849052524357,1.8066820148387528,1.8524638649603444,1.795763519121597,1.2249163466699555,1.6830800998594917,1.892558361104377,1.858633997618198,1.7968410989090808,1.2174975653973636,1.9316331958189132,1.8438272830029454,1.9224695151112228,1.2632049880442866,1.8097922188176279,1.8451992924070648,1.8273551279195044,1.6946318226670603,1.5723283202560678,1.2139232632462624,1.2602375046649232,1.8336227157519007,1.723283458304854,1.8073646701526491,1.269592731267118,1.648009861216515,1.8656755213927687,1.8073646701526491,1.8556570008439972,1.7504430982172594,1.9057432168141233,1.8567919043589889,1.5893714878818541,1.6182721274022849,1.8644249994343611,1.7394980708487795,1.2664372188608302,1.2174975653973636,1.7149270879343625,0.0,1.918973301433756,1.4703850652676065,1.2634546050585758,1.8483443623330744,1.785144693746824,1.6841361818191873,1.8565844723704883,1.81877357009864,1.5711092516334497,1.5723283202560678,1.2810351494871162,1.8019132414272074,1.7320993026951539,1.921911124911658,1.6060775721208551,1.8587741081658136,1.614136550896933,1.8219750567225736,1.6872821282866153,1.8020899643951633,1.8315416499197483,1.8336313572070853,1.9206564550402039,1.414607435133878,1.797731588043258,1.8277125352715478,1.8273551279195044,1.7989471656396319,1.6845216422063476,1.848546980732318,1.8242133260504274,1.8512083711051126,1.81309429133254,1.8306673055948255,1.8064703568147584,1.5792683484907508,1.6817308760620222,1.8511319047236579,1.24862871746528,1.8065226520370392,1.5723283202560678,1.2174975653973636,1.7613385362921825,1.811085961418366,1.9224695151112228,1.6172421523002147,1.6817308760620222,1.6227704548692592,1.8692326181502599,1.834916437691336,1.2587702675049264,1.2174975653973636,1.8305307883216648,1.3901108752163485,1.8483443623330744,1.8746317139383926
64,1.1090365171605563,1.307334136300124,1.638316929926655,1.0811837810543934,1.67998393751578,1.0724646851340047,1.0848976098524217,1.456045221963004,1.2201142298568324,1.3420133222746558,0.9578022572032391,1.2773723081159907,1.0631270471617116,1.3165006803416182,1.6745846601889356,1.0698827319349038,1.1872384699923761,1.6181258529850917,1.815175164527731,1.1001525969409949,1.4004790979761834,1.0748157049351565,1.0370980892781825,1.2124414547792783,1.2659395004549328,1.8666069265182221,1.1470057548411465,1.0783046386103354,1.2189088663885537,0.9578022572032391,1.482019063187681,1.9404192811702121,1.0521173098339105,1.3165006803416182,1.0594527652322578,1.015389267579287,1.0748157049351565,1.0708780507554563,1.6745846601889356,0.9578022572032391,1.3165006803416182,1.5066605549316963,1.1650143642146145,1.0823590975365103,1.3112308799141683,1.8370249874460436,1.2409035649365916,1.0823590975365103,1.051637848563237,1.5911645943243724,1.0756585834936683,1.1679019528270964,1.6935820916639108,1.758210003702871,1.102478505573933,1.9032706560044552,1.3165006803416182,0.9578022572032391,1.5130056434113845,1.918973301433756,0.0,1.4549797493809022,1.3216796233899122,1.079797613371758,1.3575584728870473,1.823661091836183,1.070079933540797,1.069875748335565,1.7238447800324257,1.6745846601889356,1.260044331739665,1.2393264743060408,1.3491739214443834,1.0583390116269418,1.7085429731618682,1.0836388072716026,1.8249639748224344,1.5109161400356306,1.676251613592537,1.412134975385596,1.077434470869989,1.1779042324313882,1.9323228675273068,1.7753605337410021,1.0155026062569044,1.1890587362784113,1.0748157049351565,1.1965545377529327,1.6783961213214482,1.94619729354983,1.077434470869989,1.0879811153165964,1.0748157049351565,1.789237024900413,1.9172686074462324,1.5897396412728824,1.6745846601889356,1.0811837810543934,1.3029502683990808,1.2769174534593286,1.6745846601889356,0.9578022572032391,1.2643039115002865,1.1876040113003006,1.0647327283622188,1.2911660260596056,1.6745846601889356,1.8264748321561144,1.088957456919428,1.05962871556246,1.3041088403765666,0.9578022572032391,1.0698827319349036,1.373118113849655,1.079797613371758,1.2927995386996118
65,1.4044681237060788,0.36427909246577955,0.8191357114767528,1.4387212949524137,1.2233523681442051,1.4131019053976654,1.4131019053976654,1.3384370850715102,1.4811635662807445,1.3626863569209624,0.5055140854567661,0.3964386157115847,1.3994632094270414,0.39558193372349376,1.2216663130231966,1.4119871580147083,1.35444028282131,0.88365505303157,1.0506634240396102,1.4509639968593224,1.267870522001454,1.410639248242948,1.4308146853722796,1.3453378265561566,0.4063400340266161,1.211200889854201,1.4332312216043115,1.4354959133044962,1.3470833166928782,0.5055140854567661,1.401995164073628,1.3011652089796473,1.4574549243156234,0.3955819337234938,1.407910864854192,1.3754781410115502,1.410639248242948,1.2999953824136647,1.2216663130231966,0.5055140854567661,0.39558193372349376,1.2729415488764955,1.3025324022634723,1.4119871580147083,0.3793123899085548,1.0974371535252905,1.4876398889805658,1.4119871580147083,1.4331761414662723,1.0833748651284534,1.4368450663352583,1.3825351753423716,1.2445935255508278,0.9551973132898246,1.445423580140386,1.410828475380591,0.39558193372349376,0.5055140854567661,1.3612678122645776,1.4703850652676065,1.4549797493809022,0.0,0.38979561481118785,1.4364476221398108,1.3791128221157145,1.1190937639579928,1.4395488084446553,1.4170734386286568,1.0280848121836292,1.2216663130231966,0.4111421337267327,1.3826539698303724,1.345320970805488,1.4564926912772052,1.2623805987202168,1.4431448862335232,1.1714139022258192,1.255388678236896,1.2257352011221576,1.4564370129429516,1.4133242490217606,1.4069059806938378,1.3121189247680292,1.1504178113036634,1.4092804928987588,1.430403980011711,1.410639248242948,1.4247906905866783,1.2213492935385144,1.285777616590641,1.4133242490217606,1.439842631313682,1.410639248242948,1.4661541264873528,1.272383892588136,0.8251599631832444,1.2216663130231966,1.4400110912100041,0.43210314580403975,1.436129693938088,1.2216663130231966,0.5055140854567661,1.3717888872219675,1.4343800833986922,1.4574549243156234,1.226854941000787,1.2216663130231966,1.107315635130742,1.4519791781244558,1.4196674408835583,0.45576185372181,0.5055140854567661,1.4119871580147083,0.5765072579402684,1.4364476221398108,1.4731023772485303
66,1.2279769276603008,0.09571901174451758,0.6955620877123895,1.2528042869795613,1.0743682522963252,1.2204565932597393,1.213293320852564,1.223853172906829,1.2831967096119505,1.1519793608836817,0.696564349054589,0.13291471092293916,1.211635916719195,0.015099384523483472,1.07663816653256,1.2181729286237024,1.1390298527324312,0.7976304083090027,0.9274655921266135,1.2724358096881665,1.143569276925287,1.2108605713122544,1.255120405222096,1.1308698837090738,0.15386654240187886,1.071271002536065,1.3056944059702333,1.2611885957198263,1.1321856721477461,0.701929971548076,1.274562320726105,1.086349600281225,1.3294971166242269,0.03019691015393189,1.2147950917122345,1.2493451765055772,1.2324580199447752,1.095982201413343,0.9774550151356332,0.696564349054589,0.015099384523483472,1.1207949487586417,1.1230563785728807,1.2118513321279631,0.07504205163572686,0.960393122083891,1.3566405415386924,1.2118513321279631,1.2581898067254984,0.9887645975246393,1.3116373725731085,1.2580108289020173,1.0059931564197746,0.8345897400475207,1.2663599082246753,1.2393395379352246,0.042197285858009304,0.701929971548076,1.1591291323715793,1.2634546050585758,1.3216796233899122,0.38979561481118785,0.0,1.2503669233645984,1.1710739280392377,0.9703534591259935,1.2575584056427545,1.2214130276708577,0.8791124588900947,0.9774550151356332,0.16186860911133683,1.2068449208473038,1.116928872779773,1.3286048190138975,1.0231809950181157,1.2604410833911335,1.0249489539928698,1.1043297338660043,1.0806330732316287,1.2519657853924397,1.2368286126965216,1.2257846523010667,1.2174223605193057,1.0077808754774895,1.1972936589214673,1.2158769822547082,1.2324580199447752,1.2180508946750341,1.0724003632685786,1.1265717889934659,1.2275793527223455,1.2536077875122433,1.2172064726368885,1.2520374868836106,1.1899173136010979,0.7536315445977382,1.07663816653256,1.2531666607121619,0.13067282740115682,1.2372258572960004,0.9774550151356332,0.701929971548076,1.1680030698539785,1.2279769276603008,1.3294971166242269,1.021114721916589,1.07663816653256,0.9636038608542824,1.2687878491520825,1.2391149828226584,0.2862333472000913,0.701929971548076,1.235963636374859,0.4885842351708447,1.2503669233645984,1.2752412428976996
67,0.7963626216952673,1.251570828770685,1.5334904656135222,0.07065905102912362,1.6650316219938244,0.45066087645117925,0.48029145946802876,1.311279341755074,1.079982347804438,1.1018611480190001,1.2067278581790424,1.2226994400958906,0.5154613306912477,1.247022976319642,1.659672091712233,0.4828039582980894,0.9068722371009006,1.5920261586224744,1.7327676776128325,0.3740419328394702,1.3241555122045263,0.4811255879274161,0.4091432036471323,1.038260586806815,1.212947690652868,1.7667649158827072,0.6354374078317919,0.4358169306142565,1.0348635148773369,1.210391494202968,1.3041553217217656,1.8606744539467535,0.38859472046879784,1.2503669233645984,0.489954947280814,0.5551025794112121,0.5377950296036653,1.0184577543485518,1.572556361661114,1.2067278581790424,1.247022976319642,1.334287684812984,0.9529136826572208,0.4911008683319271,1.2562575161714231,1.7417686541637531,1.0891799932545876,0.4911008683319271,0.4080092664001578,1.4809046466950395,0.4329860145217126,0.9499290107348677,1.5928227962021817,1.683091344904229,0.35127406190982136,1.851268211939675,1.2536754856495596,1.210391494202968,1.2535745880941316,1.8483443623330744,1.079797613371758,1.4364476221398108,1.2503669233645984,0.0,1.1764088524701728,1.71259629292741,0.32096145163865053,0.42927493230615976,1.6211973274277,1.572556361661114,1.2501693438892354,0.9563337643262706,1.1883633368083277,0.37952995749698815,1.608900091142594,0.2932270639875587,1.7101876553198938,1.3296887514389653,1.6633137490222047,1.0933430937103488,0.5217433034558974,0.9596781784834735,1.9209238211698447,1.7352540198965576,0.4731143361120458,1.1350334672604334,0.5377950296036653,0.7654440759170551,1.6626387858218798,1.8806234169613278,0.4243697898414991,0.08166851162678412,0.47340776249607375,1.699418024622024,1.8577799575717597,1.5691292036618676,1.659672091712233,0.36354684883913646,1.2367700835673567,0.9385161026130641,1.572556361661114,1.210391494202968,0.9130039414014773,0.7640537038187989,0.38859472046879784,1.1030798921823415,1.659672091712233,1.7298924341666724,0.38165293480345186,0.5034105527307284,1.2493037389759098,1.210391494202968,0.5141591433855688,1.3523936838820152,-7.37188088351104e-12,1.2775321835307039
68,1.2601001374408138,1.1637154646564931,1.4942358099514574,1.1786957325957377,1.605766499278783,1.1346605002799417,1.1125782303813954,1.5743757558974696,1.37833196491178,1.1749928409517045,1.1635273909384023,1.1412438080826146,1.1315153075139517,1.1685844886222683,1.6016012195989946,1.1006380244503515,1.1802379032299957,1.552445639755431,1.7006910062502711,1.1367169568139714,1.484784003360917,1.108839386176758,1.1892512185761865,1.2451318750258307,1.1294475357461253,1.7382894781841656,1.1403034454179222,1.1850462005002413,1.242076230293089,1.1675642491685305,1.4666662378346884,1.8027438618625815,1.1427991578226164,1.1710739280392377,1.0932150754884287,1.195927206000703,1.1248487933968314,1.1490426076745786,1.5116855944051895,1.1635273909384023,1.1685844886222683,1.5022439464047432,1.1576933230246838,1.1049823324463814,1.1759970360413838,1.7095234648966904,1.3273614280830865,1.1049823324463814,1.1872409624657858,1.5680632998865642,1.1500794140019406,1.3565277063208494,1.5324344680802795,1.6404458293130784,1.157244930386843,1.7921452610991635,1.1735446948245798,1.1675642491685305,1.4056477879940767,1.785144693746824,1.3575584728870473,1.3791128221157145,1.1710739280392377,1.1764088524701728,0.0,1.6893260529429186,1.1605110612116696,1.130775360697076,1.6035165027098952,1.5116855944051895,1.172833361059402,1.2399076598601004,1.0560314786590361,1.150126843751416,1.5498390470641368,1.1625256434940698,1.6971421343486595,1.5159885464597014,1.6038542722388756,1.2594853392447725,1.142474702813502,1.2972575722353112,1.8712982603379762,1.681664486494719,1.1564633272971587,1.2190065561552914,1.1248487933968314,1.0489486687607636,1.6040963231678065,1.8270157366186073,1.1297972031500616,1.1744919491500005,1.1046146134589523,1.7245638039879763,1.844308479886478,1.5317540603558213,1.6016012195989946,1.1298262184409409,1.1610015496863444,1.161606793361286,1.5116855944051895,1.1675642491685305,1.118681325499223,1.0545627799592927,1.154571364077266,1.0335077040513085,1.6016012195989946,1.7107567703566522,1.1558512515256054,1.1224094874804038,1.1462449879489685,1.1675642491685305,1.146524530737246,1.30404331805786,1.1764088524701728,1.3500997899067704
69,1.702317466225648,0.9703534591259935,0.9060295155656837,1.7125806028559931,1.6455702228470113,1.6560180330408132,1.6445184945120008,1.5454193657783768,1.7943636567689316,1.6104375908425341,1.1586366088913114,0.9708270721965324,1.66274158625163,0.9704965157927736,1.6405769283952987,1.655929957874558,1.6121891144717477,1.0616236937412582,0.8598176904920595,1.750917739935356,1.6757208026832768,1.641756858603791,1.7202469891197458,1.5379054347281722,0.9452032021648294,0.8908487681575704,1.793639396377734,1.729016716295251,1.5402044921986298,1.1627059062232767,1.6646902614181143,1.6432183328215397,1.8171403243589719,0.9807147093061364,1.648919613631931,1.7137982121975321,1.6737119945334207,1.5431735313232868,1.5059974265512757,1.1586366088913114,0.9704965157927736,1.4287337523596768,1.5768149234946778,1.6435619734114502,0.9804366861003666,0.7023193585266845,1.8943348733036858,1.6435619734114502,1.7236725293666926,1.1286860760824053,1.775365699905579,1.738185178785317,1.5232401004588705,0.9179705502714798,1.7430046909424037,1.6475260302636476,0.9805867830622471,1.1627059062232767,1.5729101418862368,1.6841361818191873,1.823661091836183,1.1190937639579928,0.9703534591259935,1.71259629292741,1.6893260529429186,0.0,1.7289588765519641,1.6577459733831672,0.8639990431469307,1.5059974265512757,1.0414251041912999,1.6949978645684554,1.6163852487913368,1.8153356267407441,1.5282153506773155,1.732883975873682,0.9136050815677637,1.4022492962560447,1.6452953993694455,1.7559256525952782,1.6817804319623633,1.6977977635756978,1.6630192793917973,1.4336286741609687,1.6399019214296917,1.6793747777846002,1.6737119945334207,1.693875997506543,1.6432575092583899,1.5680641302193088,1.6703811650563822,1.7139933209360831,1.6516213071758112,1.7727558418150535,1.3009886970130273,1.0533614147957349,1.6405769283952987,1.723477645029966,0.9992028004267821,1.7319256518824298,1.5059974265512757,1.1627059062232767,1.6423032313400268,1.7041960934201632,1.8171403243589719,1.4858728942722874,1.6405769283952987,0.8380188398223966,1.7442697126540319,1.6841458327273118,1.0572012652747538,1.1627059062232767,1.6801844902754393,1.041963034687566,1.71259629292741,1.7605910041809685
70,0.7966358729982363,1.258611952511313,1.5425323133043027,0.33081964749041126,1.6692172882058463,0.48650212120812375,0.5284936689700412,1.325593368743597,1.0992814021539825,1.0972524602150697,1.2111588857500666,1.229816341271103,0.48714122910060054,1.254239543636461,1.6644634122997497,0.48726933505624515,0.9266239989287469,1.5972792088463534,1.7472502919366477,0.2964616640428992,1.3188064968618303,0.5286352970772816,0.41661864555503003,1.036539218816461,1.22006480457142,1.7798141469554667,0.5974935662740033,0.43199011812146404,1.0332135265192188,1.2147691351431253,1.3281862756633804,1.8689705150987743,0.2975662391029965,1.2575584056427545,0.5082759752504833,0.5821702206912023,0.5758009434820868,0.9860873129607108,1.5811578325038078,1.2111588857500666,1.254239543636461,1.348236943038617,0.9407694711732675,0.5385866799238745,1.2634741162823742,1.753985064469764,1.043686830001285,0.5385866799238745,0.38720634216087024,1.5031483099292657,0.36744824224902106,0.930988244596987,1.601070363691945,1.6945694292976416,0.2501210942170464,1.8573242316990302,1.2608418516880957,1.2147691351431253,1.2977458166905362,1.8565844723704883,1.070079933540797,1.4395488084446553,1.2575584056427545,0.32096145163865053,1.1605110612116696,1.7289588765519641,0.0,0.4655700043555382,1.6343618422106123,1.5811578325038078,1.2544372103673362,0.9823288289343208,1.1837242881910655,0.2876524237565503,1.6174316117645586,0.18081819631498242,1.724844794715008,1.3615069066768513,1.6677439304513622,1.0569682494438077,0.5481070828132011,0.9987754761648887,1.925566770772065,1.7485105801418723,0.5003522766118886,1.1220098984471694,0.5758009434820868,0.7174281063484031,1.6671861907044219,1.890002595257701,0.4927123561009723,0.33931209963885456,0.4925840487370581,1.7249958048242762,1.8799047857231619,1.5744346073680537,1.6644634122997497,0.1353620552957604,1.244061719567234,0.8846599382573705,1.5811578325038078,1.2147691351431253,0.8950036001654976,0.683908100941873,0.26482485572632286,1.0885276937374182,1.6644634122997497,1.7466313149838009,0.3034888207699602,0.5443758606755167,1.256145255585406,1.2147691351431253,0.5402989198547321,1.354918322234254,0.32096145163865053,1.2431680289369396
71,0.7634841502456644,1.2219916638649642,1.491897648382725,0.4469649024664806,1.645748535012423,0.09610598773998724,0.1304977130174132,1.196369455990239,1.1732478858336512,1.025268227345175,1.1862018733957282,1.193234949567789,0.3892547942785505,1.2181223759276016,1.640773841963675,0.12763506299386096,0.8515557952230428,1.5651930588702976,1.6931728395169863,0.5327176010493286,1.3037667639323423,0.15699057045658216,0.46812060282852475,0.9059813404437312,1.183541349723788,1.72347528392555,0.5484312903213076,0.48216451541486616,0.9111833619454435,1.1900672886194974,1.245980155170392,1.8307917482448173,0.47617010126531323,1.2214130276708577,0.18548913156985014,0.5401537063381276,0.30126896009534176,0.9674310187084316,1.5423392794858704,1.1862018733957282,1.2181223759276016,1.1941832949592581,0.9318033510975938,0.14835418696510483,1.2272823055664992,1.6955473823317277,1.1145309011915319,0.14835418696510483,0.45995232330891045,1.38423297646753,0.26386469306088745,0.9027593971049211,1.563133843360887,1.6460091856715173,0.5246592481361969,1.8164125493394345,1.2246712650827052,1.1900672886194974,1.2036483558366102,1.81877357009864,1.069875748335565,1.4170734386286568,1.2214130276708577,0.42927493230615976,1.130775360697076,1.6577459733831672,0.4655700043555382,0.0,1.5771740509509942,1.5423392794858704,1.2337875161241516,0.9373800778804,1.114181928468665,0.46855593696239195,1.5789987896000934,0.46638615956218876,1.6571585371256816,1.2174867545039336,1.6450178934366113,1.0676341643156393,0.28709453063521484,0.9504198661718776,1.9012120154469456,1.7048626400677378,0.39979174174899956,1.0880388472979485,0.30126896009534176,0.7078483974078056,1.6432734531915276,1.8481195707457814,0.18774922666840155,0.45276282038016036,0.15841235257723052,1.6885672887878844,1.8204967963998793,1.5393632562307045,1.640773841963675,0.4411183745186915,1.2071390534269542,0.906680010187443,1.5423392794858704,1.1900672886194974,0.8654542482176335,0.7084864806503051,0.47617010126531323,1.0162175281911887,1.640773841963675,1.686878169899436,0.5128362569343752,0.29130172159464807,1.2198267287568967,1.1900672886194974,0.29712426406978154,1.3309749751491706,0.42927493230615976,1.2281771724022175
72,1.5986576612304022,0.8873877401532018,0.597388373600997,1.620743628448044,1.5392329144609063,1.5732135749485787,1.5633150056961391,1.4645156765680198,1.6978759381840614,1.5085085387551296,1.0768662674547087,0.8671211313187592,1.5869624070141797,0.8797565822913733,1.5348661005220448,1.5710920521899707,1.5258375783552567,0.8300397899091126,0.8746231336203971,1.653735588868654,1.5693288175773132,1.5610931840126547,1.632237029116161,1.4772103136636552,0.8402813376542502,0.8479008203888159,1.7006997090632894,1.6398473845423314,1.4791572140846234,1.081347068434217,1.5796769916631828,1.564219444753246,1.7169618197425554,0.8873877401532018,1.5648860679083147,1.6349015159038616,1.5886051048647007,1.4733692845452464,1.408486961039472,1.0768662674547087,0.8797565822913733,1.3319000930766367,1.4983563841195089,1.5626758665358498,0.8861022663620188,0.7856093226007184,1.7863410789267122,1.5626758665358498,1.635117203902376,1.0984863419780329,1.684213878581357,1.63695852865893,1.4258913666817048,0.8363908103495865,1.6471541537225014,1.5527010377438621,0.8867587471748146,1.081347068434217,1.4998898617631085,1.5711092516334497,1.7238447800324257,1.0280848121836292,0.8791124588900947,1.6211973274277,1.6035165027098952,0.8639990431469307,1.6343618422106123,1.5771740509509942,0.0,1.408486961039472,0.9325297590695665,1.5957164223402676,1.5431031569810951,1.7153910199317317,1.4361320613419488,1.6398473845423314,0.628502086194016,1.311897536145705,1.539419504123668,1.6612775707413356,1.5957391954950104,1.599931411555488,1.5653605743712158,1.2960305353040518,1.5582598582004672,1.616597621340629,1.5886051048647007,1.6052868144012495,1.5369351776214755,1.499264059424876,1.5860680566410588,1.6220136241319911,1.5670533084028746,1.6747449241648524,1.3007908292164534,0.665445063353956,1.5348661005220448,1.6297981501801975,0.8730939146443688,1.637715401495617,1.408486961039472,1.081347068434217,1.561365538140193,1.615943053768808,1.7169618197425554,1.4068846986717403,1.5348661005220448,0.8553883216225148,1.647412754578878,1.5976229027905053,0.951012291218958,1.081347068434217,1.5943271414546354,0.9212115085898673,1.6211973274277,1.6690105682727556
73,1.5524620659656407,0.9803071568163745,1.2891385508647364,1.5739115461973154,0.07885955684255563,1.5419638481874591,1.5328010819708826,1.6949481635263,1.612681532711274,1.4815385698778711,0.9931299583410946,0.9521002782798516,1.5349173224507098,0.9712795612402559,-7.72892860823049e-12,1.538160492017105,1.464465423161192,1.395882838260711,1.4921204501348913,1.5967583576265998,1.4818316719355178,1.5302847368769619,1.5760233065504017,1.5216679100539057,0.9433110121347823,1.5348531171205329,1.6502144868479336,1.5821724828072408,1.52263374632297,0.9978963735640728,1.6915981922444596,1.008533697547167,1.6819202952986931,0.9739932950163824,1.5338851173854615,1.6015119587732856,1.5506356806384507,1.4200484964902307,-7.843947713581656e-12,0.9931299583410946,0.9712795612402559,1.604889431423253,1.445558797355033,1.5306146853752416,0.9828959122801326,1.5011767819823802,1.7063137452473252,1.5306146853752416,1.5788473822777982,1.538972002799836,1.6616656047026053,1.6124851375123064,0.11824360965241532,1.431550838204642,1.5889955515542715,1.5829304254211134,0.9766903742897419,0.9978963735640728,1.4861669477913462,1.5723283202560678,1.6745846601889356,1.2216663130231966,0.9774550151356332,1.572556361661114,1.5116855944051895,1.5059974265512757,1.5811578325038078,1.5423392794858704,1.408486961039472,0.0,1.0153179272628299,1.5303252155909848,1.4559899161546683,1.6814176918664256,0.25705121293637,1.5831493673518853,1.5097605122496274,1.5949072080911504,0.07885955684255563,1.57840413824773,1.5555984325074097,1.563027339369442,1.1903280147518527,1.4843830864445127,1.519472253585381,1.557692548596431,1.5506356806384507,1.5384473436037538,0.06267666119943183,1.0881845608362735,1.54778359569778,1.574788920685089,1.5371007364461566,1.5723018120093457,1.2425630452334842,1.3751103331167782,-7.72892860823049e-12,1.5753616952201188,0.9630363022429733,1.568815399473364,-7.843947713581656e-12,0.9978963735640728,1.4896568808323984,1.5494222222055343,1.68227929502529,1.3455556173801075,-7.72892860823049e-12,1.5056317520936495,1.5934246452810656,1.5561520276281098,0.9775286683819763,0.9978963735640728,1.5546176507621314,1.1474454539939714,1.572556361661114,1.6061077491037241
74,1.2201133559368416,0.12238437116435796,0.7445784596537028,1.252321623455171,1.007520105141897,1.2301183750623894,1.2301183750623894,1.1432454991283882,1.2863474568123467,1.1718458549015767,0.3179525458745632,0.05129091506341754,1.2159288228723388,0.15239533918827386,1.0153179272628299,1.2290038868036086,1.1682557061315229,0.7598135984232284,0.9899346320743503,1.2648191471813914,1.083538252021758,1.2277606792267894,1.2465174862993502,1.157300217888586,0.16481474848013244,1.0884435549896405,1.2492006111307619,1.2508678951991974,1.158859092422547,0.3179525458745632,1.20049022990681,1.15979596861174,1.2705014090833688,0.15239533918827386,1.225245654912259,1.1901536192861752,1.2277606792267894,1.1136321192390177,1.0153179272628299,0.3179525458745632,0.15239533918827386,1.1542481787840144,1.1200765503004624,1.2290038868036086,0.1426739534821999,1.0251560969740454,1.3000486599936043,1.2290038868036086,1.248711120174708,1.0682353972484382,1.251614724092558,1.2000028309985609,1.048449266058656,0.8977508040018891,1.260120690533346,1.2304425932395768,0.15239533918827386,0.3179525458745632,1.173264902152599,1.2810351494871162,1.260044331739665,0.4111421337267327,0.16186860911133683,1.2501693438892354,1.172833361059402,1.0414251041912999,1.2544372103673362,1.2337875161241516,0.9325297590695665,1.0153179272628299,0.0,1.1963878077907737,1.1403879580618153,1.2695948464857674,1.0781449250543436,1.257960273155321,1.0655344194755256,1.1264781739266425,1.0193494201211704,1.2704357412052787,1.2302375846724565,1.2292303032446479,1.1675244445011257,0.9155377410943439,1.2233994622215585,1.2387294555534938,1.2277606792267894,1.2395644135012978,1.0055334857483833,1.1853173152352532,1.2302375846724565,1.2533839954996326,1.2277606792267894,1.2772583306912044,1.2025268532567204,0.7160043079369004,1.0153179272628299,1.255071388596537,0.20228343818481986,1.2512500782931244,1.0153179272628299,0.3179525458745632,1.1870798361794723,1.2494975208513859,1.2705014090833688,1.041790625060417,1.0153179272628299,1.0232942335906834,1.266821597002291,1.2361863475239507,0.2566371833962448,0.3179525458745632,1.2290038868036086,0.42706278941664355,1.2501693438892354,1.2862876273671149
75,0.8648208200949774,1.206738749105351,1.498289391461022,0.9496898633537612,1.609017255573854,0.9236817695317374,0.9332942738425204,1.411392686774636,1.3239011578819753,1.1304321952654184,1.174301057574869,1.178670079024476,0.9101748294335661,1.2037818393987911,1.6043856413487183,0.9193237384711082,0.9212345237625417,1.5370720079990743,1.6978184485054297,1.0178119272035855,1.3130895689132356,0.9193992643180023,0.9536572156336047,1.2484565583793312,1.1689581694808584,1.7333561763264935,0.925688149863868,0.9846385812054756,1.2520183890766008,1.1782612999751103,1.3325199267788037,1.8175415649967255,1.029271232501776,1.2068449208473038,0.9101783695821747,0.8991199213106822,0.9304861614135994,1.1197782653183785,1.5303252155909848,1.174301057574869,1.2037818393987911,1.4527042146255256,1.0223031379751115,0.92406180990628,1.2129331640100682,1.7115537983496312,1.2965343569314194,0.92406180990628,0.9693134332511206,1.5148394585158773,0.9484921892172444,0.9133966457910837,1.549540395711353,1.645189085612403,0.9871576891973024,1.7995200192426566,1.2098804311864795,1.1782612999751103,1.24953403648384,1.8019132414272074,1.2393264743060408,1.3826539698303724,1.2068449208473038,0.9563337643262706,1.2399076598601004,1.6949978645684554,0.9823288289343208,0.9373800778804,1.5957164223402676,1.5303252155909848,1.1963878077907737,0.0,1.24282297471236,1.0378193642529474,1.566451762112594,0.9662258496318143,1.689965664641024,1.4519860279643413,1.6083529197719488,1.22165884209726,0.9334631710698851,1.0173693110507198,1.867773685562678,1.6839411572559984,0.9586364281012593,1.2469293915967312,0.9304861614135995,1.0295721147513022,1.606712273920785,1.8401190207996359,0.9178217978767939,0.9536572156336047,0.9240189698676091,1.6522297822471406,1.8244949006629678,1.5109955093424716,1.6043856413487183,0.973437773718237,1.1942028421371018,1.1409883620368113,1.5303252155909848,1.1782612999751103,0.9977193198457832,1.0454406449988298,1.029271232501776,1.1177865002856406,1.6043856413487183,1.7027290918770681,0.985152919898424,0.9461764737489211,1.2035038737035468,1.1782612999751103,0.9384566755383625,1.2986170042696716,0.9563337643262706,1.3450175285413548
76,1.2476037302404466,1.1095941724209926,1.434628119441203,1.1893616630135013,1.5708227332200422,1.1336022073990684,1.1304735206714391,1.5078391820952604,1.343126126094091,1.1775077176714905,1.1175901424657018,1.0862828477372353,1.1198206006367841,1.1143449170657358,1.5665469911029046,1.1165922864061748,1.1616130866116383,1.5145519658548348,1.640834241513747,1.1895113485519988,1.458673937054114,1.128212104182682,1.1471012584834859,1.1439827999320225,1.0740687838308742,1.6749999960786854,1.219762340705165,1.1462703830814909,1.1472507362956694,1.1218904207649387,1.4502890360177716,1.745263912551167,1.2004040582194906,1.116928872779773,1.1187953440779705,1.1976525870366708,1.1180650151147415,1.1245812086699154,1.4559899161546683,1.1175901424657018,1.1143449170657358,1.4478566825743946,1.089131977675708,1.124037384847935,1.1220427145563283,1.642727397931735,1.41909121214008,1.124037384847935,1.1506540652198303,1.4874293400780252,1.1603132675873493,1.254696067802815,1.4756812564843345,1.5827791605942452,1.1909378158535384,1.7288369878836514,1.1194947266588275,1.1218904207649387,1.2877499744309626,1.7320993026951539,1.3491739214443834,1.345320970805488,1.116928872779773,1.1883633368083277,1.0560314786590361,1.6163852487913368,1.1837242881910655,1.114181928468665,1.5431031569810951,1.4559899161546683,1.1403879580618153,1.24282297471236,0.0,1.1965366834079953,1.492819864759871,1.1769626213537507,1.6296479384215237,1.4761014322054051,1.5702947647926682,1.3308142633759978,1.1257150330548855,1.286481853595687,1.8333241627558492,1.629300732998243,1.1361872269848239,1.1468792768718965,1.1180650151147415,1.113381002265203,1.5689036611837526,1.768628192070783,1.1329992401987763,1.1847885464492474,1.113381002265203,1.6669489610505392,1.779176246249452,1.49294079982545,1.5665469911029046,1.1643332345349393,1.1064819736159803,1.2538283771190972,1.4559899161546683,1.1218904207649387,1.1269119589280088,1.1285615669204212,1.2004040582194908,1.1136545121889967,1.5665469911029046,1.6454152504871518,1.163582600796731,1.1115801510383816,1.102588833138811,1.1218904207649387,1.1226673879531974,1.2691344809918874,1.1883633368083277,1.3252728058493617
77,0.8486137557080593,1.3132854272260484,1.6296309203797055,0.3859032318276874,1.6861178451462207,0.49086072452786866,0.49086072452786866,1.34664334491198,1.1273265630488791,1.1413037605398113,0.9578022572032391,1.28524574601135,0.5670192021191607,1.3238656793082766,1.6814176918664256,0.5053428537979407,0.9954553828808828,1.6130123098135285,1.813195155937061,0.18408135515961255,1.3666737791081183,0.5124724750537479,0.34851532109835714,0.9810256615389434,1.2764801992846748,1.8606164342330245,0.658110146646055,0.3126543354183011,0.9756182658996781,0.9578022572032391,1.3479376899901463,1.9442942303994886,0.023027344462200894,1.3238656793082766,0.526516255831027,0.6992568874255842,0.5124724750537482,1.0566406068701415,1.6814176918664256,0.9578022572032391,1.3238656793082766,1.3064487889192633,1.0180073148566333,0.5053428537979407,1.319049268068683,1.8425954719755686,1.0503123575684077,0.5053428537979407,0.33083144635502215,1.5353614765506505,0.3255659947991263,0.9918207620756255,1.699342112393034,1.760001991697204,0.2570210268819413,1.8997402633678004,1.3238656793082766,0.9578022572032391,1.38703174778988,1.921911124911658,1.0583390116269418,1.4564926912772052,1.3286048190138975,0.37952995749698815,1.150126843751416,1.8153356267407441,0.2876524237565503,0.46855593696239195,1.7153910199317317,1.6814176918664256,1.2695948464857674,1.0378193642529474,1.1965366834079953,0.0,1.7174719532990637,0.2674118020973837,1.8222112039715932,1.3736641445807922,1.684922756259983,1.124708825972161,0.4981394540695736,1.0331661215924424,1.9443566852345715,1.7732381383706095,0.5195298020036847,1.1199383114998667,0.5124724750537479,0.7140270210162911,1.684025876901258,1.9522609120869305,0.4981394540695734,0.37665011052828645,0.5124724750537479,1.7756203310364231,1.9314669231241557,1.5897396412728824,1.6814176918664256,0.307230668545569,1.3107791286658692,0.9287989815894429,1.6814176918664256,0.9578022572032391,0.9722631484840156,0.6688440075434452,0.023027344462200894,1.1149987079588932,1.6814176918664256,1.8329805321009072,0.24540411465563627,0.4532775167926937,1.3108423842966717,0.9578022572032391,0.5053428537979407,1.3709838127168559,0.37952995749698815,1.2508534044090638
78,1.5886542469471088,1.020955460015393,1.3136496196481604,1.610351088297675,0.31537198309438175,1.578559466757031,1.5694722369875904,1.7182911521693933,1.650035920982129,1.5178496124791243,1.024846556344421,0.9912916189661433,1.5713022393138933,1.020815157442494,0.25689004290076345,1.5748271911610487,1.5005491071657178,1.4294997715063962,1.512877533611529,1.6323947906778393,1.5256623694519569,1.5668923534300778,1.6128704750062581,1.5573735492701004,0.9834487590352589,1.5564774320914148,1.6870486523022485,1.61904029089824,1.558452977265232,1.0295150610143606,1.718041274721359,0.9740532606415873,1.7178932603448627,1.0231809950181157,1.5705557880074816,1.6369069857948337,1.5875660933142794,1.4561019900864252,0.25705121293637,1.024846556344421,1.020815157442494,1.631444963785339,1.4804876003727983,1.5672861934730096,1.0287063322810683,1.5221566636927655,1.7427069272946938,1.5672861934730096,1.6157530309259915,1.568247719408623,1.6977664809448605,1.6504344974224332,0.23151415537015785,1.4522940016173729,1.6253394604686926,1.621411131045338,1.0264328872974766,1.0295150610143606,1.522365738883687,1.6060775721208551,1.7085429731618682,1.2623805987202168,1.0231809950181157,1.608900091142594,1.5498390470641368,1.5282153506773155,1.6174316117645586,1.5789987896000934,1.4361320613419488,0.25705121293637,1.0781449250543436,1.566451762112594,1.492819864759871,1.7174719532990637,0.0,1.619830663253373,1.539663539169536,1.6212501991245432,0.264907456499633,1.614743947503342,1.592508613911973,1.5990583509717686,1.160506483976701,1.524728110937298,1.5552326136910641,1.594082871252021,1.5875660933142794,1.5755206560757216,0.30038132471288526,1.0614107467991685,1.5844971349109476,1.6112300947073794,1.573768731991775,1.6087826355615717,1.254604382219466,1.4042335837366862,0.25689004290076345,1.6120492771974917,1.0118185153246695,1.6048414453120654,0.25705121293637,1.0295150610143606,1.5251425488660408,1.5860615491932974,1.7183661579595142,1.381441437596798,0.25689004290076345,1.5294640664519576,1.6289529371743576,1.5933171989832802,1.0162076533127997,1.0295150610143606,1.5915322613044736,1.1825821678736594,1.608900091142594,1.6414239568378521
79,0.7999382577745038,1.2611885957198263,1.5467984784737954,0.3043642754635605,1.6712366298394026,0.487527547001428,0.5289349901098739,1.3472109357748818,1.0970656467668278,1.106431250904717,1.2125599768780302,1.2326125696173196,0.4863419844713073,1.2571812027183953,1.6665113533914562,0.5185270923210654,0.9364133713306352,1.5998331816278992,1.7492660146414871,0.2559585890765499,1.3250776303859886,0.528573340010257,0.40822750448575285,1.0557973937558347,1.2228866909076508,1.7849312049973936,0.6145523058977898,0.4249471074465867,1.052555036790523,1.2161522886454847,1.3495431889171452,1.8711918022235126,0.2776603773334121,1.2604410833911335,0.5388908272601443,0.6179817598200961,0.5523169325380834,1.0143254264073727,1.5831493673518853,1.2125599768780302,1.2571812027183953,1.3716138761215482,0.950109070864487,0.5388950772644829,1.2663908904727743,1.7587596606083211,1.0336436051235722,0.5388950772644829,0.3944935841269217,1.5150929309242922,0.3669998155104095,0.9563033562792052,1.6034225584581738,1.697500797052914,0.18672640883461655,1.8592144682928347,1.26366652877495,1.2161522886454847,1.299262335718098,1.8587741081658136,1.0836388072716026,1.4431448862335232,1.2604410833911335,0.2932270639875587,1.1625256434940698,1.732883975873682,0.18081819631498242,0.46638615956218876,1.6398473845423314,1.5831493673518853,1.257960273155321,0.9662258496318143,1.1769626213537507,0.2674118020973837,1.619830663253373,0.0,1.7308396697628297,1.3779052532586262,1.669884845939275,1.0528292305395426,0.5382678744822234,0.9845672103240914,1.9282608301999176,1.7505513672140485,0.5329075982351745,1.1253363884454322,0.5523169325380832,0.7198372429789521,1.6691795016040445,1.8922957478166726,0.4799624517714973,0.29658080085311145,0.5236770469186707,1.724483013442947,1.8795721157253054,1.5770159038536435,1.6665113533914562,0.22311488482753572,1.2471866543279917,0.8986661015872502,1.5831493673518853,1.2161522886454847,0.9057459310352386,0.6870983304276996,0.2445636964844693,1.0769167563862045,1.6665113533914562,1.7486672764232072,0.2632572648012643,0.5211690482948961,1.258304523293309,1.2161522886454847,0.5301900375348143,1.3592637616275511,0.2932270639875587,1.2480734288175979
80,1.694158434133083,1.0249489539928698,0.8418534301737048,1.7101177136785626,1.6490663147073599,1.6501490441703188,1.6411730218558365,1.5524216635448842,1.7969274566847868,1.580918120330774,1.1594632374778633,1.0082228212168234,1.669202828595114,1.0248536362490108,1.6446394085276757,1.6501490875580886,1.6216472095719163,0.9627800584127384,0.9987775291440839,1.7453158433315425,1.6709703229574155,1.6384000284742957,1.7179806174733192,1.562273478379893,0.9910167234576153,0.8477265165618697,1.8001248582039118,1.7248093060274763,1.564474935093,1.1635271445514832,1.670524263864374,1.6974309208529252,1.8239918103760857,1.0322951722496982,1.6429874887967157,1.7307056997942132,1.6681838916113896,1.5548828702996629,1.5097605122496274,1.1594632374778633,1.0248536362490108,1.3868408966849661,1.5879736055536748,1.6402297863062176,1.0324916292721538,0.8717846950840388,1.8987139552368102,1.6402297863062176,1.7214303596725717,1.162311725177681,1.7827110445202092,1.7316202478143916,1.5277567287987412,0.983083257122007,1.7373248624647344,1.6467103156586502,1.0324056204164482,1.1635271445514832,1.568838265648878,1.614136550896933,1.8249639748224344,1.1714139022258192,1.0249489539928698,1.7101876553198938,1.6971421343486595,0.9136050815677637,1.724844794715008,1.6571585371256816,0.628502086194016,1.5097605122496274,1.0655344194755256,1.689965664641024,1.6296479384215237,1.8222112039715932,1.539663539169536,1.7308396697628297,0.0,1.3712419216969507,1.649177407482322,1.7629696339171566,1.676430832539018,1.699652033179939,1.730248763713212,1.3569841680068548,1.6367126997820163,1.7051389314444656,1.6681838916113896,1.6973976147737264,1.6467743236185575,1.64720091750617,1.6648699494715973,1.7115513979125163,1.6457022528213012,1.7758641923873757,1.4346544333783633,0.9403875245185602,1.6446394085276757,1.7193268726277589,1.0316038975534738,1.7409719942493047,1.5097605122496274,1.1635271445514832,1.6565741527611062,1.7077366304172108,1.8239918103760857,1.4898260164675787,1.6446394085276757,0.9185794971611074,1.740348841218788,1.6788042157400718,1.0920831592455498,1.1635271445514832,1.6747994250861515,1.0991465965177871,1.7101876553198938,1.769010112657439
81,1.365687990135012,1.1043297338660043,1.2739171912710163,1.3276103817760196,1.6979952825183484,1.2057412795291198,1.1766449816430073,0.6797472218288789,1.6069497524147356,1.2729602128820992,1.2197879347167198,1.0883901220520922,1.2797997335101798,1.0931940866836323,1.6929543435969052,1.192216461071266,1.385773140464463,1.3760593011062163,1.4678503244476717,1.3791622431643864,1.5331230980648132,1.177736951931742,1.350370189807787,1.009548028289498,1.0964215184930732,1.4794826304751365,1.4220555155829981,1.359316766225475,1.0154334073965923,1.223277222875111,1.3457269912213206,1.8065742061710264,1.3787416377534694,1.0937039252802538,1.1813157065188578,1.254057672611356,1.2215943767014252,1.2933428734668884,1.5949072080911504,1.2197879347167198,1.0931940866836323,0.43478927308143933,1.358731830021262,1.174847758771115,1.0946652004664783,1.4281868529717614,1.7110614029138347,1.174847758771115,1.3454258278887246,0.7618828067187287,1.2830148084836686,1.376249329340312,1.61323686313773,1.441859121871503,1.3922461239915938,1.7892616861809996,1.0941942392414583,1.223277222875111,1.3895910894469066,1.8219750567225736,1.5109161400356306,1.255388678236896,1.1043297338660043,1.3296887514389653,1.5159885464597014,1.4022492962560447,1.3615069066768513,1.2174867545039336,1.311897536145705,1.5949072080911504,1.1264781739266425,1.4519860279643413,1.4761014322054051,1.3736641445807922,1.6212501991245432,1.3779052532586262,1.3712419216969507,0.0,1.6973522141541904,1.602641166994348,1.2283162633631237,1.4139754198139174,1.852585239887916,1.5815004150401317,1.2442287818554805,1.4500398616374157,1.2215943767014252,1.4334929439119917,1.695664537882985,1.7930285684940566,1.2362213009951915,1.331214633264127,1.187643202080036,1.8344296543883873,1.65173962939161,1.291927762599936,1.6929543435969052,1.3559146591200828,1.119767502579006,1.5262388109805967,1.5949072080911504,1.223277222875111,1.4413952652203244,1.4411323958448812,1.3787416377534694,1.3195863441001294,1.6929543435969052,1.413429841469513,1.3597779743001102,1.240782621382587,1.1573457390883786,1.223277222875111,1.2313098518414047,1.255332987293052,1.3296887514389653,1.568539305594903
82,1.638492759677104,1.0662816987037758,1.4196955139348024,1.6648288405923886,0.11290599242809418,1.6418990081495792,1.6411048154617889,1.6992792228878633,1.705519704046422,1.5859245891325855,0.7286561673630539,1.038113748769553,1.6304390075821003,1.0708867288326807,0.07885955684255563,1.6384313285528789,1.5784519221329738,1.400271054651388,1.6070495268480762,1.6794139847879284,1.4877025607594132,1.6379332394142891,1.6562941910431759,1.6424100919489752,1.0359518027178922,1.658315187686507,1.654418417057463,1.6602170976082415,1.64341378317534,0.7286561673630539,1.6945542431017007,1.124049096442696,1.6852605943948447,1.0708867288326807,1.634323217643887,1.6057394892756331,1.636118358306246,1.5263138358854966,0.07885955684255563,0.7286561673630539,1.0708867288326807,1.7128243136266477,1.537310218827649,1.6384313285528789,1.0673745522278528,1.6290320725455196,1.7105754395677204,1.6384313285528789,1.6578360067105093,1.662765343749799,1.665950606647785,1.6181461780013366,0.19371398154897723,1.5444845491769106,1.670936854857778,1.6653032333197462,1.0708867288326807,0.7286561673630539,1.5859245891325855,1.6872821282866153,1.676251613592537,1.2257352011221576,1.0806330732316287,1.6633137490222047,1.6038542722388756,1.6452953993694455,1.6677439304513622,1.6450178934366113,1.539419504123668,0.07885955684255563,1.0193494201211704,1.6083529197719488,1.5702947647926682,1.684922756259983,0.264907456499633,1.669884845939275,1.649177407482322,1.6973522141541904,0.0,1.6780715849731538,1.638860705843973,1.6553771516176932,1.1871525420485134,1.5444163879402066,1.6357056883873393,1.6686053727781414,1.636118358306246,1.650051814636996,0.1279307087637478,1.200602421944438,1.6405900482125957,1.665950606647785,1.6370750461392152,1.6650173148936194,1.3234323666841306,1.3796981361768617,0.07885955684255563,1.6655536384661467,1.0602563507374725,1.6657542087842654,0.07885955684255563,0.7286561673630539,1.598662046002279,1.6600023436412332,1.6858287853545948,1.451559320364818,0.07885955684255563,1.6286614336568592,1.6821326845352214,1.643830944316178,1.0673860490786757,0.7286561673630539,1.637496077096578,1.1516929604140165,1.6633137490222047,1.7056392781858245
83,1.147385928082677,1.2536077875122433,1.5527198408503553,1.0978810665016216,1.6760098054157235,1.079439477961179,1.090602695496508,1.6795464414672385,1.2108005968746705,1.3541387930169175,1.2087394743439295,1.224344796217774,1.009456430184915,1.2485287448571942,1.6723072682682458,1.0898535506969051,1.069562447576724,1.624834769950248,1.7599946380297942,1.105318165091262,1.3948882534852887,1.0843818905937306,1.0857381561969166,1.3285738167810246,1.2161545771381241,1.8038649626744396,1.0589927781757988,1.1108057686352075,1.3261836599215067,1.2123794613541155,1.6616243435402616,1.8662201789296957,1.1187586697385146,1.2509579503739705,1.1034078582133076,1.0952846291296714,1.1337441101770105,1.2220495597469394,1.57840413824773,1.2087394743439295,1.2485287448571942,1.5685259631676436,1.1166787071159168,1.0891909859057827,1.25782460170786,1.7724654695539557,0.9265940167071196,1.0891909859057827,1.0943420616495145,1.6372158581178713,1.1195299185732597,1.2750377031274522,1.596794994742094,1.7014659123650095,1.0861753545735453,1.8379312861068062,1.2544101213321073,1.2123794613541155,1.4881956349409693,1.8020899643951633,1.412134975385596,1.4564370129429516,1.2519657853924397,1.0933430937103488,1.2594853392447725,1.7559256525952782,1.0569682494438077,1.0676341643156393,1.6612775707413356,1.57840413824773,1.2704357412052787,1.22165884209726,1.3308142633759978,1.124708825972161,1.614743947503342,1.0528292305395426,1.7629696339171566,1.602641166994348,1.6780715849731538,0.0,1.1397117130783427,1.2611261293751141,1.9443723460716376,1.7483284306554314,1.0289529209015187,1.2588731658832375,1.1337441101770105,0.8162336980869652,1.6741698645776437,1.8879384303932596,1.0792617375796354,1.1020728515434284,1.093277246764329,1.7523446934639566,1.9081816141617043,1.6038254491165598,1.6723072682682458,1.0349404042334913,1.2390839623411123,0.565457193760522,1.57840413824773,1.2123794613541155,1.0726136040128043,0.8049402082535249,1.1187586697385143,1.0770218939057954,1.6723072682682458,1.771060870536548,1.0895432203238646,1.1212295775306542,1.2523885175495633,1.2123794613541155,1.1354282235454478,1.3750837149506658,1.0933430937103488,1.3200816318528361
84,0.796362247484963,1.2370006866259766,1.5128469362217074,0.5263490598533289,1.6397745727769821,0.2766458560711693,0.2967840664366661,1.1658641296916534,1.196881498975523,1.022428243703268,1.1962413431811356,1.208671826397923,0.5205397306958521,1.2336753488242684,1.6346734015149307,0.2616015459980736,0.9307032459908497,1.558806590007337,1.706802405141776,0.6000169749925646,1.2988831766415059,0.29806970553718415,0.4024075294238152,0.9827193445330011,1.1989885380561822,1.7363082959881477,0.5635744475330691,0.38973350322008393,0.9878330728952824,1.2000156407609777,1.2288317452744308,1.8460671505614537,0.5054535933410349,1.2368286126965216,0.22671674183363622,0.529376833764962,0.06490268474242011,1.0173572267324869,1.5555984325074097,1.1962413431811356,1.2336753488242684,1.2442218646999303,0.9297437308440608,0.2913662604209444,1.2428275655876133,1.7132550435236267,1.1313046205442419,0.2913662604209444,0.36413992209272505,1.4252419587953682,0.3022456820142376,0.9189920674131271,1.5766355737248703,1.6601161465713463,0.5825462150322573,1.8282158309549656,1.2399511301377917,1.2000156407609777,1.225493847384715,1.8315416499197483,1.077434470869989,1.4133242490217606,1.2368286126965216,0.5217433034558974,1.142474702813502,1.6817804319623633,0.5481070828132011,0.28709453063521484,1.5957391954950104,1.5555984325074097,1.2302375846724565,0.9334631710698851,1.1257150330548855,0.4981394540695736,1.592508613911973,0.5382678744822234,1.676430832539018,1.2283162633631237,1.638860705843973,1.1397117130783427,0.0,0.9996268211072274,1.8945122135616874,1.714627568707287,0.5380532010141021,1.1461248044470338,0.06490268474242011,0.7918010198161812,1.6372363475294696,1.8640902183567416,0.3107279699958778,0.5323213767072243,0.24938049906290494,1.6983286955592316,1.8329117524922238,1.5328578044607761,1.6346734015149307,0.5471854094855868,1.2235251172336465,0.9865695370309441,1.5555984325074097,1.2000156407609777,0.947951416761891,0.796362247484963,0.5054535933410349,1.0574761534030883,1.6346734015149307,1.70510627616716,0.606123619855254,0.11778881320903722,1.2333569720373239,1.2000156407609777,0.01659455009059907,1.3278710404778613,0.5217433034558976,1.296729861597238
85,1.0279381534655032,1.229247049224012,1.5128310832140481,0.9546356374351985,1.6546361044342717,0.9454283476856191,0.9599906083070595,1.395740691112283,1.2898412632124168,1.1961181691083036,1.1980000484637627,1.2000895129217402,0.9365060369073434,1.2219515355059618,1.6504557206006103,0.9395186190985899,1.0057431163162411,1.5758764343199714,1.7173844261700626,1.0261866112721614,1.369071935500196,0.9538031433545786,0.9952781081281248,1.1264392339374316,1.1880980747331704,1.7534709232181678,1.0496296110682337,1.037482512031441,1.130913394911401,1.201757053575799,1.4426770062956589,1.8447047144741695,1.02588780709675,1.2257846523010667,0.9468030474921936,1.0028043052830933,0.9853948017744989,1.0351491106713842,1.563027339369442,1.1980000484637627,1.2219515355059618,1.387801122237767,0.9778560056861321,0.9589191004303178,1.231521186207031,1.7243913250967533,1.3625969657526737,0.9589191004303178,1.0122572139568373,1.4937479240947198,1.030096650476585,1.0621385561566077,1.5822251464472175,1.6637182395055932,1.017698916694844,1.8390120093085962,1.2295726690955306,1.201757053575799,1.3697228419336753,1.8336313572070853,1.1779042324313882,1.4069059806938378,1.2257846523010667,0.9596781784834735,1.2972575722353112,1.6977977635756978,0.9987754761648887,0.9504198661718776,1.599931411555488,1.563027339369442,1.2292303032446479,1.0173693110507198,1.286481853595687,1.0331661215924424,1.5990583509717686,0.9845672103240914,1.699652033179939,1.4139754198139174,1.6553771516176932,1.2611261293751141,0.9996268211072274,0.0,1.9079623757643525,1.71948444659567,0.9419998489724564,1.134958373441819,0.9853948017744989,1.065543966466357,1.652557110441993,1.8629095538749765,0.9525030015138765,0.9590674279244524,0.9436736331278794,1.6911080074468958,1.8447061374485394,1.5502607505613004,1.6504557206006103,1.0132121546605555,1.205695326650559,1.1560442477629653,1.563027339369442,1.201757053575799,1.1196102865870046,1.0779793048660014,1.0258878070967499,1.1759048349702073,1.6504557206006103,1.7153528550635873,1.0192659508396513,1.0044367902010878,1.233292889901663,1.201757053575799,0.9950567817555894,1.3296280908588947,0.9596781784834735,1.253862526767152
86,1.8976709837489734,1.2119322293103985,1.4386146399191104,1.9227847380911425,1.1871525420485134,1.8973903718401794,1.8962223973715953,1.8426560769711517,1.9713464843473512,1.8478132708496389,0.9909543918393737,1.1897377954751374,1.8863759597030703,1.2026560765224141,1.1903280147518527,1.8940102169649098,1.8400882890231456,1.401324814042328,1.483903035545386,1.93844339532998,1.7658287231601435,1.893481134028835,1.9160743737700905,1.8808381794066875,1.199150420864604,1.6795641157188321,1.9197443306529232,1.9208448740496589,1.8828497114531169,0.9909543918393737,1.9257287159526282,0.9519884311271667,1.9447341688237247,1.2026560765224141,1.8887622087890321,1.8576546789853465,1.891020693986471,1.783181242363586,1.1903280147518527,0.9909543918393737,1.2026560765224141,1.8787967564035766,1.7861500878776668,1.8940102169649098,1.2013649703997777,1.5683576809017772,1.972680904287742,1.8940102169649098,1.9180387497699347,1.796972863960491,1.924186792852438,1.873979078551141,1.1770948968690313,1.317789910635085,1.9303747799232829,1.9295310915336101,1.2026560765224141,0.9909543918393737,1.8449756159099224,1.9206564550402039,1.9323228675273068,1.3121189247680292,1.2174223605193057,1.9209238211698447,1.8712982603379762,1.6630192793917973,1.925566770772065,1.9012120154469456,1.5653605743712158,1.1903280147518527,1.1675244445011257,1.867773685562678,1.8333241627558492,1.9443566852345715,1.160506483976701,1.9282608301999176,1.730248763713212,1.852585239887916,1.1871525420485134,1.9443723460716376,1.8945122135616874,1.9079623757643525,0.0,1.664599774306574,1.8905354047618814,1.927366841334237,1.891020693986471,1.9114518753293774,1.188751327435157,0.8395104339751616,1.896844610793501,1.924186792852438,1.8922847011476405,1.9438078353667034,1.053462059430337,1.4046527160004594,1.1903280147518527,1.9254378321036814,1.2234085587667138,1.928824879974998,1.1903280147518527,0.9909543918393737,1.8569316266235314,1.921528848474425,1.9447341688237247,1.7149591813294451,1.1903280147518527,1.5559240934081195,1.939058695905968,1.9009910608045388,1.2500273390292416,0.9909543918393737,1.8927783514106868,1.2657719025384733,1.9209238211698447,1.9664643675967435
87,1.707426625790337,1.0077808754774895,1.2134969705552014,1.7362209212543684,1.5433500966068177,1.6998772546292276,1.6933523966599626,1.537444531659065,1.789758641295825,1.6405448034923225,1.1420457203254084,0.9851267087252349,1.7001154966080183,1.000543214983636,1.540405493817137,1.6998253602922295,1.635090150441645,1.185348136673512,1.3131584689209423,1.7629433200813402,1.5836054225455447,1.6906722781983305,1.7416150517648394,1.6650447114487767,0.9769310682477887,1.4078248056921017,1.7503846442715125,1.7477534767337102,1.6665360777152993,1.1462162212348022,1.6790939078668663,1.7239377022315985,1.7742477399557206,1.0077808754774895,1.6933725724044801,1.6917059434493895,1.7123599138920023,1.5943031338436566,1.4843830864445127,1.1420457203254084,1.000543214983636,1.6268015518271863,1.6202700423709708,1.6919944284257447,1.0077347272508432,1.3352865151691509,1.7883670367250726,1.6919944284257447,1.744716341711784,1.4999411623299856,1.752525177645073,1.6976102453631774,1.5067144489267188,1.2613972125452213,1.7555183288215193,1.5730900110625012,1.0077705219007138,1.1462162212348022,1.5802217673612926,1.414607435133878,1.7753605337410021,1.1504178113036634,1.0077808754774895,1.7352540198965576,1.681664486494719,1.4336286741609687,1.7485105801418723,1.7048626400677378,1.2960305353040518,1.4843830864445127,0.9155377410943439,1.6839411572559984,1.629300732998243,1.7732381383706095,1.524728110937298,1.7505513672140485,1.3569841680068548,1.5815004150401317,1.5444163879402066,1.7483284306554314,1.714627568707287,1.71948444659567,1.664599774306574,0.0,1.68216313413851,1.7332766183996902,1.7123599138920023,1.7166666008541798,1.5413829165549755,1.7252853911988237,1.7086971089057525,1.7373027160995569,1.6972924270529715,1.7534243919406185,1.593851788164539,1.1701248113329672,1.540405493817137,1.7464894759719911,1.0209672060331085,1.7423068342323682,1.4843830864445127,1.1462162212348022,1.6676437229706518,1.727540501223809,1.7742477399557206,1.520914992176644,1.540405493817137,1.2778642637443902,1.7592932415253373,1.7206922282134982,1.034154479909015,1.1462162212348022,1.7134089470079155,1.0595226756642362,1.7352540198965576,1.781542374182657
88,0.83140133983898,1.198209684256251,1.4750964436127922,0.470247851345154,1.6380472870362401,0.4237125439002787,0.40096270780047094,1.2460595134927581,1.106837518325134,1.0473330788218542,1.1697924633935473,1.169143434158657,0.3633810444079011,1.1938941186047425,1.6323677559325027,0.43404173657290657,0.7883726878757906,1.5609269372805294,1.669509649042392,0.6189748431607307,1.297283369648046,0.3953509805757758,0.5267871066912804,0.9488106078680584,1.1594559862575475,1.7037722311348629,0.5305415771906905,0.5496325739358279,0.9534343998333751,1.1737857014543684,1.2512770538632008,1.807395131608402,0.5266357566802482,1.1972936589214673,0.45150150011289036,0.44043478569397876,0.5377808735987715,0.9540289236597295,1.519472253585381,1.1697924633935473,1.1938941186047425,1.2114449520612078,0.9401133567851631,0.40226920459211635,1.2030437911506562,1.677004384984204,1.0522038759310948,0.40226920459211635,0.5134958889175478,1.3854066282278015,0.4132203456080523,0.8273025405335842,1.5397056959159154,1.6211402342988055,0.5703179908566627,1.799612294913211,1.2006599429488425,1.1737857014543684,1.2304881824959666,1.797731588043258,1.0155026062569044,1.4092804928987588,1.1972936589214673,0.4731143361120458,1.1564633272971587,1.6399019214296917,0.5003522766118886,0.39979174174899956,1.5582598582004672,1.519472253585381,1.2233994622215585,0.9586364281012593,1.1361872269848239,0.5195298020036847,1.5552326136910641,0.5329075982351745,1.6367126997820163,1.2442287818554805,1.6357056883873393,1.0289529209015187,0.5380532010141021,0.9419998489724564,1.8905354047618814,1.68216313413851,0.0,1.065864870777371,0.5377808735987715,0.7193107560876497,1.635595624812982,1.8230486246859998,0.45229591115919887,0.4753493438836047,0.4275676771911403,1.6594073768420223,1.7964441753227405,1.5380979902178218,1.6323677559325027,0.4834148341833413,1.1846035237312167,0.8853935584234962,1.519472253585381,1.1737857014543687,0.9109992666631315,0.7137166996500304,0.5266357566802482,1.0230053953462428,1.6323677559325027,1.6642202044901182,0.5841602638222141,0.48302621545391555,1.1976555021362565,1.1737857014543687,0.5325795772405939,1.3237175719405783,0.4731143361120458,1.162565560789297
89,1.1558622800078866,1.221778481312329,1.517293966289795,1.1308266463658287,1.6668068796000317,1.1075959868023537,1.1047466476923562,1.447590053440423,1.2130568890814146,1.266126855624859,1.1944437550211355,1.1904217019560341,1.0434958857288028,1.2119027338539978,1.6629928102330693,1.0867494805917262,1.103026002635236,1.591877837440592,1.7185748930452847,1.1623288690323075,1.416609474848869,1.091606326237542,1.1346084106803924,1.0229734885652502,1.182315167166782,1.757901981734839,1.2020100569701764,1.156492381978426,1.0193293509193326,1.1982352786867143,1.498856798632653,1.8394678712228871,1.1256063125786153,1.2158769822547082,1.0852717816789714,1.061861198702127,1.1338670901604675,0.9325900374040739,1.557692548596431,1.1944437550211355,1.2119027338539978,1.3839231282608182,1.0383438345194609,1.0960152484083598,1.2236823398356913,1.7228430773217538,1.3907432637670434,1.0960152484083598,1.1417967110832754,1.473353627058787,1.1319423911896918,1.1451685006943442,1.576618695478894,1.6633586304023265,1.1467849815109452,1.8339679204429737,1.2198030454351791,1.1982352786867143,1.4810647096604104,1.8277125352715478,1.1890587362784113,1.430403980011711,1.2158769822547082,1.1350334672604334,1.2190065561552914,1.6793747777846002,1.1220098984471694,1.0880388472979485,1.616597621340629,1.557692548596431,1.2387294555534938,1.2469293915967312,1.1468792768718965,1.1199383114998667,1.594082871252021,1.1253363884454322,1.7051389314444656,1.4500398616374157,1.6686053727781414,1.2588731658832375,1.1461248044470338,1.134958373441819,1.927366841334237,1.7332766183996902,1.065864870777371,0.0,1.1338670901604675,1.0328619469470888,1.663887948583306,1.8574236717711838,1.1055490915829405,1.1346084106803924,1.090402223386306,1.78076708799612,1.8638985335511642,1.5770159038536435,1.6629928102330693,1.1031970960451591,1.1996754048373088,1.1544996462746133,1.557692548596431,1.1982352786867143,1.0258111215570354,1.027820430685066,1.1136941708068269,1.1904856187056336,1.6629928102330693,1.7178202508628533,1.1325923630115298,1.134958373441819,1.2243694809694678,1.1982352786867143,1.1421749905815959,1.3440917124491547,1.1350334672604334,1.2352367838471883
90,0.791315824527997,1.2326730602155578,1.5070554249625114,0.541883280331692,1.6370750461392152,0.2744184270684571,0.2980478691147601,1.1500024798874682,1.1960842630029245,1.0048186417081957,1.1932237016299705,1.2043078636737372,0.5179591646903503,1.2292911743484753,1.6319468741558956,0.2429823844500294,0.9224902928520077,1.555535494013355,1.6998867083977098,0.6244803246305142,1.2918919701809666,0.2827496250567476,0.40280368039405,0.9713197910962185,1.1946267632674974,1.730677176213857,0.5801588463725518,0.4037037843741844,0.9764028655530143,1.1970266727247363,1.2143782345022809,1.8410578335072607,0.5196463581399458,1.2324580199447752,0.21352657903932193,0.5133273580476871,-7.409628466348295e-12,1.002141862285459,1.5506356806384507,1.1932237016299705,1.2292911743484753,1.2296023326925756,0.9125255185448949,0.2757250998833525,1.2384411257841645,1.7079790617657153,1.1394840610251884,0.2757250998833525,0.37907167007157394,1.41108082618083,0.3205784466925832,0.9060782789372144,1.5717904205230107,1.6539699509008545,0.6083863307530208,1.8240712117774178,1.235594135572892,1.1970266727247363,1.2240180004134182,1.8273551279195044,1.0748157049351565,1.410639248242948,1.2324580199447752,0.5377950296036653,1.1248487933968314,1.6737119945334207,0.5758009434820868,0.30126896009534176,1.5886051048647007,1.5506356806384507,1.2277606792267894,0.9304861614135995,1.1180650151147415,0.5124724750537479,1.5875660933142794,0.5523169325380832,1.6681838916113896,1.2215943767014252,1.636118358306246,1.1337441101770105,0.06490268474242011,0.9853948017744989,1.891020693986471,1.7123599138920023,0.5377808735987715,1.1338670901604675,0.0,0.777319802617453,1.6345233065554898,1.858305261263057,0.30513527413083064,0.5476518161189656,0.23151347753864138,1.6917594128747342,1.8274174562844778,1.5295281429804144,1.6319468741558956,0.5360660995721731,1.219057334457011,0.9806630141907837,1.5506356806384507,1.1970266727247363,0.9382204865408601,0.791315824527997,0.5196463581399458,1.0448748201232023,1.6319468741558956,1.6975975750655161,0.6308781560465739,0.0954253769155693,1.2291869491457357,1.1970266727247363,0.08146973823636694,1.3251124531111784,0.5377950296036653,1.2829769389277703
91,0.9269485793078438,1.2183451139165877,1.5051011930952392,0.7685474743403169,1.6505219747275826,0.735618813498158,0.7458466662089256,1.4440535007283335,1.1871389840619861,1.1342848340100276,1.182834678141308,1.189933332715458,0.6957872149757025,1.2148869409474268,1.64573140908208,0.7189822720209655,0.8822302312257498,1.5833374330851884,1.7132872171218407,0.7697263629842221,1.3050447207802995,0.7288463782059178,0.7621724898038358,1.091615986522601,1.1802631568929682,1.7513779256576334,0.4815740142145255,0.7986888533237979,1.0880743936008679,1.1867281923280255,1.384860827778816,1.8283703007039442,0.7032807353909158,1.2180508946750341,0.7405721623503689,0.7111612193610868,0.777319802617453,1.0222790606777612,1.5384473436037538,1.182834678141308,1.2148869409474268,1.3766444555847335,0.8945207652536856,0.7345622318134426,1.2242898038413739,1.7248056093957058,0.9928449372745511,0.7345622318134426,0.7696341111772267,1.5150708349922535,0.6365230839748839,1.0397420625700895,1.5590579651718568,1.660705331923732,0.7448070406084506,1.816987149587201,1.2211849809112503,1.1867281923280255,1.3334672080231202,1.7989471656396319,1.1965545377529327,1.4247906905866783,1.2180508946750341,0.7654440759170551,1.0489486687607636,1.693875997506543,0.7174281063484031,0.7078483974078056,1.6052868144012495,1.5384473436037538,1.2395644135012978,1.0295721147513022,1.113381002265203,0.7140270210162911,1.5755206560757216,0.7198372429789521,1.6973976147737264,1.4334929439119917,1.650051814636996,0.8162336980869652,0.7918010198161812,1.065543966466357,1.9114518753293774,1.7166666008541798,0.7193107560876497,1.0328619469470888,0.777319802617453,0.0,1.648138737449597,1.8481965970082703,0.7514320964625674,0.7732074689335144,0.7244554907843301,1.7074960439579459,1.8562832939411078,1.5611930217835914,1.64573140908208,0.6835452501817996,1.204666350444552,0.6018625988766995,1.5384473436037538,1.1867281923280255,0.7823481001925603,0.19958574387609573,0.7032807353909158,0.934872785752042,1.64573140908208,1.721883453047255,0.7524684815423579,0.7639932430707537,1.214281763451247,1.1867281923280255,0.7973653645015593,1.337201369071563,0.7654440759170551,1.2051122226871998
92,1.6356581861025774,1.0582682582156206,1.4168972574966725,1.6642989650816307,0.022413254683055328,1.6401345669419964,1.6394034639458348,1.6988639372393999,1.6994140000193951,1.583611415465171,0.7264249086244394,1.0286909538392126,1.628867246624563,1.0609480584127635,0.06267666119943183,1.6367590225133621,1.5745958228501562,1.3982522922680256,1.6044870341455673,1.6783288278939696,1.483626046487348,1.6362122699593162,1.6564847083548124,1.6379233129063173,1.028426813716557,1.6556858561970489,1.6528224546302843,1.6604579081168345,1.6388725179470165,0.7264249086244394,1.6944045036987314,1.12585523105161,1.6846350614095391,1.0609480584127635,1.6326949708328318,1.6039455393989512,1.6345233065554898,1.5244269064981988,0.06267666119943183,0.7264249086244394,1.0609480584127635,1.7109325258283485,1.5361450315496508,1.6367590225133621,1.0574893321985017,1.627511460864988,1.7084588309843347,1.6367590225133621,1.658227521725413,1.6600531698960619,1.6648183442701783,1.6145375295865934,0.11262242964040192,1.5419391239902085,1.6701579514717928,1.6606146398050914,1.0609480584127635,0.7264249086244394,1.583611415465171,1.6845216422063476,1.6783961213214482,1.2213492935385144,1.0724003632685786,1.6626387858218798,1.6040963231678065,1.6432575092583899,1.6671861907044219,1.6432734531915276,1.5369351776214755,0.06267666119943183,1.0055334857483833,1.606712273920785,1.5689036611837526,1.684025876901258,0.30038132471288526,1.6691795016040445,1.6467743236185575,1.695664537882985,0.1279307087637478,1.6741698645776437,1.6372363475294696,1.652557110441993,1.188751327435157,1.5413829165549755,1.635595624812982,1.663887948583306,1.6345233065554898,1.648138737449597,0.0,1.201907112929223,1.638840033281185,1.665366648227102,1.6354173604526272,1.6657372304955214,1.291889865483277,1.377001971559969,0.06267666119943183,1.6651441646246905,1.0582682582156206,1.6631790688651582,0.06267666119943183,0.7264249086244394,1.5966732363084442,1.6580288351346086,1.6848604202778372,1.449443854249875,0.06267666119943183,1.6270928742513149,1.6814510906522167,1.643321276319815,1.0605958865889673,0.7264249086244394,1.6358863391350031,1.1479050168320069,1.6626387858218798,1.7021026551920329
93,1.8624054763216698,1.1399445854131172,1.3465647419209636,1.8817411290638386,1.200602421944438,1.8468775428421091,1.836567124518779,1.901070891736937,1.9230672482509974,1.7904572898551863,1.2337626463296363,1.1192080608844268,1.8416284430146932,1.1258300442756517,1.2031913642419712,1.8430894611455093,1.7722610355753936,1.4843266005663007,1.5249172772559034,1.9047160174427846,1.7722454620781916,1.8343905362951454,1.884665005336654,1.7957982926964589,1.1293350626677665,1.6684589236907499,1.9274527465333993,1.890727185016242,1.7975054443866134,1.2369475880227399,1.9134287815506794,0.4085032309177148,1.9527118024233276,1.1265717889934659,1.8387825613016666,1.8716523389864395,1.858305261263057,1.7277532492287546,1.0881845608362735,1.2337626463296363,1.1258300442756517,1.788851789093921,1.7480252487263208,1.8348183908057187,1.141439645142489,1.520281220375015,1.979613669262321,1.8348183908057187,1.8880116392025377,1.6794189389173022,1.9342880394060549,1.8859050739091747,1.0748152221251535,1.4256006259498586,1.8980784117677858,1.8905778691940411,1.1272950199100125,1.2369475880227399,1.7855052345232962,1.848546980732318,1.94619729354983,1.285777616590641,1.1265717889934659,1.8806234169613278,1.8270157366186073,1.5680641302193088,1.890002595257701,1.8481195707457814,1.499264059424876,1.0881845608362735,1.1853173152352532,1.8401190207996359,1.768628192070783,1.9522609120869305,1.0614107467991685,1.8922957478166726,1.64720091750617,1.7930285684940566,1.200602421944438,1.8879384303932596,1.8640902183567416,1.8629095538749765,0.8395104339751616,1.7252853911988237,1.8230486246859998,1.8574236717711838,1.858305261263057,1.8481965970082703,1.201907112929223,0.0,1.8546353480715227,1.8820838484212523,1.8418059801428817,1.8889365150969906,1.0789167169439726,1.4767282439641083,1.2031913642419712,1.88381356406739,1.1367266001723815,1.8743441445935167,1.0881845608362735,1.2369475880227399,1.7969393541336065,1.859024077687955,1.9527118024233276,1.656554961165183,1.2031913642419712,1.5321038280977177,1.8993683580365353,1.8645522674889121,1.15833949710201,1.2369475880227399,1.8629531535249555,1.2776700126540563,1.8806234169613278,1.9087070143253126
94,0.7644818172916272,1.2279726290162565,1.5011110669142154,0.44269342259606237,1.6413067246501276,0.11181687605868396,0.20348560940382687,1.1893939133755045,1.1873489176436425,1.0298952306758644,1.190097485129502,1.1994206050004128,0.38506531919384646,1.2243523200274822,1.6363491128459704,0.18279169933301742,0.8744975452746463,1.5611967064932328,1.6999265285804128,0.550618547881794,1.2899276827973554,0.1814588931067782,0.4929971161306812,0.977382806213257,1.1897355022670206,1.7308554017941387,0.5247284935657164,0.509541409437829,0.9823510802256161,1.1939289476837052,1.2398186035657215,1.8367322412331957,0.5054535933410351,1.2275793527223455,0.21571567523894375,0.5087196148623203,0.3051352741308304,0.9865800361973199,1.54778359569778,1.190097485129502,1.2243523200274822,1.229172101341971,0.9339228914281807,0.19796598945477895,1.2335058179149603,1.7044557024744431,1.1059166017119137,0.19796598945477895,0.4870128258484123,1.4020490445024207,0.3022456820142376,0.9051151004538763,1.5685911231137109,1.6521508163175331,0.5088101197919965,1.822550233554691,1.2307748287459115,1.1939289476837052,1.208681115155305,1.8242133260504274,1.077434470869989,1.4133242490217606,1.2275793527223455,0.4243697898414991,1.1297972031500616,1.6703811650563822,0.4927123561009723,0.18774922666840155,1.5860680566410588,1.54778359569778,1.2302375846724565,0.9178217978767939,1.1329992401987763,0.4981394540695734,1.5844971349109476,0.4799624517714973,1.6648699494715973,1.2362213009951915,1.6405900482125957,1.0792617375796354,0.3107279699958778,0.9525030015138765,1.896844610793501,1.7086971089057525,0.45229591115919887,1.1055490915829405,0.30513527413083064,0.7514320964625674,1.638840033281185,1.8546353480715227,0.0,0.4486924981923217,0.19125543210018736,1.6814542201755442,1.8239524931767446,1.5355218550956216,1.6363491128459704,0.4666725812520165,1.2137527534883665,0.9094800612860641,1.54778359569778,1.1939289476837052,0.89968689701071,0.7206996570287711,0.5054535933410351,1.02297587529726,1.6363491128459704,1.6962081714597332,0.545355522654329,0.3165397887177741,1.2249037264757978,1.1939289476837052,0.31969184114077653,1.3278710404778613,0.4243697898414991,1.2618114608719093
95,0.7943152614719813,1.254744660515886,1.536081139046833,0.016625842827383774,1.667774666327783,0.4737389545248778,0.5021081600126427,1.3195689991822506,1.091549327478134,1.0899438372222516,1.2087394743439295,1.2259064358803344,0.5073674921947384,1.2502749547635692,1.662348000066274,0.5051226556646671,0.9100051494066921,1.5940907878034372,1.7345671196196901,0.38185114630836203,1.3246898491973358,0.502620288909563,0.42449389753307476,1.052802090739489,1.2161545771381241,1.7686662187992366,0.6253498515791991,0.43784234086327967,1.0494848035171231,1.2123794613541155,1.3122834502174965,1.8630515609920206,0.3859647673110229,1.2536077875122433,0.5117610455897605,0.5754915986785689,0.5476518161189656,1.02049424087117,1.574788920685089,1.2087394743439295,1.2502749547635692,1.336279184950146,0.9556213227365885,0.5125849795884687,1.2595097174593812,1.7435787098252815,1.087697238161946,0.5125849795884687,0.40936427629331407,1.4810382011332444,0.4441608110825357,0.9532510035321377,1.5952143896717232,1.6849054597409812,0.35616250410098815,1.8541943663464644,1.256905221719962,1.2123794613541155,1.2580328533861045,1.8512083711051126,1.0879811153165964,1.439842631313682,1.2536077875122433,0.08166851162678412,1.1744919491500005,1.7139933209360831,0.33931209963885456,0.45276282038016036,1.6220136241319911,1.574788920685089,1.2533839954996326,0.9536572156336047,1.1847885464492474,0.37665011052828645,1.6112300947073794,0.29658080085311145,1.7115513979125163,1.331214633264127,1.665950606647785,1.1020728515434284,0.5323213767072243,0.9590674279244524,1.924186792852438,1.7373027160995569,0.4753493438836047,1.1346084106803924,0.5476518161189656,0.7732074689335144,1.665366648227102,1.8820838484212523,0.4486924981923217,0.0,0.49573707463797323,1.702195067728396,1.8589199815012913,1.5710633903440367,1.662348000066274,0.36364222874907903,1.2400553225546398,0.9382576607374269,1.574788920685089,1.2123794613541155,0.9075564154757509,0.7618193399277915,0.3859647673110229,1.1036656104574054,1.662348000066274,1.7314972008311442,0.3718342592520576,0.5144897857623216,1.2523885175495633,1.2123794613541155,0.5246271341000668,1.3558730739444895,0.0816685116267839,1.2864454877507512
96,0.7566870327995536,1.2176962380450909,1.4855583123667004,0.4902197470677019,1.6379332394142891,0.12761891169620165,0.1692250261266175,1.1620704457349618,1.1793738722923335,0.9810430552522482,1.182834678141308,1.1890726260733084,0.44245412894078107,1.2139500578156195,1.6328770369918786,0.0722892108784301,0.8624220369924263,1.555535494013355,1.6859043219424314,0.5876427818880665,1.2918919701809666,0.13457565232166258,0.48063758678631263,0.9024005949954795,1.179395739836408,1.7154786178684838,0.5611548576586747,0.5085547046324208,0.9075267410848398,1.1867281923280255,1.2143782345022809,1.825255248729476,0.5196463581399458,1.2172064726368885,0.04228693562492669,0.4924699504957577,0.23151347753864138,0.941687396663458,1.5371007364461566,1.182834678141308,1.2139500578156195,1.1623334169735067,0.9042385592583649,0.146821034962211,1.22309510022591,1.687885040262714,1.1269653270565385,0.146821034962211,0.4871822805985764,1.3632426255633456,0.3205784466925832,0.9060782789372144,1.5580091399173224,1.6395077379862155,0.5643511115843665,1.8098157146090503,1.220431365808283,1.1867281923280255,1.1876636968483574,1.81309429133254,1.0748157049351565,1.410639248242948,1.2172064726368885,0.47340776249607375,1.1046146134589523,1.6516213071758112,0.4925840487370581,0.15841235257723052,1.5670533084028746,1.5371007364461566,1.2277606792267894,0.9240189698676091,1.113381002265203,0.5124724750537479,1.573768731991775,0.5236770469186707,1.6457022528213012,1.187643202080036,1.6370750461392152,1.093277246764329,0.24938049906290494,0.9436736331278794,1.8922847011476405,1.6972924270529715,0.4275676771911403,1.090402223386306,0.23151347753864138,0.7244554907843301,1.6354173604526272,1.8418059801428817,0.19125543210018736,0.49573707463797323,0.0,1.6850536907664784,1.8124781828207395,1.5295281429804144,1.6328770369918786,0.4538964087048427,1.2031660565723659,0.9370075295319619,1.5371007364461566,1.1867281923280255,0.8932392908173155,0.7348716938613642,0.5196463581399458,1.0118090516231024,1.6328770369918786,1.6788580780989655,0.5686753336496815,0.2708999730666286,1.21507800844731,1.1867281923280255,0.2615612490722903,1.3251124531111784,0.47340776249607375,1.22724948092553
97,1.6703428388038497,1.2520374868836106,1.5551197314275,1.698832191865748,1.66724117549607,1.6851335717114688,1.681473280969348,1.8703582424121192,1.8187445800553628,1.6410785596503699,1.2082429216790902,1.2225344545140273,1.6779810093558114,1.248650310312584,1.6642119381824196,1.6816385307373567,1.5876760633675286,1.631957966304114,1.7624314113282495,1.7579300517321463,1.6393335834963616,1.6743984546761643,1.6986233572361449,1.7457454031852182,1.2101627982823138,1.8058424898260996,1.6932433638249291,1.7144590393925512,1.748078450035631,1.211888832637307,1.8694099075240875,1.8656175621631594,1.7748477794509774,1.2511455163377272,1.6849214646026605,1.6640474895103876,1.6917594128747342,1.6028853026328311,1.5723018120093457,1.2082429216790902,1.248650310312584,1.8458114697924604,1.571249006077599,1.6744438571647444,1.2587034088726403,1.7746597707489624,1.8667650127704352,1.6744438571647444,1.708401806783436,1.7946449830703344,1.7609962573868043,1.6669984421039652,1.5911993500153168,1.7006095050763301,1.7358205254589296,1.825504675561401,1.2545478233316445,1.211888832637307,1.6963026064808675,1.8306673055948255,1.789237024900413,1.4661541264873528,1.2520374868836106,1.699418024622024,1.7245638039879763,1.7727558418150535,1.7249958048242762,1.6885672887878844,1.6747449241648524,1.5723018120093457,1.2772583306912044,1.6522297822471406,1.6669489610505392,1.7756203310364231,1.6087826355615717,1.724483013442947,1.7758641923873757,1.8344296543883873,1.6650173148936194,1.7523446934639566,1.6983286955592316,1.6911080074468958,1.9438078353667034,1.7534243919406185,1.6594073768420223,1.78076708799612,1.6917594128747342,1.7074960439579459,1.6657372304955214,1.8889365150969906,1.6814542201755442,1.702195067728396,1.6850536907664784,0.0,1.9183368471544608,1.6114354120210044,1.6642119381824196,1.7227703265911385,1.2408070652569518,1.7385405315936497,1.5723018120093457,1.211888832637307,1.6603148033605433,1.7204841184066602,1.7794956074836141,1.5374181552979453,1.6642119381824196,1.7769848630737002,1.7557317698611639,1.7081689176917993,1.2441220929307857,1.211888832637307,1.6949681447278369,1.3854511849596287,1.699418024622024,1.8286106527189294
98,1.8506714168356961,1.1899173136010979,1.2599257379929378,1.857160762437367,1.3081424409632891,1.8184836443868626,1.8040951045609677,1.731222974955173,1.942677128453396,1.77557518411342,1.233593026311639,1.1784673445301572,1.82110111938895,1.1887177218077665,1.2711212966801968,1.8145341364640664,1.7671013922976542,1.405600411991502,1.3540492661253445,1.896705503866525,1.7684279471601865,1.8022221446071558,1.8701610801891932,1.7730351619736437,1.1743105965597727,1.458831462214106,1.9000460012285334,1.8761012136459756,1.7753839744039068,1.2360916973805944,1.8065534916519956,1.2103591213232425,1.9314156272206962,1.1899173136010979,1.808443403521992,1.8249296371598016,1.8274174562844778,1.7212800697419568,1.2425630452334842,1.233593026311639,1.1887177218077665,1.6816238776604076,1.725306772006227,1.80209618157396,1.1922640316448478,1.2400438589199798,1.9797046752914171,1.80209618157396,1.8713769350588407,1.4940034845270542,1.9023923339855087,1.849896839603489,1.2713794857676217,1.2803514760405843,1.8885604443018025,1.8786030712438677,1.1910993601680546,1.2360916973805944,1.7328149596114404,1.8064703568147584,1.9172686074462324,1.272383892588136,1.1899173136010979,1.8577799575717597,1.844308479886478,1.3009886970130273,1.8799047857231619,1.8204967963998793,1.3007908292164534,1.2425630452334842,1.2025268532567204,1.8244949006629678,1.779176246249452,1.9314669231241557,1.254604382219466,1.8795721157253054,1.4346544333783633,1.65173962939161,1.3234323666841306,1.9081816141617043,1.8329117524922238,1.8447061374485394,1.053462059430337,1.593851788164539,1.7964441753227405,1.8638985335511642,1.8274174562844778,1.8562832939411078,1.291889865483277,1.0789167169439726,1.8239524931767446,1.8589199815012913,1.8124781828207395,1.9183368471544608,0.0,1.350241890152453,1.2711212966801968,1.877118224969965,1.1974939191287743,1.8862628418112684,1.2425630452334842,1.2360916973805944,1.7975316335585794,1.8671487732802947,1.9314156272206962,1.663293963320928,1.2711212966801968,1.1690601365896627,1.8838544242844553,1.8365667003222494,1.2189624470232956,1.2360916973805944,1.8309685780063025,1.2485075640369674,1.8577799575717597,1.915895748683125
99,1.5261467472380479,0.7504151277356648,0.635274456779489,1.569723049210162,1.379315433778255,1.534503339863491,1.534503339863491,1.3324491755961791,1.6319428445880988,1.4663636717170705,0.6513325891256871,0.7238840880403488,1.5313102099091784,0.7560451038090554,1.3751103331167782,1.533884651469778,1.4919042604057982,0.48968940475831246,0.9437755670561123,1.5854964255864517,1.4188138942797226,1.5322346127115143,1.5629459245964517,1.46807889611884,0.6988143242758325,1.0092689606541434,1.5649727621627016,1.5684592670616095,1.4701009530676503,0.6513325891256871,1.4777462976488163,1.5244793962912182,1.5908926181867362,0.7560451038090554,1.5261467472380479,1.5069213807694757,1.5295281429804144,1.4336906584635511,1.3751103331167782,0.6513325891256871,0.7560451038090554,1.3336272173912826,1.433223389345982,1.533884651469778,0.7583914580086236,0.9776062729978826,1.6330920908742776,1.533884651469778,1.5657267613472325,1.1418808718178841,1.5617306538404299,1.508923251078161,1.391958028294899,0.8193178440171455,1.5801640296433177,1.4583098076959509,0.7560451038090554,0.6513325891256871,1.4598804229124396,1.5792683484907508,1.5897396412728824,0.8251599631832444,0.7536315445977382,1.5691292036618676,1.5317540603558213,1.0533614147957349,1.5744346073680537,1.5393632562307045,0.665445063353956,1.3751103331167782,0.7160043079369004,1.5109955093424716,1.49294079982545,1.5897396412728824,1.4042335837366862,1.5770159038536435,0.9403875245185602,1.291927762599936,1.3796981361768617,1.6038254491165598,1.5328578044607761,1.5502607505613004,1.4046527160004594,1.1701248113329672,1.5380979902178218,1.5770159038536435,1.5295281429804144,1.5611930217835914,1.377001971559969,1.4767282439641083,1.5355218550956216,1.5710633903440367,1.5295281429804144,1.6114354120210044,1.350241890152453,0.0,1.3751103331167782,1.573780283028593,0.7628810765640841,1.5808124121175982,1.3751103331167782,0.6513325891256871,1.510227968270015,1.5732867780515296,1.5908926181867362,1.3640139902881383,1.3751103331167782,1.0343083428968418,1.5882631334546553,1.542539691687326,0.7883978457731908,0.6513325891256871,1.5311994193687803,0.7298137432993889,1.5691292036618676,1.6205712383226223
100,1.6335524492218945,1.0622464786723185,1.4150618073784063,1.661252903544626,0.07885955684255563,1.6376504388612285,1.6368834330544062,1.6949481635263,1.698822860638291,1.5814075060978965,0.7241822337628478,1.034065429767322,1.6261243544359247,1.0669287668518526,-7.72892860823049e-12,1.6342254492184631,1.5726196931406897,1.395882838260711,1.601901124763192,1.6757986252523478,1.4818316719355178,1.6337078071206312,1.653487418969836,1.6368838700167423,1.0318366961050065,1.6530299379567894,1.6502144868479336,1.6574362678798729,1.637860560406098,0.7241822337628478,1.6915981922444596,1.1276386634660958,1.6819202952986931,1.0669287668518526,1.630141188822803,1.6015119587732856,1.6319468741558956,1.5219781305282243,-7.72892860823049e-12,0.7241822337628478,1.0669287668518526,1.70838807696487,1.5337656923454814,1.6342254492184631,1.063406488524217,1.623764550343025,1.7063137452473252,1.6342254492184631,1.6551508347346393,1.6582228253291862,1.6616656047026053,1.6124851375123064,0.12520173246286403,1.539372513830423,1.667517088007635,1.6603643195685627,1.0669287668518526,0.7241822337628478,1.5814075060978965,1.6817308760620222,1.6745846601889356,1.2216663130231966,1.07663816653256,1.659672091712233,1.6016012195989946,1.6405769283952987,1.6644634122997497,1.640773841963675,1.5348661005220448,-7.72892860823049e-12,1.0153179272628299,1.6043856413487183,1.5665469911029046,1.6814176918664256,0.25689004290076345,1.6665113533914562,1.6446394085276757,1.6929543435969052,0.07885955684255563,1.6723072682682458,1.6346734015149307,1.6504557206006103,1.1903280147518527,1.540405493817137,1.6323677559325027,1.6629928102330693,1.6319468741558956,1.64573140908208,0.06267666119943183,1.2031913642419712,1.6363491128459704,1.662348000066274,1.6328770369918786,1.6642119381824196,1.2711212966801968,1.3751103331167782,0.0,1.662366671411489,1.056268130415794,1.6611223136627804,-7.72892860823049e-12,0.7241822337628478,1.594334025428721,1.6556483279256915,1.68227929502529,1.447311802969346,-7.72892860823049e-12,1.6234529239256918,1.6787616479162732,1.639670515010355,1.0632936102248796,0.7241822337628478,1.6333166429546142,1.1474454539939714,1.659672091712233,1.7005163757528494
101,0.805976604230735,1.2538209430047522,1.5383894086825023,0.3715022214345065,1.6671490218864766,0.4622949813584374,0.5062776957204174,1.333386617522929,1.0815604520196698,1.0753347969495262,1.207742137200931,1.225338823673819,0.4655570593673628,1.2499283167299002,1.662366671411489,0.44827324226934495,0.9136524269610461,1.5964863443492952,1.7432362246506374,0.3069686003944514,1.3124565307920548,0.49195201597335436,0.3944567857493584,1.0196926254974088,1.2156312949008485,1.7771324640412332,0.5611398867732402,0.40723151221123977,1.0162541868021604,1.2113939642970832,1.336053575533544,1.8632396523786565,0.31684092366899996,1.2531666607121619,0.4704788812021121,0.5916373657374387,0.5360660995721731,0.9858767569778457,1.5753616952201188,1.207742137200931,1.2499283167299002,1.335300278727326,0.9289085526984983,0.5019220077626956,1.2591185674303218,1.7500039392613491,1.0131020955141767,0.5019220077626956,0.3783537640078418,1.4908390332605155,0.3443341602689709,0.9335970769723991,1.5957301342042494,1.690610421460928,0.26714894132229317,1.852226119130101,1.2563715550733414,1.2113939642970832,1.304475719593389,1.8511319047236579,1.0811837810543934,1.4400110912100041,1.2531666607121619,0.36354684883913646,1.1298262184409409,1.723477645029966,0.1353620552957604,0.4411183745186915,1.6297981501801975,1.5753616952201188,1.255071388596537,0.973437773718237,1.1643332345349393,0.307230668545569,1.6120492771974917,0.22311488482753572,1.7193268726277589,1.3559146591200828,1.6655536384661467,1.0349404042334913,0.5471854094855868,1.0132121546605555,1.9254378321036814,1.7464894759719911,0.4834148341833413,1.1031970960451591,0.5360660995721731,0.6835452501817996,1.6651441646246905,1.88381356406739,0.4666725812520165,0.36364222874907903,0.4538964087048427,1.7227703265911385,1.877118224969965,1.573780283028593,1.662366671411489,0.0,1.2400047112291321,0.8609325094659864,1.5753616952201188,1.2113939642970832,0.8587384997589333,0.671659079717738,0.2844237682898134,1.0631124201406394,1.662366671411489,1.7428125904856937,0.33479399794064735,0.5021505869111178,1.2507985421706236,1.2113939642970832,0.5530057579843688,1.3566664340582963,0.36354684883913646,1.2067589561822465
102,1.2128574538071972,0.18043843676065774,0.6920610362228925,1.2392407077256757,1.0602563507374725,1.2061631798375103,1.199175115795867,1.2087999228427384,1.268154864799219,1.1421890884737,0.6849331444440111,0.18638969103030523,1.1990284328472498,0.139917294031907,1.056268130415794,1.2041519556009492,1.1256484771366013,0.8054508256567706,0.9650507444540082,1.2577498730063172,1.1265375266205278,1.1970127640500199,1.242180942855499,1.1099665957615144,0.19137058970521814,1.0832525440366403,1.288302603122397,1.248338882035613,1.1112924287336787,0.6903148796606615,1.2475145631364122,1.0977739429369835,1.3116797617506104,0.1479633172755619,1.2010250890346525,1.2319256755569774,1.219057334457011,1.0836298845095658,0.9630363022429733,0.6849331444440111,0.139917294031907,1.1355965623960687,1.1083662752444274,1.198022979203651,0.16337060238306156,0.9919581952874792,1.3397683061062926,1.198022979203651,1.2452951065133053,1.014041900183272,1.294029535377991,1.2403312475248154,0.9915029795892429,0.8757089754886682,1.2524875216583733,1.2298345124814392,0.1557727894980817,0.6903148796606615,1.1466213429924146,1.24862871746528,1.3029502683990808,0.43210314580403975,0.13067282740115682,1.2367700835673567,1.1610015496863444,0.9992028004267821,1.244061719567234,1.2071390534269542,0.8730939146443688,0.9630363022429733,0.20228343818481986,1.1942028421371018,1.1064819736159803,1.3107791286658692,1.0118185153246695,1.2471866543279917,1.0316038975534738,1.119767502579006,1.0602563507374725,1.2390839623411123,1.2235251172336465,1.205695326650559,1.2234085587667138,1.0209672060331085,1.1846035237312167,1.1996754048373088,1.219057334457011,1.204666350444552,1.0582682582156206,1.1367266001723815,1.2137527534883665,1.2400553225546398,1.2031660565723659,1.2408070652569518,1.1974939191287743,0.7628810765640841,1.056268130415794,1.2400047112291321,0.0,1.2224175488404265,0.9630363022429733,0.6903148796606615,1.1543327801664707,1.2138390060678579,1.3116797617506104,1.0097559144829913,1.056268130415794,0.995044327241051,1.2548409772007523,1.2261510553129593,0.2973455801823443,0.6903148796606615,1.222640700973221,0.496425425917331,1.2367700835673567,1.258623193197873
103,1.0570781887719356,1.2398320344355482,1.53607014569156,0.9336502962943759,1.6652130498473245,0.9204327715266523,0.9345765235402042,1.5582023387448336,1.1267643584655167,1.2640978799574882,1.201953140144289,1.2097327624622163,0.8309913828578165,1.233588186992294,1.6611223136627804,0.9329089545424214,0.9838800957248504,1.6050648196264379,1.7449431169235696,0.9347290081851556,1.3448626891842026,0.9278902309613924,0.928843321749093,1.202318492132517,1.2024877523200466,1.7886375119700673,0.7454778329575349,0.9556928387409086,1.1994076419499515,1.2056695351160462,1.5144282060585486,1.854578871361905,0.9210740927821244,1.235738588544014,0.9491272233886946,0.8546302168741048,0.9806630141907837,1.1056217105592463,1.568815399473364,1.201953140144289,1.233588186992294,1.4851881419955222,1.0095108000499957,0.9332651475316187,1.2430029911041134,1.7575915812129854,0.9018878417771794,0.9332651475316187,0.9377528878865574,1.5842624603774653,0.9063589034051935,1.1202770612033317,1.5879533241065313,1.688007985127792,0.9155967708847752,1.8340323675453696,1.2393913892706117,1.2056695351160462,1.4245877768082063,1.8065226520370392,1.2769174534593286,1.436129693938088,1.2372258572960004,0.9385161026130641,1.161606793361286,1.7319256518824298,0.8846599382573705,0.906680010187443,1.637715401495617,1.568815399473364,1.2512500782931244,1.1409883620368113,1.2538283771190972,0.9287989815894429,1.6048414453120654,0.8986661015872502,1.7409719942493047,1.5262388109805967,1.6657542087842654,0.565457193760522,0.9865695370309441,1.1560442477629653,1.928824879974998,1.7423068342323682,0.8853935584234962,1.1544996462746133,0.9806630141907837,0.6018625988766995,1.6631790688651582,1.8743441445935167,0.9094800612860641,0.9382576607374269,0.9370075295319619,1.7385405315936497,1.8862628418112684,1.5808124121175982,1.6611223136627804,0.8609325094659864,1.2224175488404265,0.0,1.568815399473364,1.2056695351160462,0.9382661237336465,0.5864596858683,0.9210740927821244,0.9970580514828103,1.6611223136627804,1.7558068409889658,0.9271209992305051,0.9647446632441188,1.2408988318887781,1.2056695351160462,0.9907599165021399,1.355524554057241,0.9385161026130641,1.2548892876731537
104,1.5524620659656407,0.9803071568163745,1.2891385508647364,1.5739115461973154,0.07885955684255563,1.5419638481874591,1.5328010819708826,1.6949481635263,1.612681532711274,1.4815385698778711,0.9931299583410946,0.9521002782798516,1.5349173224507098,0.9712795612402559,-7.72892860823049e-12,1.538160492017105,1.464465423161192,1.395882838260711,1.4921204501348913,1.5967583576265998,1.4818316719355178,1.5302847368769619,1.5760233065504017,1.5216679100539057,0.9433110121347823,1.5348531171205329,1.6502144868479336,1.5821724828072408,1.52263374632297,0.9978963735640728,1.6915981922444596,1.008533697547167,1.6819202952986931,0.9739932950163824,1.5338851173854615,1.6015119587732856,1.5506356806384507,1.4200484964902307,-7.843947713581656e-12,0.9931299583410946,0.9712795612402559,1.604889431423253,1.445558797355033,1.5306146853752416,0.9828959122801326,1.5011767819823802,1.7063137452473252,1.5306146853752416,1.5788473822777982,1.538972002799836,1.6616656047026053,1.6124851375123064,0.11824360965241532,1.431550838204642,1.5889955515542715,1.5829304254211134,0.9766903742897419,0.9978963735640728,1.4861669477913462,1.5723283202560678,1.6745846601889356,1.2216663130231966,0.9774550151356332,1.572556361661114,1.5116855944051895,1.5059974265512757,1.5811578325038078,1.5423392794858704,1.408486961039472,-7.843947713581656e-12,1.0153179272628299,1.5303252155909848,1.4559899161546683,1.6814176918664256,0.25705121293637,1.5831493673518853,1.5097605122496274,1.5949072080911504,0.07885955684255563,1.57840413824773,1.5555984325074097,1.563027339369442,1.1903280147518527,1.4843830864445127,1.519472253585381,1.557692548596431,1.5506356806384507,1.5384473436037538,0.06267666119943183,1.0881845608362735,1.54778359569778,1.574788920685089,1.5371007364461566,1.5723018120093457,1.2425630452334842,1.3751103331167782,-7.72892860823049e-12,1.5753616952201188,0.9630363022429733,1.568815399473364,0.0,0.9978963735640728,1.4896568808323984,1.5494222222055343,1.68227929502529,1.3455556173801075,-7.72892860823049e-12,1.5056317520936495,1.5934246452810656,1.5561520276281098,0.9775286683819763,0.9978963735640728,1.5546176507621314,1.1474454539939714,1.572556361661114,1.6061077491037241
105,1.194557221117407,0.701929971548076,0.9785725978846235,1.211888832637307,0.7286561673630539,1.1894082963683876,1.1839772219799933,0.9788972632511753,1.2326651572622833,1.1406543284251496,0.02748550010819173,0.675433326886931,1.1832783666156876,0.6990495936768488,0.7241822337628478,1.187404848912716,1.126999991800941,0.6718514706164251,1.1542381926223804,1.224036193126301,0.7749456819597625,1.1818672824492638,1.2123794613541155,1.1722576496803765,0.6663008125238596,1.187404848912716,0.9312622754557591,1.2161522886454847,1.1730239442376955,-8.257394767952064e-12,0.9765893815711264,1.2255043373604513,0.9585987379341572,0.701929971548076,1.1846716268343152,0.8792091691828625,1.1970266727247363,1.090939882946284,0.9978963735640728,0.02748550010819173,0.6990495936768488,1.2288851845891442,1.1145275853641516,1.182575055275645,0.7076450306190641,1.1635271445514832,0.9821315331493564,1.182575055275645,1.2142996513322377,1.1846716268343152,0.9402174961536435,0.8900844772088619,1.0147984826222771,1.104697010437192,1.2196557604820824,1.2188050533632395,0.7047950583712304,-8.257394767952064e-12,1.144381387230068,1.2174975653973636,0.9578022572032391,0.5055140854567661,0.701929971548076,1.210391494202968,1.1675642491685305,1.1627059062232767,1.2147691351431253,1.1900672886194974,1.081347068434217,0.9978963735640728,0.3179525458745632,1.1782612999751103,1.1218904207649387,0.9578022572032391,1.0295150610143606,1.2161522886454847,1.1635271445514832,1.223277222875111,0.7286561673630539,1.2123794613541155,1.2000156407609777,1.201757053575799,0.9909543918393737,1.1462162212348022,1.1737857014543687,1.1982352786867143,1.1970266727247363,1.1867281923280255,0.7264249086244394,1.2369475880227399,1.1939289476837052,1.2123794613541155,1.1867281923280255,1.211888832637307,1.2360916973805944,0.6513325891256871,0.7241822337628478,1.2113939642970832,0.6903148796606615,1.2056695351160462,0.9978963735640728,0.0,1.1489327828456768,1.194557221117407,0.9585987379341572,1.026620195236718,0.7241822337628478,1.1651557837591795,1.2225016248494716,1.201757053575799,0.6990495936768488,-8.257394767952064e-12,1.1994265203235943,0.42639529276319393,1.210391494202968,1.2285656632242044
106,0.9320465492981087,1.1686028652891947,1.458671905812018,0.9039162915886446,1.598991088290969,0.8808974885735581,0.8860916068346116,1.4206817998582326,1.250656728541112,1.1800440327161894,1.1447781104868828,1.140032743271428,0.8818679177561115,1.164803865477886,1.594334025428721,0.8781460399265203,0.9009360797771091,1.5317287992681328,1.6636898192636365,0.9603474748061324,1.2781765801611376,0.882960598308201,0.9274975237580825,1.1109823018528528,1.1304082098133532,1.7007335763578442,0.8773404740176476,0.9459010111907891,1.107137605060348,1.1489327828456768,1.4341346570077411,1.7782338074000836,0.9624996759115594,1.1680030698539785,0.8807019589555163,0.8765420042174981,0.93822048654086,1.0408653666399912,1.4896568808323984,1.1447781104868828,1.164803865477886,1.400248291615105,0.9206152013777047,0.8872049721590701,1.174317457315023,1.6735687070145298,1.206943144792189,0.8872049721590701,0.9219385606693332,1.482667509375995,0.9130958091626369,1.019922689346223,1.50990855276052,1.6105230318356694,0.9336430881989942,1.7678419638134193,1.1711740841339104,1.1489327828456768,1.2935873885449447,1.7613385362921825,1.2643039115002865,1.3717888872219675,1.1680030698539785,0.9130039414014773,1.118681325499223,1.6423032313400268,0.8950036001654976,0.8654542482176335,1.561365538140193,1.4896568808323984,1.1870798361794723,0.9977193198457832,1.1269119589280088,0.9722631484840156,1.5251425488660408,0.9057459310352386,1.6565741527611062,1.4413952652203244,1.598662046002279,1.0726136040128043,0.947951416761891,1.1196102865870046,1.8569316266235314,1.6676437229706518,0.9109992666631315,1.0258111215570354,0.9382204865408601,0.7823481001925603,1.5966732363084442,1.7969393541336065,0.89968689701071,0.9075564154757509,0.8932392908173155,1.6603148033605433,1.7975316335585794,1.510227968270015,1.594334025428721,0.8587384997589333,1.1543327801664707,0.9382661237336465,1.4896568808323984,1.1489327828456768,0.0,0.8132691209139056,0.9624996759115594,0.9763746835497346,1.594334025428721,1.67273296947458,0.9161768194277178,0.9499107291924558,1.1650048199495653,1.1489327828456768,0.9534337941915241,1.290985942016632,0.9130039414014773,1.271794722197179
107,0.9660086338696572,1.2288789333238055,1.5173690769192107,0.7569117264162835,1.6603848790577784,0.7360698599464386,0.7333148646196119,1.4498260202553261,1.1844979271548066,1.1588391737309613,1.1907314424015496,1.199783962639411,0.6587162997312763,1.2247050180996224,1.6556483279256915,0.7296872303354269,0.8981500301194302,1.593895811961668,1.7224979703885714,0.7420328302436277,1.325885857624747,0.7263674772371271,0.7727570258271284,1.0742532252082735,1.1906480306316116,1.7633603717151611,0.4745715267654129,0.8105989973293535,1.0707435588297658,1.194557221117407,1.3995381814528813,1.8391176934866893,0.6582406996693604,1.2279769276603008,0.7501603221991442,0.7194408820302418,0.7913158245279972,0.9987566942128729,1.5494222222055343,1.1907314424015496,1.2247050180996224,1.3858097160936094,0.8984488716927389,0.7324005097219035,1.2344241366824225,1.7352333160582138,1.0062972334604954,0.7324005097219035,0.7811263377130635,1.5187561178802307,0.5986583844316631,1.0275249545383178,1.5700547758329124,1.6700471937848413,0.7143407025786448,1.8275869427242288,1.2312164004972108,1.194557221117407,1.3605888560935835,1.811085961418366,1.1876040113003006,1.4343800833986922,1.2279769276603008,0.7640537038187989,1.0545627799592927,1.7041960934201632,0.683908100941873,0.7084864806503051,1.615943053768808,1.5494222222055343,1.2494975208513859,1.0454406449988298,1.1285615669204212,0.6688440075434452,1.5860615491932974,0.6870983304276996,1.7077366304172108,1.4411323958448812,1.6600023436412332,0.8049402082535249,0.796362247484963,1.0779793048660014,1.921528848474425,1.727540501223809,0.7137166996500304,1.027820430685066,0.791315824527997,0.19958574387609573,1.6580288351346086,1.859024077687955,0.7206996570287711,0.7618193399277915,0.7348716938613642,1.7204841184066602,1.8671487732802947,1.5732867780515296,1.6556483279256915,0.671659079717738,1.2138390060678579,0.5864596858683,1.5494222222055343,1.194557221117407,0.8132691209139056,0.0,0.6582406996693604,0.9780746548371148,1.6556483279256915,1.7335306763799108,0.7118343719404712,0.7694469223206839,1.2260435877300129,1.194557221117407,0.8016686880061203,1.348465447563963,0.7640537038187989,1.2084697895200067
108,0.8545877605934011,1.3141522988555554,1.6308100601609659,0.39508744070027735,1.6869646454230096,0.49824732149197004,0.49824732149197004,1.3521482533301497,1.1221886097791482,1.1334297726193454,0.9585987379341572,1.2861335710356923,0.5445737148478411,1.3247643076561302,1.68227929502529,0.5125861107949639,0.9853786122926123,1.6141489166289555,1.8146230185393677,0.16566217256008753,1.3607257928560643,0.5196463581399458,0.3572482723266004,0.9866497052434191,1.2773637987525652,1.862178324408321,0.6654925002662051,0.32186240773638763,0.9812875933903243,0.9585987379341572,1.3533589127388415,1.944894166458429,0.04604873942515875,1.3247643076561302,0.5335556685865477,0.7049574005808585,0.519646358139946,1.045835776533487,1.68227929502529,0.9585987379341572,1.3247643076561302,1.312421173427545,1.0067143646845298,0.5125861107949639,1.3199542148851737,1.8439736650087966,1.044880118958368,0.5125861107949639,0.33979331001345003,1.5389968942455483,0.33517028953939043,0.9830185612442432,1.7001837566469387,1.7612630585177522,0.23416270078904167,1.9007990684280986,1.3247643076561302,0.9585987379341572,1.3904345095981565,1.9224695151112228,1.0647327283622188,1.4574549243156234,1.3294971166242269,0.38859472046879784,1.154571364077266,1.8171403243589719,0.26482485572632286,0.47617010126531323,1.7169618197425554,1.68227929502529,1.2705014090833688,1.029271232501776,1.2004040582194908,0.023027344462200894,1.7183661579595142,0.2445636964844693,1.8239918103760857,1.3787416377534694,1.6858287853545948,1.1187586697385143,0.5054535933410349,1.0258878070967499,1.9447341688237247,1.7742477399557206,0.5266357566802482,1.1136941708068269,0.5196463581399458,0.7032807353909158,1.6848604202778372,1.9527118024233276,0.5054535933410351,0.3859647673110229,0.5196463581399458,1.7794956074836141,1.9314156272206962,1.5908926181867362,1.68227929502529,0.2844237682898134,1.3116797617506104,0.9210740927821244,1.68227929502529,0.9585987379341572,0.9624996759115594,0.6582406996693604,0.0,1.1180669325623516,1.68227929502529,1.8344643053332597,0.2312790213891971,0.4610527258583257,1.311665131756367,0.9585987379341572,0.5125861107949639,1.3719825734181743,0.38859472046879784,1.2461567368172228
109,1.0693099702261228,1.0190031706665608,1.3150428825288427,1.1013761834230107,1.451559320364818,1.0135466356649352,1.000891948879428,1.385341942518851,1.2880896717846206,0.9215007143979196,1.021942273167684,0.9924462114897186,1.0071327122786737,1.0181746849457047,1.447311802969346,1.0054664204875772,0.9686890991232726,1.3890951090053119,1.5101207849539338,1.099861459099083,1.2106247914764463,0.9925817873662633,1.0949425547496212,1.1401059996880467,0.9821697866409925,1.540099231835454,1.0326099520691965,1.0953209677003728,1.1426766768943517,1.026620195236718,1.3394387150545461,1.6318646075328767,1.1180669325623516,1.021114721916589,1.0036385627537814,1.035286496470703,1.0448748201232023,1.059941683215301,1.3455556173801075,1.021942273167684,1.0181746849457047,1.3111988826093937,1.0297206692751797,0.9953636316083891,1.0269346347848554,1.5224779359908187,1.2304739031727576,0.9953636316083891,1.095234589562614,1.357711200204291,1.049721402902347,1.1676199752279552,1.364502429098013,1.4613239926051493,1.0854548921290896,1.615211546607339,1.0247414807361075,1.026620195236718,1.1592578497852069,1.6172421523002147,1.2911660260596056,1.226854941000787,1.021114721916589,1.1030798921823415,1.0335077040513085,1.4858728942722874,1.0885276937374182,1.0162175281911887,1.4068846986717403,1.3455556173801075,1.041790625060417,1.1177865002856406,1.1136545121889967,1.1149987079588932,1.381441437596798,1.0769167563862045,1.4898260164675787,1.3195863441001294,1.451559320364818,1.0770218939057954,1.0574761534030883,1.1759048349702073,1.7149591813294451,1.520914992176644,1.0230053953462428,1.1904856187056336,1.0448748201232023,0.934872785752042,1.449443854249875,1.656554961165183,1.02297587529726,1.1036656104574054,1.0118090516231024,1.5374181552979453,1.663293963320928,1.3640139902881383,1.447311802969346,1.0631124201406394,1.0097559144829913,0.9970580514828103,1.3455556173801075,1.026620195236718,0.9763746835497346,0.9780746548371148,1.1180669325623516,0.0,1.447311802969346,1.518918444474324,1.1007632532493077,1.0470711954100058,1.0129075859236447,1.026620195236718,1.0637374113130083,1.1488776280368351,1.1030798921823415,1.2901900817662195
110,1.6335524492218945,1.0622464786723185,1.4150618073784063,1.661252903544626,0.07885955684255563,1.6376504388612285,1.6368834330544062,1.6949481635263,1.698822860638291,1.5814075060978965,0.7241822337628478,1.034065429767322,1.6261243544359247,1.0669287668518526,-7.72892860823049e-12,1.6342254492184631,1.5726196931406897,1.395882838260711,1.601901124763192,1.6757986252523478,1.4818316719355178,1.6337078071206312,1.653487418969836,1.6368838700167423,1.0318366961050065,1.6530299379567894,1.6502144868479336,1.6574362678798729,1.637860560406098,0.7241822337628478,1.6915981922444596,1.1276386634660958,1.6819202952986931,1.0669287668518526,1.630141188822803,1.6015119587732856,1.6319468741558956,1.5219781305282243,-7.72892860823049e-12,0.7241822337628478,1.0669287668518526,1.70838807696487,1.5337656923454814,1.6342254492184631,1.063406488524217,1.623764550343025,1.7063137452473252,1.6342254492184631,1.6551508347346393,1.6582228253291862,1.6616656047026053,1.6124851375123064,0.12520173246286403,1.539372513830423,1.667517088007635,1.6603643195685627,1.0669287668518526,0.7241822337628478,1.5814075060978965,1.6817308760620222,1.6745846601889356,1.2216663130231966,1.07663816653256,1.659672091712233,1.6016012195989946,1.6405769283952987,1.6644634122997497,1.640773841963675,1.5348661005220448,-7.72892860823049e-12,1.0153179272628299,1.6043856413487183,1.5665469911029046,1.6814176918664256,0.25689004290076345,1.6665113533914562,1.6446394085276757,1.6929543435969052,0.07885955684255563,1.6723072682682458,1.6346734015149307,1.6504557206006103,1.1903280147518527,1.540405493817137,1.6323677559325027,1.6629928102330693,1.6319468741558956,1.64573140908208,0.06267666119943183,1.2031913642419712,1.6363491128459704,1.662348000066274,1.6328770369918786,1.6642119381824196,1.2711212966801968,1.3751103331167782,-7.72892860823049e-12,1.662366671411489,1.056268130415794,1.6611223136627804,-7.72892860823049e-12,0.7241822337628478,1.594334025428721,1.6556483279256915,1.68227929502529,1.447311802969346,0.0,1.6234529239256918,1.6787616479162732,1.639670515010355,1.0632936102248796,0.7241822337628478,1.6333166429546142,1.1474454539939714,1.659672091712233,1.7005163757528494
111,1.7162710359611075,0.9751475207939851,0.8824242963872395,1.7301667930197713,1.6296490461533537,1.6831271520719837,1.6722786032118906,1.5551492957905477,1.8075211900866903,1.6247470161186368,1.1611026766655992,0.9754100354444022,1.6913417367174353,0.9637601725792674,1.6234529239256918,1.6826463280914494,1.6411483441006054,1.0541244471077882,0.8055122932199243,1.7659879376697767,1.6680683624270796,1.6695199696644625,1.7386889839272681,1.5998836979794075,0.9497776593844965,0.970679100948785,1.8146012320959763,1.747018575554857,1.6019265894691068,1.1651557837591795,1.7030656392068313,1.615544220200426,1.8344643053332597,0.9751475207939851,1.676156365862518,1.7436124279025427,1.6975975750655161,1.5798006725637426,1.5056317520936495,1.1611026766655992,0.9637601725792674,1.4560734447198023,1.6097857208739386,1.6711929200142395,0.9748434175074374,0.5543743985964225,1.8868525236879465,1.6711929200142395,1.7420454511382195,1.184674287977169,1.8047164146558072,1.7461433003550502,1.5233407076677865,0.6940685619579859,1.7581483547239647,1.62818678440974,0.9750063394918912,1.1651557837591795,1.598662076805247,1.6227704548692592,1.8264748321561144,1.107315635130742,0.9636038608542824,1.7298924341666724,1.7107567703566522,0.8380188398223966,1.7466313149838009,1.686878169899436,0.8553883216225148,1.5056317520936495,1.0232942335906834,1.7027290918770681,1.6454152504871518,1.8329805321009072,1.5294640664519576,1.7486672764232072,0.9185794971611074,1.413429841469513,1.6286614336568592,1.771060870536548,1.70510627616716,1.7153528550635873,1.5559240934081195,1.2778642637443902,1.6642202044901182,1.7178202508628533,1.6975975750655161,1.721883453047255,1.6270928742513149,1.5321038280977177,1.6962081714597332,1.7314972008311442,1.6788580780989655,1.7769848630737002,1.1690601365896627,1.0343083428968418,1.6234529239256918,1.7428125904856937,0.995044327241051,1.7558068409889658,1.5056317520936495,1.1651557837591795,1.67273296947458,1.7335306763799108,1.8344643053332597,1.518918444474324,1.6234529239256918,0.0,1.761505601003745,1.7054255613185207,1.0734879450530068,1.1651557837591795,1.7036217405010454,1.020059848982621,1.7298924341666724,1.779734918267386
112,0.856200237263184,1.269605256960239,1.5552767636882838,0.37843399438654446,1.6835060092749097,0.5496283055513109,0.5718657201537767,1.3396646566131736,1.1339141369397316,1.118199829388335,1.2190000927812785,1.240067387873217,0.5259368292055524,1.265361787843244,1.6787616479162732,0.5639639609143206,0.9526598835568622,1.6113985158834265,1.7600744502892962,0.2820989641372802,1.3581147358658883,0.585531942377072,0.5341878872662145,1.002555699884714,1.231994219185569,1.7921888054544755,0.7065887868507923,0.5129196549073878,0.999287004262516,1.2225016248494718,1.3214862402058172,1.8791875934275404,0.25779682766048584,1.2678471546322112,0.5826139356494917,0.6818998015883124,0.6308781560465739,1.0355236566729373,1.5934246452810656,1.2190000927812785,1.265361787843244,1.3419053642221452,0.9848472952179554,0.5810075386356,1.2737361349620782,1.7684471355314468,1.0917497775107567,0.5810075386356,0.4962505555885417,1.5119802521705286,0.3225054721555709,0.9622519946664273,1.6134783174625162,1.7055005919373136,0.32283752758851425,1.8672094391269305,1.27128834636394,1.2225016248494718,1.3311518249945604,1.8692326181502599,1.088957456919428,1.4519791781244558,1.2687878491520825,0.38165293480345186,1.1558512515256054,1.7442697126540319,0.3034888207699602,0.5128362569343752,1.647412754578878,1.5934246452810656,1.266821597002291,0.985152919898424,1.163582600796731,0.24540411465563627,1.6289529371743576,0.2632572648012643,1.740348841218788,1.3597779743001102,1.6821326845352214,1.0895432203238646,0.606123619855254,1.0192659508396513,1.939058695905968,1.7592932415253373,0.5841602638222141,1.1325923630115298,0.6308781560465739,0.7524684815423579,1.6814510906522167,1.8993683580365353,0.545355522654329,0.3718342592520576,0.5686753336496815,1.7557317698611639,1.8838544242844553,1.5882631334546553,1.6787616479162732,0.33479399794064735,1.2548409772007523,0.9271209992305051,1.5934246452810656,1.2225016248494716,0.9161768194277178,0.7118343719404712,0.2312790213891971,1.1007632532493077,1.6787616479162732,1.761505601003745,0.0,0.5908140518791973,1.267599238716963,1.2225016248494716,0.6111491214196256,1.3701165468857743,0.38165293480345186,1.2640333587708135
113,0.8219696868628396,1.2393962232411855,1.5162492026431953,0.5083491041454482,1.6458913161419713,0.28040643461186976,0.29821976353711,1.1881801976024355,1.1725630221738546,1.0155320648971256,1.1980000484637627,1.2109372736124913,0.4824758634999209,1.2359231779305415,1.639670515010355,0.2831132920012751,0.9316078154739749,1.5659410002776526,1.7073615108204923,0.5848962056777627,1.3105557331315674,0.2980488937348431,0.3667922269559609,0.9769202734850622,1.2012459136408489,1.7388371615323681,0.550012289544211,0.3707957177110539,0.9821167559383748,1.201757053575799,1.227084407709202,1.847413009115194,0.4610527258583257,1.2391149828226584,0.2713461101858774,0.5346963604035142,0.0954253769155693,1.0173919101467008,1.5561520276281098,1.1980000484637627,1.2359231779305415,1.249930244986571,0.9300918856080812,0.29148676848726374,1.2450831456747675,1.717454019959656,1.1059323874538585,0.29148676848726374,0.3443969268555671,1.4282687990122507,0.24370770717555357,0.9292298141339568,1.5775961995036052,1.6607952793911227,0.5798427976210438,1.831543861069036,1.242275188444612,1.201757053575799,1.2478057921345034,1.834916437691336,1.05962871556246,1.4196674408835583,1.2391149828226584,0.5034105527307284,1.1224094874804038,1.6841458327273118,0.5443758606755167,0.29130172159464807,1.5976229027905053,1.5561520276281098,1.2361863475239507,0.9461764737489211,1.1115801510383816,0.4532775167926937,1.5933171989832802,0.5211690482948961,1.6788042157400718,1.240782621382587,1.643830944316178,1.1212295775306542,0.11778881320903722,1.0044367902010878,1.9009910608045388,1.7206922282134982,0.48302621545391555,1.134958373441819,0.0954253769155693,0.7639932430707537,1.643321276319815,1.8645522674889121,0.3165397887177741,0.5144897857623216,0.2708999730666286,1.7081689176917993,1.8365667003222494,1.542539691687326,1.639670515010355,0.5021505869111178,1.2261510553129593,0.9647446632441188,1.5561520276281098,1.201757053575799,0.9499107291924558,0.7694469223206839,0.4610527258583257,1.0470711954100058,1.639670515010355,1.7054255613185207,0.5908140518791973,0.0,1.236181690252168,1.201757053575799,0.12792567805415533,1.3336469715820567,0.5034105527307284,1.2679156420814004
114,1.2261707029490327,0.27350206756693823,0.7889632729032086,1.2516239554976807,1.0626124541312878,1.218920198780168,1.211500897914345,1.242497331962923,1.280872709612429,1.1434856324969573,0.693679937575375,0.24954713713354842,1.2105309804062498,0.2922518908559529,1.0632936102248796,1.2159943077656328,1.1380632585978945,0.8396164134997102,1.0420456617065228,1.270836712278757,1.1196499161038507,1.2085335874770744,1.2522988285851049,1.1523757112143134,0.23989218502788512,1.1089416436054158,1.2838112393659384,1.2581247134708047,1.153627111358801,0.6990495936768488,1.2656153072091716,1.1193938696159782,1.311665131756367,0.2862333472000913,1.2123012438578258,1.2317719871412653,1.2291869491457357,1.0945116236337595,0.9775286683819763,0.693679937575375,0.2922518908559529,1.166525565360274,1.1224806369323912,1.2094825213066938,0.29895652527282335,1.0705782028188873,1.3344817697904785,1.2094825213066938,1.2552467370931553,1.0504223184629535,1.2931004663936403,1.2423290657530903,1.0041620944213736,0.9569746916421812,1.2640251587571485,1.2423726738822902,0.29265075905333326,0.6990495936768488,1.1499506469788727,1.2587702675049264,1.3041088403765666,0.45576185372181,0.2862333472000913,1.2493037389759098,1.1462449879489685,1.0572012652747538,1.256145255585406,1.2198267287568967,0.951012291218958,0.9775286683819763,0.2566371833962448,1.2035038737035468,1.102588833138811,1.3108423842966717,1.0162076533127997,1.258304523293309,1.0920831592455498,1.1573457390883786,1.0673860490786757,1.2523885175495633,1.2333569720373239,1.233292889901663,1.2500273390292416,1.034154479909015,1.1976555021362565,1.2243694809694678,1.2291869491457357,1.214281763451247,1.0605958865889673,1.15833949710201,1.2249037264757978,1.2523885175495633,1.21507800844731,1.2441220929307857,1.2189624470232956,0.7883978457731908,1.0632936102248796,1.2507985421706236,0.2973455801823443,1.2408988318887781,0.9775286683819763,0.6990495936768488,1.1650048199495653,1.2260435877300129,1.311665131756367,1.0129075859236447,1.0632936102248796,1.0734879450530068,1.267599238716963,1.236181690252168,0.0,0.6990495936768488,1.2325319844137206,0.5277972535794346,1.2493037389759098,1.2778343376690944
115,1.194557221117407,0.701929971548076,0.9785725978846235,1.211888832637307,0.7286561673630539,1.1894082963683876,1.1839772219799933,0.9788972632511753,1.2326651572622833,1.1406543284251496,0.02748550010819173,0.675433326886931,1.1832783666156876,0.6990495936768488,0.7241822337628478,1.187404848912716,1.126999991800941,0.6718514706164251,1.1542381926223804,1.224036193126301,0.7749456819597625,1.1818672824492638,1.2123794613541155,1.1722576496803765,0.6663008125238596,1.187404848912716,0.9312622754557591,1.2161522886454847,1.1730239442376955,-8.257394767952064e-12,0.9765893815711264,1.2255043373604513,0.9585987379341572,0.701929971548076,1.1846716268343152,0.8792091691828625,1.1970266727247363,1.090939882946284,0.9978963735640728,0.02748550010819173,0.6990495936768488,1.2288851845891442,1.1145275853641516,1.182575055275645,0.7076450306190641,1.1635271445514832,0.9821315331493564,1.182575055275645,1.2142996513322377,1.1846716268343152,0.9402174961536435,0.8900844772088619,1.0147984826222771,1.104697010437192,1.2196557604820824,1.2188050533632395,0.7047950583712304,-8.257394767952064e-12,1.144381387230068,1.2174975653973636,0.9578022572032391,0.5055140854567661,0.701929971548076,1.210391494202968,1.1675642491685305,1.1627059062232767,1.2147691351431253,1.1900672886194974,1.081347068434217,0.9978963735640728,0.3179525458745632,1.1782612999751103,1.1218904207649387,0.9578022572032391,1.0295150610143606,1.2161522886454847,1.1635271445514832,1.223277222875111,0.7286561673630539,1.2123794613541155,1.2000156407609777,1.201757053575799,0.9909543918393737,1.1462162212348022,1.1737857014543687,1.1982352786867143,1.1970266727247363,1.1867281923280255,0.7264249086244394,1.2369475880227399,1.1939289476837052,1.2123794613541155,1.1867281923280255,1.211888832637307,1.2360916973805944,0.6513325891256871,0.7241822337628478,1.2113939642970832,0.6903148796606615,1.2056695351160462,0.9978963735640728,-8.257394767952064e-12,1.1489327828456768,1.194557221117407,0.9585987379341572,1.026620195236718,0.7241822337628478,1.1651557837591795,1.2225016248494716,1.201757053575799,0.6990495936768488,0.0,1.1994265203235943,0.42639529276319393,1.210391494202968,1.2285656632242044
116,0.8016686880061202,1.2361442795016726,1.5117007772041264,0.5186521269653273,1.6384313285528789,0.2870512892260879,0.3081732743484009,1.1699394081045984,1.1921603786411912,1.018941371912554,1.1956464733645793,1.2078080452710274,0.5146455565584216,1.2328076495727052,1.6333166429546142,0.27301989321481046,0.9271576095081682,1.557177565061919,1.7054355095531848,0.6049819882252123,1.2953987086457017,0.310209553724605,0.3931930515406148,0.9875575680520207,1.19812515135473,1.7347955080569732,0.5719209752454373,0.3793013651460788,0.9926297441560571,1.1994265203235943,1.2216482417353831,1.8450830516665246,0.5125861107949639,1.235963636374859,0.24317612264157917,0.5213972870404895,0.08146973823636694,1.014341306383935,1.5546176507621314,1.1956464733645793,1.2328076495727052,1.2470633666422668,0.926332921699045,0.30351199757493563,1.2419594572896786,1.711838739854179,1.1228501877469972,0.30351199757493563,0.35369710609754623,1.4277653449598389,0.311478717090403,0.9125641061701496,1.5756784366875087,1.6589012279726956,0.5744901484820857,1.8278442912858621,1.2390888800545732,1.1994265203235943,1.2224912609200453,1.8305307883216648,1.0698827319349036,1.4119871580147083,1.235963636374859,0.5141591433855688,1.146524530737246,1.6801844902754393,0.5402989198547321,0.29712426406978154,1.5943271414546354,1.5546176507621314,1.2290038868036086,0.9384566755383625,1.1226673879531974,0.5053428537979407,1.5915322613044736,0.5301900375348143,1.6747994250861515,1.2313098518414047,1.637496077096578,1.1354282235454478,0.01659455009059907,0.9950567817555894,1.8927783514106868,1.7134089470079155,0.5325795772405939,1.1421749905815959,0.08146973823636694,0.7973653645015593,1.6358863391350031,1.8629531535249555,0.31969184114077653,0.5246271341000668,0.2615612490722903,1.6949681447278369,1.8309685780063025,1.5311994193687803,1.6333166429546142,0.5530057579843688,1.222640700973221,0.9907599165021399,1.5546176507621314,1.1994265203235943,0.9534337941915241,0.8016686880061203,0.5125861107949639,1.0637374113130083,1.6333166429546142,1.7036217405010454,0.6111491214196256,0.12792567805415533,1.2325319844137206,1.1994265203235943,0.0,1.3264969341479884,0.514159143385569,1.2994067498045874
117,1.32662410512011,0.4536628160697982,0.7857344034787291,1.3547231588731747,1.149997833328246,1.3268897449907142,1.3268897449907142,1.256457695988006,1.4061710845857973,1.283073062957445,0.42639529276319393,0.4264869049691986,1.3160240629872895,0.49413266849314696,1.1474454539939714,1.3264969341479884,1.2755913611480034,0.6939565122104691,0.9798744020026561,1.3680493303249288,1.1946086847169752,1.3251124531111784,1.3472541045620636,1.263176731655806,0.4373408548111444,1.0967291722343178,1.3508652329862754,1.3520396541915836,1.2648527236547176,0.42639529276319393,1.3361571556006413,1.3149146683850195,1.3719825734181743,0.49413266849314696,1.3223122649176917,1.2929591505539513,1.3251124531111784,1.2209531576447274,1.1474454539939714,0.42639529276319393,0.49413266849314696,1.2779844073431403,1.2240736356552706,1.3264969341479884,0.4857140905457036,1.0223065971277507,1.405631747108728,1.3264969341479884,1.3496668064226809,1.1105708587143663,1.3514603674840227,1.3009443639503304,1.16751466751977,0.8690556053908836,1.3622285470707995,1.3022372307501142,0.49413266849314696,0.42639529276319393,1.2834847366846491,1.3901108752163485,1.373118113849655,0.5765072579402684,0.4885842351708447,1.3523936838820152,1.30404331805786,1.041963034687566,1.354918322234254,1.3309749751491706,0.9212115085898673,1.1474454539939714,0.42706278941664355,1.2986170042696716,1.2691344809918874,1.3709838127168559,1.1825821678736594,1.3592637616275511,1.0991465965177871,1.255332987293052,1.1516929604140165,1.3750837149506658,1.3278710404778613,1.3296280908588947,1.2657719025384733,1.0595226756642362,1.3237175719405783,1.3440917124491547,1.3251124531111784,1.337201369071563,1.1479050168320069,1.2776700126540563,1.3278710404778613,1.3558730739444895,1.3251124531111784,1.3854511849596287,1.2485075640369674,0.7298137432993889,1.1474454539939714,1.3566664340582963,0.496425425917331,1.355524554057241,1.1474454539939714,0.42639529276319393,1.290985942016632,1.348465447563963,1.3719825734181743,1.1488776280368351,1.1474454539939714,1.020059848982621,1.3701165468857743,1.3336469715820567,0.5277972535794346,0.42639529276319393,1.3264969341479884,0.0,1.3523936838820152,1.386877871043823
118,0.7963626216952673,1.251570828770685,1.5334904656135222,0.07065905102912362,1.6650316219938244,0.45066087645117925,0.48029145946802876,1.311279341755074,1.079982347804438,1.1018611480190001,1.2067278581790424,1.2226994400958906,0.5154613306912477,1.247022976319642,1.659672091712233,0.4828039582980894,0.9068722371009006,1.5920261586224744,1.7327676776128325,0.3740419328394702,1.3241555122045263,0.4811255879274161,0.4091432036471323,1.038260586806815,1.212947690652868,1.7667649158827072,0.6354374078317919,0.4358169306142565,1.0348635148773369,1.210391494202968,1.3041553217217656,1.8606744539467535,0.38859472046879784,1.2503669233645984,0.489954947280814,0.5551025794112121,0.5377950296036653,1.0184577543485518,1.572556361661114,1.2067278581790424,1.247022976319642,1.334287684812984,0.9529136826572208,0.4911008683319271,1.2562575161714231,1.7417686541637531,1.0891799932545876,0.4911008683319271,0.4080092664001578,1.4809046466950395,0.4329860145217126,0.9499290107348677,1.5928227962021817,1.683091344904229,0.35127406190982136,1.851268211939675,1.2536754856495596,1.210391494202968,1.2535745880941316,1.8483443623330744,1.079797613371758,1.4364476221398108,1.2503669233645984,-7.37188088351104e-12,1.1764088524701728,1.71259629292741,0.32096145163865053,0.42927493230615976,1.6211973274277,1.572556361661114,1.2501693438892354,0.9563337643262706,1.1883633368083277,0.37952995749698815,1.608900091142594,0.2932270639875587,1.7101876553198938,1.3296887514389653,1.6633137490222047,1.0933430937103488,0.5217433034558976,0.9596781784834735,1.9209238211698447,1.7352540198965576,0.4731143361120458,1.1350334672604334,0.5377950296036653,0.7654440759170551,1.6626387858218798,1.8806234169613278,0.4243697898414991,0.0816685116267839,0.47340776249607375,1.699418024622024,1.8577799575717597,1.5691292036618676,1.659672091712233,0.36354684883913646,1.2367700835673567,0.9385161026130641,1.572556361661114,1.210391494202968,0.9130039414014773,0.7640537038187989,0.38859472046879784,1.1030798921823415,1.659672091712233,1.7298924341666724,0.38165293480345186,0.5034105527307284,1.2493037389759098,1.210391494202968,0.514159143385569,1.3523936838820152,0.0,1.2775321835307039
119,1.3950941789396774,1.276532345500582,1.56987897555142,1.2825182539241078,1.7046374854025335,1.245315693773018,1.23069647244259,1.6273854218422947,1.3912667959429081,1.4507462441903056,1.22516928501466,1.247207310992645,1.173444471854154,1.2715757480644636,1.7005163757528494,1.2245355527172144,1.241462989800436,1.642939648406589,1.7775218228249898,1.2580027921454353,1.5393493417067905,1.216724486048866,1.2795643052430585,1.2210464678446582,1.2370647579005682,1.8190757063814795,1.238531601845029,1.3170160047731776,1.218508289457259,1.2285656632242044,1.6333058302421557,1.889114698476249,1.2461567368172228,1.2738284328095035,1.235284125665651,1.2344806263066181,1.2829769389277703,1.191324242426767,1.6061077491037241,1.22516928501466,1.2715757480644636,1.5229764323152328,1.1335504530079028,1.221417226373815,1.2797319154971338,1.785476491976563,1.3587241318687964,1.221417226373815,1.2951450573636805,1.5893774579783484,1.2546083959794936,1.2835250238072522,1.6253685855729993,1.7194771860864428,1.2793276591000051,1.882105751132955,1.2775090580656312,1.2285656632242044,1.5705990126781042,1.8746317139383926,1.2927995386996118,1.4731023772485303,1.2752412428976996,1.2775321835307039,1.3500997899067704,1.7605910041809685,1.2431680289369396,1.2281771724022175,1.6690105682727556,1.6061077491037241,1.2862876273671149,1.3450175285413548,1.3252728058493617,1.2508534044090638,1.6414239568378521,1.2480734288175979,1.769010112657439,1.568539305594903,1.7056392781858245,1.3200816318528361,1.296729861597238,1.253862526767152,1.9664643675967435,1.781542374182657,1.162565560789297,1.2352367838471883,1.2829769389277703,1.2051122226871998,1.7021026551920329,1.9087070143253126,1.2618114608719093,1.2864454877507512,1.22724948092553,1.8286106527189294,1.915895748683125,1.6205712383226223,1.7005163757528494,1.2067589561822465,1.258623193197873,1.2548892876731537,1.6061077491037241,1.2285656632242044,1.271794722197179,1.2084697895200067,1.2461567368172228,1.2901900817662195,1.7005163757528494,1.779734918267386,1.2640333587708135,1.2679156420814004,1.2778343376690944,1.2285656632242044,1.2994067498045874,1.386877871043823,1.2775321835307039,0.0
