,0,1,2,3,4,5,6,7,8,9,10,11,12,13,14,16,17,18,19,20,21,22,23,24,25,26,27,28,29,30,32,33,34,35,36,37,38,39,41,42,43,44,45,46,47,48,49,50,52,53,54,55,56,57,58,59,60,61,62,63,64,65,66,67,68,69,70,71,72,73,74,75,76,77,78,79,80,81,82,83,84,85,86,87,88,89,90,91,92,93,94,95,96,97,98,99,100,101,102,103,104,105,106,107,108,109,110,111,112,113,114,115,116,117,118,119
0,1.0,0.007524657480249834,0.058873468749687234,0.6953245101766541,-0.009184058109400315,0.7121808917800968,0.6956761559501795,0.40779543990848405,0.49186642884832016,0.49965811803215354,-0.056077232071927975,0.009662291755695123,0.6876365806511525,0.010673127550800205,-0.0080866325746581,0.714729827249048,0.5798373921904616,0.05181220190997628,0.06185814478645306,0.6549553851869249,0.38500052055738854,0.7035454679669088,0.703320395133253,0.49199573422296494,0.009579764884957591,0.05572414226399049,0.6483820828334742,0.6825708199527736,0.4898253532695819,-0.05677834181499838,0.3733870223108276,-0.0014931204322705702,0.6499643865612554,0.009900577136046244,0.7145292288566798,0.7024913873111579,0.6967132898030396,0.45511078461745363,-0.005467105660411474,-0.056077232071927975,0.010673127550800205,0.3806631875349632,0.5107431664185993,0.7009166789367627,0.010745356794629596,0.055494234213481895,0.4437405744876272,0.7009166789367627,0.6929021700568747,0.2763913832997151,0.6825433760049009,0.6275314330421379,-0.006000587039664585,0.045523549108252556,0.6776975678514485,0.009356633225317768,0.00913335892323911,-0.05677834181499838,0.4548981109557039,0.004872127473631238,0.5207688951307539,0.033807506483569484,0.009900577136046244,0.6925492551415258,0.4170366948892192,0.07563742282361495,0.6903112070716145,0.7095386017279942,0.08733632191682587,-0.005467105660411474,0.023859207583444685,0.6531089135364192,0.3939692935800136,0.6536043480220188,-0.004559555501625687,0.6878122294192306,0.0852034196923791,0.367805275376991,-0.005574489732247116,0.5018785595553411,0.694303398594917,0.5704521021666454,0.004687197762541185,0.046187771721144626,0.6683880311340875,0.4953772791337015,0.6967132898030396,0.6231588102393713,-0.00864022208675912,0.004290245144606313,0.7098334078988157,0.6927275025111559,0.711980997080698,0.004967515454153278,0.03196388018058284,0.06792624633787782,-0.0080866325746581,0.6873703400488219,0.01793501716029633,0.554189001609667,-0.005467105660411474,-0.05677834181499838,0.599406241937213,0.6039028301843721,0.6499643865612554,0.4185862765734081,-0.0080866325746581,0.06334761003156977,0.654781482949061,0.6812542100883235,-0.001048754824190314,-0.05677834181499838,0.6916038874707486,0.030139490272787745,0.6925492551415258,0.34806090317842936
1,0.007524657480249834,1.0,0.38664358745217026,0.006549984651844373,-0.06155063260188541,0.009054542717324674,0.00812369603248224,0.062366165340721556,0.013071703892824565,-0.03238300567496654,-0.06064543166360155,0.9285379631872762,0.01090711851680329,0.9315197363099971,-0.055750485455800664,0.007154474345997626,0.008117361995680864,0.3462308266914987,0.20601458271299633,0.007754832230691781,0.03515347381660214,0.006135952502556959,0.0024296067554651344,0.09493858450370621,0.8874160107856917,0.13799764463665107,0.0002018447183413879,0.0013959149976783916,0.09431134705039612,-0.061123956783358094,0.04974924361237829,0.1043170161738272,0.008167680504940057,0.9393945843511676,0.005391724920012396,0.018644295115681265,0.002217985958920141,0.009567400987993925,-0.0447223173196968,-0.06064543166360155,0.9315197363099971,0.09514534286548443,0.014993931246370377,0.00594733133763973,0.9699114034616861,0.19003758204025992,-0.0018607156213668239,0.00594733133763973,0.0019012966130497117,0.17010181754228665,0.01106630462007709,0.022933610750417426,-0.020905472877792663,0.27390534917721543,0.002230566624283788,0.04066698664640412,0.9322205524199868,-0.061123956783358094,-0.02072149444984278,-0.0007844602370323675,0.01732488227089146,0.6934221417844446,0.9393945843511676,0.00703954747422778,-0.0448342283252054,0.19107635765084083,0.005611665672043445,0.00885738485942375,0.2538641515210268,-0.0447223173196968,0.9029890807633099,-0.0033135047319881633,-0.050795228165508154,0.008397005917374882,0.03662679585417082,0.003268796285543079,0.16592383205798883,0.10576175545981742,-0.05579806003222436,0.010434331531205028,0.0014780286688616535,0.028588489328135566,0.04766978370023236,0.17706995271510745,0.016631547428030156,0.032901796095540704,0.002217985958920141,-6.985193214996509e-05,-0.06157188543529773,0.07783536094593752,0.005342567790582833,0.00638983901293645,0.007344887540937248,0.012685125129896902,0.030761049258403332,0.37982883374605947,-0.055750485455800664,0.0027024640506822443,0.861852647390946,0.0196713486877996,-0.0447223173196968,-0.061123956783358094,0.0028869499772931507,0.005170435720853392,0.008167680504940057,-0.027355972796689082,-0.055750485455800664,0.18797417074059955,0.010186624656698036,0.003229114068511262,0.7681871870826098,-0.061123956783358094,0.0016229476390234587,0.6227360589032732,0.00703954747422778,0.01579151871367883
2,0.058873468749687234,0.38664358745217026,1.0,0.047540566799887614,0.014098897994440274,0.07118947249727296,0.0741804637028514,0.1468961257954729,0.007212920011798234,0.06538733912994715,-0.07882493214173435,0.3641519366671003,0.057531945235269055,0.38920575490896786,0.011653110491893229,0.07074876566939428,0.054894263390567355,0.6413550869109107,0.5119803323610395,0.035490858563469785,0.023463339518593352,0.07372073973337087,0.03914910952101712,0.15429231327010695,0.3640887335851545,0.4183067755736501,0.034032924722800444,0.037178605951326764,0.15324703214467575,-0.07983043857038796,0.11154363823324154,0.1652095346402986,0.034480925085734485,0.38664358745217026,0.07348646254431573,0.050903534589138426,0.0610172149231307,0.06273599570655092,0.025103394385901933,-0.07882493214173435,0.38920575490896786,0.2196775979973276,0.060115408888983486,0.07302720610974169,0.3965172516829414,0.5132390609364543,-0.0007821756985082316,0.07302720610974169,0.03910412851642241,0.3767503720103464,0.04773650905224908,0.05983978119416471,0.03934425756535273,0.6037158749955815,0.03526106126728131,0.14080448822939823,0.3915873335114012,-0.07983043857038796,0.09765926801587146,0.08075030033491014,0.024548567185904212,0.4778085674135519,0.3941637695930573,0.04713079399794201,0.0030588893639784264,0.48512032904836494,0.04243439532921455,0.07051402564626114,0.7003263445569243,0.025103394385901933,0.3347124323288969,0.03809413245803836,0.01925954301190015,0.03516642303441738,0.06465624314704684,0.03904363528604574,0.5132390609364543,0.23746179776640505,0.010025858813616343,0.019226349825597684,0.05795655734134576,0.06062500779467795,0.13843390830640126,0.29906864503822145,0.0684286023808482,0.04864212091756206,0.0610172149231307,0.04528458910277765,0.014936711570367469,0.17776193617316485,0.06416856255600636,0.047004252771713655,0.07392917856828225,0.00970127207899817,0.13865625915496013,0.702769392694966,0.011653110491893229,0.042091426090170116,0.3817961099323971,0.03375797927950265,0.025103394385901933,-0.07983043857038796,0.045941984933129024,0.041071449242917876,0.034480925085734485,0.05158642753469195,0.011653110491893229,0.4936900455382426,0.03912735545824684,0.05616315135488119,0.3081415132798764,-0.07983043857038796,0.05856149671646598,0.4266566229891253,0.04713079399794201,0.03141176332858565
3,0.6953245101766541,0.006549984651844373,0.047540566799887614,1.0,0.007674879029305677,0.8334814821101472,0.8160218923238755,0.4113535448689331,0.5356606889060186,0.49682612492949496,-0.04923749006009084,0.008816890589864358,0.81313339783184,0.011337708061265748,0.010910036878794,0.8190103789307596,0.576158856050939,0.03890241663622699,0.05314323541932317,0.8724574326451049,0.3161205274224155,0.8130828684230601,0.869168386561089,0.5435936284845956,0.008898760590670565,0.05981846107968767,0.784902336132353,0.857579357765681,0.5460197483124726,-0.04980447729804579,0.4170540287653774,0.008736035960469242,0.8682525178079571,0.01061899534691014,0.8131835100557173,0.7634603723292176,0.8107877780232425,0.4857752538277435,0.018953327445218625,-0.04923749006009084,0.011337708061265748,0.39984013587421025,0.5413538167390951,0.8102489533317644,0.011240833287695276,0.05559506572540287,0.5297302969169291,0.8102489533317644,0.8751065071527656,0.28548502301617956,0.8637406103731701,0.6044091130555128,0.015693691830807894,0.041652038553633,0.8870689647455833,0.003566370704627669,0.009905451950163248,-0.04980447729804579,0.40178420604609444,0.00680472146923175,0.5518850103932269,0.019876163053490364,0.01061899534691014,0.9843150751138168,0.465778903859782,0.08495591232379733,0.9018279033571719,0.8422010727157878,0.08299566692993976,0.018953327445218625,0.014921245385551944,0.6020777201701843,0.4225094661514503,0.8724837624146162,0.017849014737578415,0.9108467763747766,0.08819893334015866,0.4029697685226662,0.013265710020259742,0.5379244482833441,0.8194660201820129,0.6138094410794819,0.008066722878923752,0.037683628412285175,0.8099334843422684,0.5135074921826093,0.8107877780232425,0.7001589390054174,0.00835523524765301,0.012941525223366144,0.8481406928241944,0.9968545974055829,0.8218582513719372,0.01484585315234073,0.04502511669069633,0.04211611852586294,0.010910036878794,0.8868558999480382,0.013524923211849978,0.6265912465653847,0.018953327445218625,-0.04980447729804579,0.5999486740217145,0.7112751031360764,0.8682525178079571,0.3820277540192,0.010910036878794,0.070501842656469,0.8782892556887811,0.8281348603732915,0.0012674210326416946,-0.04980447729804579,0.8223086307611877,0.02624829189329589,0.9843150751138168,0.4302534568065702
4,-0.009184058109400315,-0.06155063260188541,0.014098897994440274,0.007674879029305677,1.0,0.012298345086212121,0.014481358274685972,0.012449079378893392,-0.008421260794573898,-0.004712891883536515,0.0,-0.061946947147020454,0.004877840823537539,-0.06973747353463444,0.9794031652906627,0.015598896211480645,-0.02197133666894534,-0.0034567804026002687,0.02322118464775076,0.0023268175993920014,-0.04702285061528732,0.013918363330845082,0.00941255252211942,-0.01533540722642027,-0.05407304643855915,0.01943168068514142,0.017488022392826985,0.009462803276638827,-0.015525619099599586,0.0,0.017251423391618715,0.28559410606310986,0.0040573207621187775,-0.06973747353463444,0.017332386507378953,0.01213942506188238,0.018462469182246054,0.000862498617130014,0.9794031652906627,0.0,-0.06973747353463444,0.0001838957076616404,0.01484675075582595,0.015598896211480645,-0.06891926184622105,0.021542013623649683,-0.0014413622821629014,0.015598896211480645,0.01040067884674245,-0.007064254274485498,0.00904569683335711,-0.011658489072076957,0.9593411969671386,0.029572471511105553,0.0039331548677131005,-0.018904370479836414,-0.06973747353463444,0.0,-0.004712891883536515,0.018317455797665763,0.01750608138705637,-0.04648678522355015,-0.0649989442331981,0.006731017689526377,0.019254878356219838,0.003557126661636051,0.0050889428057859,0.012861852550226337,0.005532338179915643,0.9794031652906627,-0.06512425645257122,0.004238498486152017,0.010858502064520752,0.0029505386366362827,0.8861561995576315,0.004311230237093346,0.0022960857016447083,0.0020876392267160397,0.9692414270060681,-0.013681491759172777,0.01728449525496072,-0.008342475816481981,0.25588119282346433,-0.024518496731219492,0.012242886375316358,-0.01385946187651996,0.018462469182246054,0.007255532645896832,0.9948388504685199,0.2121540031847802,0.012830779830992614,0.007246104791540921,0.0161690824262573,-0.018184095178459612,0.1322409801844186,0.011979106318797825,0.9794031652906627,0.00589549967436926,-0.06155063260188541,-0.009385816388283195,0.9794031652906627,0.0,0.005511649163845917,0.005207410657986041,0.0026284066885640923,-0.015545521590859118,0.9794031652906627,0.01975127906155339,0.003959191395656546,0.01828720284368421,-0.05486767682715206,0.0,0.017869656192278958,-0.032451727979226276,0.006731017689526377,-0.005040572312475892
5,0.7121808917800968,0.009054542717324674,0.07118947249727296,0.8334814821101472,0.012298345086212121,1.0,0.9683621554178345,0.4650324365143214,0.4653952672621431,0.5507009087335819,-0.05770966704864144,0.011171922402517302,0.8674503451820402,0.012332016770922199,0.013855205882039005,0.9715304461793145,0.6193610698475236,0.056563225750738,0.07392312198188265,0.7775151924117537,0.34282151039803854,0.9652056678261727,0.8306176634738827,0.6109921079767311,0.011045743199111247,0.08300689279470377,0.8170541778688933,0.8193266777998249,0.6085517334587509,-0.05844195359492132,0.4403343758295853,0.010312552918095312,0.8014208612868625,0.011537560147466184,0.9589752914726524,0.8114320472399508,0.9190690524278256,0.5282984142141002,0.02001090104324601,-0.05770966704864144,0.012332016770922199,0.4667348864954792,0.5725350855594273,0.9620796068520199,0.012445548121620879,0.08134108016384503,0.4968305854536539,0.9620796068520199,0.8307205826281013,0.3482626747608727,0.8976983925004226,0.6316365920181144,0.015019256948247534,0.06064966545497226,0.796807895411061,0.018990030589171612,0.010748494864969729,-0.05844195359492132,0.4404925313077211,0.008537178167223656,0.5443241645657724,0.027905617595622836,0.011537560147466184,0.8421070590584918,0.49504166267198857,0.11631678053832618,0.8221137326491923,0.9778387258764604,0.108921345973003,0.02001090104324601,0.015529438838388965,0.6217248284202369,0.46639830749777494,0.8054822520676025,0.01811313451644263,0.8193266777998249,0.12262407961429136,0.46131395066334296,0.014481358274685972,0.5381232872287827,0.9160955946644983,0.6141569025988913,0.01063213673418806,0.047706417521537585,0.8581838306511288,0.5221698129628339,0.9190690524278256,0.7223916775547412,0.013071796893462417,0.016970827491798957,0.9715823642906363,0.8306176634738827,0.9683860292517359,-0.002660124713240675,0.048307282813940665,0.06322564754407012,0.013855205882039005,0.8363509816082928,0.017301197164102552,0.6271599462930096,0.02001090104324601,-0.05844195359492132,0.6291144235423513,0.7229990771849129,0.8014208612868625,0.4524863552624347,0.013855205882039005,0.09254274862815605,0.7829736444589657,0.9131014241505329,-0.002310315383052296,-0.05844195359492132,0.9130422351425472,0.03734879606673321,0.8421070590584918,0.4347919486239121
6,0.6956761559501795,0.00812369603248224,0.0741804637028514,0.8160218923238755,0.014481358274685972,0.9683621554178345,1.0,0.47125919223888146,0.45651262542853227,0.5496411729252494,-0.05928774342226192,0.010146684672760862,0.8672366423105669,0.011498059516388846,0.0160822284972578,0.9589431583650504,0.6287479237729439,0.056563225750738,0.07613992736659418,0.7552172877433172,0.34282151039803854,0.9904354532003211,0.8074781037592376,0.6255369279984027,0.009958434804520537,0.0857664253618277,0.8087971755595247,0.7963766314297211,0.6230643039956498,-0.060049781988156435,0.44639918172427734,0.013487622366936574,0.8014208612868625,0.010694231215791872,0.9526631825540149,0.8114320472399508,0.906788579229477,0.5365560111230288,0.025495899972265656,-0.05928774342226192,0.011498059516388846,0.4838388878275951,0.5763519324019103,0.993619974669507,0.011670884971782883,0.08597925237899719,0.4904429227891124,0.993619974669507,0.8076028854444387,0.3588784871135509,0.8976983925004226,0.63900968377632,0.02022491389098553,0.06207882391702469,0.7686348990136709,0.020438172574594002,0.009895843914951697,-0.060049781988156435,0.44359692556785574,0.010587264970225956,0.5376035249149864,0.027905617595622836,0.010694231215791872,0.8245543857524237,0.5079172163581984,0.12194188185044917,0.7991109027429386,0.9652324612771,0.11373685438082744,0.025495899972265656,0.015529438838388965,0.6160057663902191,0.46951921454664475,0.8054822520676025,0.023517935305868095,0.7963766314297211,0.12589467643306188,0.4739159450645088,0.016706966842447116,0.5283252928741304,0.9038469601190493,0.6036908079062926,0.011686747094708598,0.04738686981696948,0.8698661733488368,0.5215341499776803,0.906788579229477,0.7165225276887321,0.015276806478384742,0.020600301061102815,0.9403928979730799,0.813189166556887,0.9558108646103024,-0.005875836908304096,0.052522976669396516,0.06322564754407012,0.0160822284972578,0.8131276890563901,0.016584271374900917,0.6166529736402931,0.025495899972265656,-0.060049781988156435,0.6282916709642896,0.7226109748951071,0.8014208612868625,0.4641916764722497,0.0160822284972578,0.09752558569964465,0.7661050764675225,0.9008782394643712,-0.0011954197765245585,-0.060049781988156435,0.9008061999135336,0.03734879606673321,0.8245543857524237,0.4385987851934905
7,0.40779543990848405,0.062366165340721556,0.1468961257954729,0.4113535448689331,0.012449079378893392,0.4650324365143214,0.47125919223888146,1.0,0.2163439349914498,0.33169294777617075,0.0,0.05908701681471593,0.4312400733509319,0.06672020136150483,0.015169926954323143,0.47121345333142484,0.3133704312812312,0.15741897036356484,0.23074386357085194,0.39433588723167323,0.17959857300018325,0.46807143993678063,0.41117569225318684,0.5424616823281259,0.056269393794129985,0.22785872723091205,0.35489018654166204,0.40545378266701493,0.5391372270828945,0.0,0.423920928286184,0.03757291365161014,0.4002132386689012,0.06672020136150483,0.48056281763374753,0.4188454172622135,0.48060864942618703,0.2967855778985493,0.015169926954323143,0.0,0.06672020136150483,0.7119626586243947,0.2996177386158933,0.47121345333142484,0.06798435561095986,0.2402933914561211,0.18779626933567925,0.47121345333142484,0.411221180001871,0.5528637942422839,0.43803239358348567,0.3298689979609253,0.015763422194889146,0.1991054573758376,0.38563562521582023,0.04959635425124258,0.06672020136150483,0.0,0.3160562467065561,0.03331113433890462,0.3368274521635601,0.09028140024113442,0.06546649439365745,0.41131010600179,0.2133680829707983,0.25653463195588555,0.40558538610627376,0.4620030898738628,0.22871758909110285,0.015169926954323143,0.06008191672640782,0.31151474886113834,0.2274115980143052,0.4030730126177082,0.028632864462851362,0.3941298496769215,0.25432112069421714,0.7584174113801896,0.015320077087993184,0.19087466432516967,0.47436529985680714,0.35478826759431303,0.09384368901174749,0.1929097412171571,0.42843405941947316,0.3338215746752078,0.48060864942618703,0.32287030482685247,0.013076245900354439,0.05358770799318163,0.4619112515728414,0.40846432120765325,0.4743195255170167,0.02581138094825737,0.15455817430099725,0.180147560928304,0.015169926954323143,0.3997718671871456,0.062366165340721556,0.26176903298858617,0.015169926954323143,0.0,0.298624780103736,0.3257073313211263,0.4002132386689012,0.20686406862269988,0.015169926954323143,0.24250633500713964,0.40590604273701153,0.46825299857768055,0.05069798790549092,0.0,0.47121345333142484,0.0793587187698296,0.41131010600179,0.2356611853556579
8,0.49186642884832016,0.013071703892824565,0.007212920011798234,0.5356606889060186,-0.008421260794573898,0.4653952672621431,0.45651262542853227,0.2163439349914498,1.0,0.32887283576092513,-0.03505131370847435,0.017194241143770685,0.47588819773655,0.016873514472122677,-0.008176624112643565,0.46313129484340526,0.38934160039417615,-6.252263011872275e-05,0.008214623334350604,0.5409724088745355,0.23960612324902422,0.45853241807207135,0.5426063466408003,0.4019416289914483,0.014272789045141692,0.011031332606272853,0.45930792602886156,0.5336052006963274,0.40400007598639254,-0.03532866211609276,0.23351533801925506,0.0019328928497062774,0.5299832739816717,0.017842592962690137,0.4586890490948841,0.4250534294377897,0.4658316586593119,0.35027536382199137,-0.0076903759321090785,-0.03505131370847435,0.016873514472122677,0.24727825561370673,0.3421545301028229,0.45643400075828333,0.01655382303883993,0.011439508191017923,0.6196137621515506,0.45643400075828333,0.5334993955798509,0.15775040081749744,0.4625554365500931,0.36788595929862694,-0.0084625002779988,0.002827344849626638,0.5384039956179663,-0.005167764985283355,0.017195713463271072,-0.03532866211609276,0.22175180157375465,-0.005968442327345857,0.47530782747578837,0.010848723859140262,0.016232038053754623,0.5424984439091335,0.3324259571493203,0.028587546320080353,0.535821801384202,0.4719141469674934,0.02668805679001164,-0.0076903759321090785,0.014380907547763761,0.3746528104109368,0.31137987721000177,0.5266731410590946,-0.003882532506855714,0.5382007989024845,0.02679255553498884,0.23126857732710202,-0.007152352200428296,0.4710691843980633,0.46816028255535413,0.41590264011048667,-0.0014051128267894254,-0.001729808020750534,0.4907713480767381,0.45733590195013596,0.4658316586593119,0.4609466457847232,-0.008665075265606045,0.0042994178951794035,0.4678073184160714,0.5379891605156564,0.4652448494716995,0.0043609532006558096,0.009922749499610846,0.002469562138544146,-0.008176624112643565,0.5425526573315209,0.018827903223240683,0.5125612742232695,-0.0076903759321090785,-0.03532866211609276,0.3885882111637423,0.4700028253258507,0.5299832739816717,0.2554826152154327,-0.008176624112643565,0.015590942639677155,0.5225884458947353,0.48347028928922353,0.01527282626790796,-0.03532866211609276,0.4702840500404987,0.00450370935104984,0.5424984439091335,0.3744362758909868
9,0.49965811803215354,-0.03238300567496654,0.06538733912994715,0.49682612492949496,-0.004712891883536515,0.5507009087335819,0.5496411729252494,0.33169294777617075,0.32887283576092513,1.0,-0.06835212389146153,-0.026005406804008695,0.5182944867938124,-0.025706055465555353,-0.003350006039780387,0.5674356271017613,0.4880480892874218,0.06808848371521371,0.07799315463228157,0.4513746591087143,0.29855828435474263,0.55656155931189,0.5038021897866214,0.45364938016859785,-0.029986942881782032,0.09403602100594444,0.4956827814955241,0.4956239165622415,0.45158406450202565,-0.06927430163513504,0.3419239034422967,-0.0009055112847875607,0.46100684730716057,-0.02642051422549006,0.576832971976439,0.5123323504017947,0.5522189432914307,0.45486116730712894,0.0053251378932743015,-0.06835212389146153,-0.025706055465555353,0.3669776859675255,0.457280270593593,0.5542488634261402,-0.02783268866841351,0.08958853388251473,0.2963818399876989,0.5542488634261402,0.4997038850065867,0.3297627630529787,0.5199753603295232,0.5136954308063603,0.001119227923745884,0.06260915086966559,0.46972105304914313,0.03175529554276618,-0.024126884860085067,-0.06927430163513504,0.4773862095661772,0.026094363413645245,0.3522670060197261,0.0035945174920807327,-0.02642051422549006,0.48964174160977136,0.4525877393840131,0.11010449985071481,0.48848466165237026,0.5435740018735908,0.12657208977070364,0.0053251378932743015,-0.017671220223303898,0.48223229154217,0.4335361020741569,0.4640267397795132,-0.00016404046736032246,0.4821035620168888,0.14089360146859864,0.380687853508185,-0.0022473253291308117,0.3362899968634078,0.5408106818155899,0.4387327424850266,0.0008547203534342771,0.047804113015554005,0.5331237528088311,0.39547022034060714,0.5522189432914307,0.47953664628049575,-0.0040362581914966545,0.007419572965856028,0.5395479773252493,0.49467237832398175,0.5697760999106884,-0.022944189798507975,0.033427226500542286,0.09076402867645333,-0.003350006039780387,0.503562338570998,-0.02045576753386033,0.39548427665457747,0.0053251378932743015,-0.06927430163513504,0.4439406090342088,0.4633141923241519,0.4672804588830868,0.5351090291899803,-0.003350006039780387,0.09736765717307537,0.46832700118954634,0.5435690571414554,-0.03465669422982523,-0.06927430163513504,0.5430809300685548,0.00856664790018055,0.48964174160977136,0.2674292436302511
10,-0.056077232071927975,-0.06064543166360155,-0.07882493214173435,-0.04923749006009084,0.0,-0.05770966704864144,-0.05928774342226192,0.0,-0.03505131370847435,-0.06835212389146153,1.0,-0.05702005091822554,-0.05948117640120107,-0.06026745053714881,0.0,-0.05830781980324876,-0.07033161930891645,0.0,-0.06603530196083689,-0.042349495578527775,0.0,-0.059865488278000915,-0.04900318377053519,-0.062280295978580605,-0.055693178684007395,-0.05830781980324876,0.0,-0.047097728457468915,-0.06209967651207101,0.9868512643351744,0.0,-0.04130947958242773,0.0,-0.06064543166360155,-0.05909345950106298,0.0,-0.0552406408826264,-0.07426566615861935,-0.07866614651223024,1.0,-0.06026745053714881,-0.03864713940521498,-0.07188377611574806,-0.059673758129735556,-0.06138378928783716,-0.06421028575114053,0.0,-0.059673758129735556,-0.04805735517278319,-0.05909345950106298,0.0,0.0,-0.07834018995003166,-0.07295775756849533,-0.04513688773380967,-0.04563231261402245,-0.06101751517642026,0.9868512643351744,-0.06775390705402223,-0.046368925225719525,0.0,0.0,-0.06064543166360155,-0.04993525689031934,-0.06334595879678923,-0.06438055286629797,-0.047818743831947,-0.057508584116098965,-0.07505630803604749,-0.07866614651223024,0.0,-0.060811352233647066,-0.07099480880889963,0.0,-0.07790390289351348,-0.047097728457468915,-0.06421028575114053,-0.0428642007709484,0.0,-0.04900318377053519,-0.054175794120989836,-0.0535266877539278,0.0,-0.06744942585766972,-0.06191819914042683,-0.054817250644349336,-0.0552406408826264,-0.058505504842144826,0.0,-0.029515515991463594,-0.056284257557692514,-0.04900318377053519,-0.058505504842144826,-0.04923749006009084,0.004437385924086906,0.0,0.0,-0.04947093727657276,-0.059097210559052184,-0.05198231792378336,-0.07866614651223024,0.9868512643351744,-0.0669860224570603,-0.056077232071927975,0.0,-0.07800143864942806,0.0,-0.0638671505627985,-0.04337538235565679,-0.0535266877539278,-0.06026745053714881,0.9868512643351744,-0.054390462672212814,0.0,-0.04993525689031934,-0.03891740233705417
11,0.009662291755695123,0.9285379631872762,0.3641519366671003,0.008816890589864358,-0.061946947147020454,0.011171922402517302,0.010146684672760862,0.05908701681471593,0.017194241143770685,-0.026005406804008695,-0.05702005091822554,1.0,0.012993184538820965,0.904408338311151,-0.056042591823608226,0.009196533671396761,0.01273441506632892,0.33667789194290837,0.1818482860580879,0.01010263603449638,0.03822979459751735,0.008078524171790042,0.004578031777813374,0.0953829995269026,0.8728705494273973,0.1290985617690563,0.0004499662320721439,0.003529721192661361,0.09476952540089452,-0.05743182947108259,0.049031127940107014,0.09345532823265658,0.01113856257584472,0.9127943038111501,0.007352077703461243,0.02213473807354145,0.0042374414296190545,0.013994886091510278,-0.04336209491185869,-0.05702005091822554,0.904408338311151,0.08496979243783072,0.02360676608643268,0.007894524109324437,0.9137531594654154,0.16715846026404152,4.928759132793295e-05,0.007894524109324437,0.0040432700810618715,0.14992865699750288,0.01430946868820195,0.026586857711244458,-0.018406495911218745,0.24353076681025382,0.0043992553635588206,0.03943804398830464,0.9054670827973459,-0.05743182947108259,-0.020085158436493455,-0.005997871602132087,0.020669640722212744,0.6394325788421299,0.8971003874346327,0.009310702709178437,-0.03955865430456111,0.16808926630742294,0.007867250489160005,0.010977685178637802,0.23759907769327854,-0.04336209491185869,0.9659236763369129,0.0009696797518453247,-0.04494354410327301,0.011386989869325828,0.04130605465714767,0.005459929965169523,0.15131165974581232,0.09458514548913158,-0.056016710591029674,0.012816705991150375,0.003506159048922982,0.02888688703952886,0.04313984544112963,0.16516958082638933,0.018726837616525164,0.035742673394537114,0.0042374414296190545,0.004286302704984268,-0.06200617581199954,0.06943768033239861,0.00741423614248649,0.008655119273131428,0.009383361253828585,0.015128189236307214,0.02573455210533152,0.36998626191133954,-0.056042591823608226,0.004853469955740816,0.8468946355334245,0.022252692023069256,-0.04336209491185869,-0.05743182947108259,0.007406714932176307,0.009662291755695123,0.01113856257584472,-0.01990641719787969,-0.056042591823608226,0.1653098296936515,0.012608616641466994,0.00532244838572139,0.7797540102480365,-0.05743182947108259,0.0036495701143158745,0.6271742850103568,0.009310702709178437,0.016632469709428836
12,0.6876365806511525,0.01090711851680329,0.057531945235269055,0.81313339783184,0.004877840823537539,0.8674503451820402,0.8672366423105669,0.4312400733509319,0.47588819773655,0.5182944867938124,-0.05948117640120107,0.012993184538820965,1.0,0.01433244804088731,0.008540687086143701,0.8525446498287278,0.646975814999864,0.04775552301770551,0.06059768354927303,0.7634527757975611,0.35366803801259816,0.8701396179085888,0.787616209802678,0.6026381711687953,0.012813940994996408,0.0645875665831293,0.7961560776530806,0.77110210860129,0.6002154539965024,-0.060246833270023274,0.4132305720104415,0.006299241887423986,0.7569227897005502,0.013513598484980011,0.8465247346693915,0.8403580170489265,0.8208859685897707,0.553639826811595,0.015907478717527193,-0.05948117640120107,0.01433244804088731,0.4302654975123888,0.6041276613438956,0.86718205047195,0.014496164439175271,0.06595525017754776,0.5127784576320943,0.86718205047195,0.7877549611566494,0.30772224978057555,0.8420663912656265,0.6718451348364807,0.011119453520906169,0.050366422693257154,0.7881541146015261,0.006065047377770253,0.012700212778471066,-0.060246833270023274,0.41099807647441017,-0.0007743415213984406,0.5405002240288402,0.03091314404371324,0.013513598484980011,0.8101794437877851,0.49625617565285396,0.10361510081273602,0.8133164895673497,0.8764248260845913,0.08693907263856109,0.015907478717527193,0.019111524091938153,0.6286489599515864,0.476198038269891,0.7608647863359813,0.014470877792790288,0.810551237640003,0.09803549291716462,0.41248378097147087,0.00927188393751716,0.5732160476796432,0.8181677496177159,0.616115754276351,0.008929835363722122,0.03552735729191179,0.8848713797478751,0.5568084618032916,0.8208859685897707,0.7411045847626156,0.005594286727031348,0.01319637440176669,0.8765690964211252,0.8103059334502584,0.8554709699124883,-0.005663810593162088,0.04095114379282045,0.05396349294955832,0.008540687086143701,0.8274728230091112,0.014165901897277032,0.6703289046985681,0.015907478717527193,-0.060246833270023274,0.630772953148035,0.758323372844528,0.7648852731127662,0.4615623596501613,0.008540687086143701,0.07656774326629769,0.7799779065203326,0.8327323560400318,0.0014592798057743918,-0.060246833270023274,0.8210194587672001,0.03672901879577429,0.8101794437877851,0.47059891744578297
13,0.010673127550800205,0.9315197363099971,0.38920575490896786,0.011337708061265748,-0.06973747353463444,0.012332016770922199,0.011498059516388846,0.06672020136150483,0.016873514472122677,-0.025706055465555353,-0.06026745053714881,0.904408338311151,0.01433244804088731,1.0,-0.06420060854895093,0.010446780714920894,0.019585427257695884,0.3557103935224598,0.20762310778748622,0.010163384597153899,0.036522581133277804,0.009525461195998522,0.005081458151605264,0.09954019059949841,0.8628277698447265,0.13586280990499208,8.094442731112308e-05,0.003927706374616825,0.09889410716087065,-0.06073872171026947,0.04885829423720125,0.10543353162229117,0.01207280856370212,0.9923434143529406,0.008715280089987737,0.022665409128560677,0.005236000058499964,0.018649805427076227,-0.054365696744491536,-0.06026745053714881,1.0,0.09621279598799426,0.02342963974449024,0.009320294627586451,0.9622274878037287,0.1915789036184439,0.0002619588906517428,0.009320294627586451,0.004492939522937745,0.1678500717475333,0.013351345680871683,0.0266695617629586,-0.030149720951867486,0.27053816352472976,0.006505694314486303,0.041516293599188736,0.9847776520667478,-0.06073872171026947,-0.019986496139779836,-0.0037479242262411496,0.021528161216041238,0.6898991685381447,0.9923434143529406,0.01191001073035262,-0.03944583576304674,0.18851602246646498,0.010235344173255966,0.012118612778726846,0.2557383409796619,-0.054365696744491536,0.8738713680879648,2.0134159196147246e-05,-0.043836634046856476,0.012350352133464595,0.022381607965202003,0.007758270610598944,0.1634286049855958,0.10689037678697404,-0.06415458035170711,0.015301203424319417,0.004417573437319156,0.034345172215193856,0.05336626424565633,0.1785899250073948,0.020311271812457014,0.041478813015852434,0.005236000058499964,0.005620087753275756,-0.06980449430475778,0.07879051042501961,0.008473427846477937,0.01115009039602109,0.010653531606160367,0.013415034286018564,0.030183232026248626,0.38971709298062107,-0.06420060854895093,0.0074108969531046865,0.8992966159313678,0.025063444685154455,-0.054365696744491536,-0.06073872171026947,0.009988644804124168,0.010673127550800205,0.01207280856370212,-0.016825566553644717,-0.06420060854895093,0.18950615169276977,0.012685623740704793,0.00615494218899503,0.7450374811871332,-0.06073872171026947,0.004578126645372636,0.5880599920590122,0.01191001073035262,0.018196262795689394
14,-0.0080866325746581,-0.055750485455800664,0.011653110491893229,0.010910036878794,0.9794031652906627,0.013855205882039005,0.0160822284972578,0.015169926954323143,-0.008176624112643565,-0.003350006039780387,0.0,-0.056042591823608226,0.008540687086143701,-0.06420060854895093,1.0,0.01722794732730949,-0.020945658700681997,-0.006117122893991611,0.02504615052226417,0.0034883213417363267,-0.04633219404810136,0.015517288631543918,0.010856998849806506,-0.014435440258659088,-0.04793636892605377,0.02107704138460752,0.019105849947795975,0.010892240463184223,-0.014638897376165647,0.0,0.017084419528021304,0.28064499284024125,0.005222974992932889,-0.06420060854895093,0.01900356506112957,0.013775632697032787,0.020149796836222447,0.005539591454345538,1.0,0.0,-0.06420060854895093,0.0018255477187407365,0.013391429243275793,0.01722794732730949,-0.06334243151504469,0.02579408221020931,-0.0007343118776219996,0.01722794732730949,0.011859327370789713,-0.0044987191112144595,0.012329190983461401,-0.012507274744618092,0.959257766107208,0.031539438067807325,0.005187075369732912,-0.0175316401940474,-0.06420060854895093,0.0,-0.003350006039780387,0.01981333963157559,0.019025333438041584,-0.04104487395526994,-0.059361610803579976,0.009954366863518705,0.018358345470077402,0.006958454330775984,0.006387250812159806,0.014420298879947467,0.004063256914749446,1.0,-0.059241782529430694,0.0057248140906628955,0.009657666495919736,0.004089493929916393,0.9053399356883202,0.005579976001682762,0.001697335142377293,0.004376406242409998,0.9794031652906627,-0.01309949874811332,0.018943561126213124,-0.007317403268768903,0.25122521790114344,-0.020928484861777417,0.01608645697294695,-0.01314517321001717,0.020149796836222447,0.008684037239532198,0.9845178682324621,0.20798101936350097,0.014401682528125452,0.010444564141252203,0.017812194769806323,-0.018071720608679478,0.13556453978131305,0.009183110290776276,1.0,0.007223254550177608,-0.061590368401963996,-0.00847219047632234,1.0,0.0,0.007041431162234453,0.0065508986998214745,0.0037518897933356654,-0.014278306934234972,1.0,0.02395285426047279,0.005144363602710077,0.02223317301986614,-0.04888256700463038,0.0,0.01954286223021287,-0.02625058538119898,0.009954366863518705,-0.004431563944885691
16,0.714729827249048,0.007154474345997626,0.07074876566939428,0.8190103789307596,0.015598896211480645,0.9715304461793145,0.9589431583650504,0.47121345333142484,0.46313129484340526,0.5674356271017613,-0.05830781980324876,0.009196533671396761,0.8525446498287278,0.010446780714920894,0.01722794732730949,1.0,0.6267544514221149,0.05528569329344875,0.07010906150173381,0.7691215129841035,0.3478903773545234,0.9620492722600709,0.8276662967517231,0.6285191263127027,0.009038365454655369,0.07941355594283263,0.8087420009171736,0.8163995258575781,0.6260405705625841,-0.059051430865877726,0.44028046332905957,0.011468665662749703,0.7932452177337472,0.009656339728945378,0.9809501975450129,0.8113363527983775,0.9282007410148629,0.544831522566872,0.02325861476861764,-0.05830781980324876,0.010446780714920894,0.4774741743860895,0.5896852376772319,0.9651913852634334,0.010591155380919171,0.07961597895112985,0.49040586188506513,0.9651913852634334,0.8277736008321858,0.3498064299582202,0.8890327868123373,0.6388429355462646,0.01809954786002182,0.056531251871501376,0.7826911308626435,0.01923658243881545,0.008871299895220518,-0.059051430865877726,0.446597623243901,0.009658913311442847,0.5442438850535709,0.025968389298201687,0.009656339728945378,0.8275567814647553,0.5154781541764994,0.114457539203412,0.8191793935083728,0.9683978838462992,0.1091050233494135,0.02325861476861764,0.012921036217168908,0.6240277958854007,0.47725370515430976,0.7972850328257476,0.021263728501247657,0.8049989745023312,0.12074945686295484,0.467645535595616,0.017869656192278958,0.5309550550321512,0.9191001218370415,0.6164815301392632,0.011652033011366403,0.044192846911157734,0.8551219043895404,0.5335837131034838,0.9282007410148629,0.7304203822906867,0.016408433132366954,0.018296535206513743,0.9497303528238453,0.8161729551164477,0.984121960076986,-0.0034245680117174064,0.04899223493649111,0.061881208741909055,0.01722794732730949,0.8391875375048768,0.015423198688099495,0.6194451759076987,0.02325861476861764,-0.059051430865877726,0.6313912520202888,0.7255734230745288,0.7932452177337472,0.45859332053341056,0.01722794732730949,0.09078600198726361,0.774544659926392,0.9100273592571134,-0.004308046248616892,-0.059051430865877726,0.9160405189687417,0.03515443649687374,0.8275567814647553,0.4451560436968867
17,0.5798373921904616,0.008117361995680864,0.054894263390567355,0.576158856050939,-0.02197133666894534,0.6193610698475236,0.6287479237729439,0.3133704312812312,0.38934160039417615,0.4880480892874218,-0.07033161930891645,0.01273441506632892,0.646975814999864,0.019585427257695884,-0.020945658700681997,0.6267544514221149,1.0,0.038807891622879155,0.05576836265827318,0.5220369313189521,0.38285740520086164,0.636218892845551,0.5640735883676509,0.4834644056960238,0.008319931281964012,0.050750027280951994,0.6019466906550548,0.5457553314913185,0.4813256046850166,-0.07128494208384703,0.29273353407191777,0.0028201413765008253,0.5287827774589338,0.018651650578544805,0.6262700208422272,0.6522969719272906,0.5853301649862268,0.5245105038642723,-0.007436163281674225,-0.07033161930891645,0.019585427257695884,0.31349906188079646,0.5569536174248727,0.6337223440870997,0.01680242846088364,0.05436408946603146,0.40705867487913505,0.6337223440870997,0.559688864299157,0.268172637423189,0.5780294750553927,0.6457287794291476,-0.010972493787786938,0.03798970213086101,0.5466536133885628,-0.004392342788051495,0.01772399096477817,-0.07128494208384703,0.4423460182538658,-0.007305916088800782,0.43601434007475154,0.023493981365566827,0.018651650578544805,0.5782766443946027,0.4412844956716582,0.09125019466255872,0.5622185500798718,0.6272300284039177,0.08584579652447738,-0.007436163281674225,0.016182609061033963,0.5968002266671366,0.4392972161501767,0.5320319214383133,-0.007468739988589714,0.5553241761272875,0.0808829564324144,0.3002835144099628,-0.017556251798755383,0.49350177602843603,0.5784912109445917,0.5375001532511244,0.005449590995809113,0.025238435918851942,0.6694793414145838,0.48521264401390674,0.5853301649862268,0.6137246619951742,-0.02146318203252216,0.010034893794521497,0.6125042125774591,0.5738213510304319,0.6240421977108799,-0.02288985937565637,0.027795500387516808,0.044345604160753845,-0.020945658700681997,0.5735957227569416,0.022423661118003393,0.5456026818473153,-0.007436163281674225,-0.07128494208384703,0.6122946149278967,0.599912890225355,0.5354927403224209,0.5097943566170414,-0.020945658700681997,0.05715033384445837,0.5356006347385486,0.5763874974332048,-0.0047629804316134386,-0.07128494208384703,0.5808477849782121,0.021854315885555246,0.5782766443946027,0.3796520838662895
18,0.05181220190997628,0.3462308266914987,0.6413550869109107,0.03890241663622699,-0.0034567804026002687,0.056563225750738,0.056563225750738,0.15741897036356484,-6.252263011872275e-05,0.06808848371521371,0.0,0.33667789194290837,0.04775552301770551,0.3557103935224598,-0.006117122893991611,0.05528569329344875,0.038807891622879155,1.0,0.5084096326411128,0.03171970510024708,0.03160277095464109,0.056166587941720324,0.03957074353750812,0.11440899984200084,0.34339331285385916,0.39954371407811984,0.03440033890907816,0.03669087266234897,0.11312422396930882,0.0,0.08644303615129992,0.07176103527046253,0.03101836160341194,0.3557103935224598,0.061085879896134995,0.05706774604742581,0.05925354166548929,0.044725925387974576,-0.006117122893991611,0.0,0.3557103935224598,0.1546504982721336,0.07427578545655356,0.05528569329344875,0.3493220284254729,0.44038451410412854,0.0005469959711588638,0.05528569329344875,0.03811640200259033,0.3042195898089623,0.0485551577329167,0.05642411980056293,0.0003367854572039225,0.5900256589533097,0.030627871620906695,0.12787027512430746,0.3557103935224598,0.0,0.06808848371521371,0.053016060037338206,0.025278158439905257,0.42181632270927705,0.3620796143943288,0.037806454104294646,0.00013611358041807115,0.3900489806640562,0.0350075874065894,0.053942073080245886,0.5794519178801973,-0.006117122893991611,0.3267509578153023,0.04625349691817525,0.007510127941093976,0.031657447455832884,0.025494979861009306,0.03365064051145445,0.4256408712179733,0.18645352823757577,-0.007472669413493875,0.005187867808959672,0.05745227626904412,0.04809096512577671,0.14166849276411805,0.34757278845317674,0.05096314833311831,0.04358228860486191,0.05925354166548929,0.03215476443969815,-0.002754063696647572,0.08789178009524679,0.05441249272698303,0.03818368718252025,0.05925354166548929,-0.005770217737110581,0.07687322680481326,0.7879244233994532,-0.006117122893991611,0.03392554429638616,0.3364868439732911,0.018363924924126668,-0.006117122893991611,0.0,0.03905769920819274,0.028760538338496993,0.03101836160341194,0.04134792206411671,-0.006117122893991611,0.40457811131381616,0.03138140133176895,0.055174848438264666,0.30118503753493103,0.0,0.05834903896098808,0.49311753557029053,0.037806454104294646,0.013197559108852638
19,0.06185814478645306,0.20601458271299633,0.5119803323610395,0.05314323541932317,0.02322118464775076,0.07392312198188265,0.07613992736659418,0.23074386357085194,0.008214623334350604,0.07799315463228157,-0.06603530196083689,0.1818482860580879,0.06059768354927303,0.20762310778748622,0.02504615052226417,0.07010906150173381,0.05576836265827318,0.5084096326411128,1.0,0.03618080222577703,0.04041495432637239,0.07644637338139507,0.047372002823645544,0.1261553354543792,0.1780153211745404,0.6422588396908331,0.036539916722969544,0.045691237011134304,0.1251166548886314,-0.06691881868267172,0.11345260162253039,0.1786280595068937,0.03809284040092252,0.20601458271299633,0.07324204241383603,0.06359719678077709,0.07064835972585151,0.061128981491638076,0.03320929199699161,-0.06603530196083689,0.20762310778748622,0.248990059349415,0.06277865454714118,0.07563858014411641,0.21139715823864297,0.7650754273659446,-5.953014912038268e-05,0.07563858014411641,0.04652893042550937,0.3981762478274087,0.052784899618624447,0.06300453606680485,0.039368967190789465,0.7985446584898592,0.03783507345739721,0.14778989470653472,0.2087052995068623,-0.06691881868267172,0.11078442329346141,0.12128930547353405,0.036937890041432296,0.28374660279484853,0.21032129655369658,0.05164902497619729,0.009722363288495654,0.6467988476838078,0.04107189806182347,0.06905560344196084,0.5992886455753146,0.03320929199699161,0.1581769926681066,0.044593994499213044,0.01960242443504488,0.03892915866598908,0.06348134044479216,0.04088786840832776,0.5675018757491156,0.2699024673341556,0.02322118464775076,0.016601827445622743,0.06684734927737933,0.057100315743387996,0.2552314909142266,0.3564009603919902,0.07466865402214025,0.05029034222646256,0.07064835972585151,0.037205543497208386,0.024128674134454887,0.22467928957890465,0.06649741580070048,0.05248056475899296,0.07294686875159898,0.00863163688253608,0.26397228978978526,0.4574634814148714,0.02504615052226417,0.040419096259879744,0.18678795666297215,0.0266070349696306,0.03320929199699161,-0.06691881868267172,0.041738364113257743,0.03851681633137916,0.03809284040092252,0.06264032766465924,0.02504615052226417,0.6764405518687859,0.03840344569238014,0.06849793865921693,0.1535501440144538,-0.06691881868267172,0.06759879933781289,0.24427660816933386,0.05164902497619729,0.02809632329861628
20,0.6549553851869249,0.007754832230691781,0.035490858563469785,0.8724574326451049,0.0023268175993920014,0.7775151924117537,0.7552172877433172,0.39433588723167323,0.5409724088745355,0.4513746591087143,-0.042349495578527775,0.01010263603449638,0.7634527757975611,0.010163384597153899,0.0034883213417363267,0.7691215129841035,0.5220369313189521,0.03171970510024708,0.03618080222577703,1.0,0.2884525557754599,0.7469258096930125,0.8232958335253379,0.5364523729046989,0.008505137378650204,0.04427911067583327,0.7612066695489595,0.8405908772921021,0.5388317246489172,-0.04277729566032183,0.4057078299084218,0.005428888410210489,0.9462435159748388,0.011281550105783791,0.7524987415291595,0.701379714293297,0.761177813410576,0.45451435700243537,0.008320538712289558,-0.042349495578527775,0.010163384597153899,0.38515306972468233,0.502886071112318,0.7496853855221806,0.011737112989475385,0.03810927610545629,0.5634622031883156,0.7496853855221806,0.8463091594038594,0.2518484658964396,0.9067450663852307,0.5772193799795663,0.005566623427533512,0.028658218611744144,0.9658089812620476,0.009120988699061928,0.01062037796215632,-0.04277729566032183,0.3424994452010712,-0.000935974325600067,0.5455830566265669,0.01860602880090039,0.009507879127667342,0.8753634193603811,0.4816626622135784,0.06131915162616691,0.9080636340029316,0.7859061669977571,0.06266139539857311,0.008320538712289558,0.013611759653557003,0.5556055880596464,0.4099124994605388,0.9506633032908844,0.009759294095177565,0.9230994721668812,0.06767051108712518,0.37670667229940175,0.007004048267720022,0.5346055571548153,0.7750925950206091,0.5713700886739471,0.004946297613227304,0.02477767814321509,0.7276133874442829,0.49278581083162326,0.761177813410576,0.6856108399245671,0.0014060089432533973,0.007958612571607548,0.7860285099778368,0.8754041940836942,0.7608134974693659,0.011842917140147909,0.0315695902620004,0.03479710869203392,0.0034883213417363267,0.899054739098995,0.013976859446359145,0.6227933386318586,0.008320538712289558,-0.04277729566032183,0.5538345499828878,0.707043133232342,0.9551003020981137,0.3605038836095512,0.0034883213417363267,0.049058222243465885,0.9201766231211272,0.7834930548586141,0.004933971506517941,-0.04277729566032183,0.7723010457815301,0.022762539743558966,0.8753634193603811,0.4521755450027227
21,0.38500052055738854,0.03515347381660214,0.023463339518593352,0.3161205274224155,-0.04702285061528732,0.34282151039803854,0.34282151039803854,0.17959857300018325,0.23960612324902422,0.29855828435474263,0.0,0.03822979459751735,0.35366803801259816,0.036522581133277804,-0.04633219404810136,0.3478903773545234,0.38285740520086164,0.03160277095464109,0.04041495432637239,0.2884525557754599,1.0,0.3504412310767458,0.33019795435769567,0.25768714445330476,0.04128540732433251,0.026511447895880967,0.3247206994327264,0.3204094386240544,0.2555469150749471,0.0,0.14136174875064245,-0.0051787849785992655,0.27535940938331377,0.036522581133277804,0.3498183089575509,0.3711815428071297,0.34473145292922575,0.3197038229280231,-0.04633219404810136,0.0,0.036522581133277804,0.16797556097577265,0.32617913642050705,0.3478903773545234,0.0379884975919396,0.021728001745474488,0.2309727855459367,0.3478903773545234,0.33075551548078896,0.1507371887421033,0.3084068059605351,0.3444944486829745,-0.046497986211297214,0.02785619642824138,0.30946797761071226,-0.014596976539743638,0.036522581133277804,0.0,0.2347297965001966,-0.010230354001083467,0.2580889684304595,0.055776468729662965,0.035070271344656546,0.3155775270952057,0.20319149886706128,0.039066792634946924,0.3166542354498283,0.3352997270691048,0.05281848794622134,-0.04633219404810136,0.042834515862612554,0.33331005881637954,0.2078980747741452,0.27759925881180547,-0.034975550953454886,0.311853224237459,0.049402302607087084,0.17058476061665737,-0.04447937368019931,0.26409853897677665,0.33968843249216635,0.2915334530230884,-3.9293997718787665e-05,0.04123199942609025,0.3415780727278491,0.256035200630253,0.34473145292922575,0.3334132941876187,-0.04668177622931373,-0.0014869174917769314,0.3453504835342341,0.3137174875111297,0.34473145292922575,-0.011056282302601833,0.00011371123721749173,0.04040926287010053,-0.04633219404810136,0.3214961639918698,0.03515347381660214,0.30258923945934063,-0.04633219404810136,0.0,0.35700503251286975,0.3168692871580253,0.28031857095754853,0.3502971201969627,-0.04633219404810136,0.03445012521125426,0.2843768371578512,0.3303391016853351,0.042468658675717065,0.0,0.3422044829049452,0.03884152278487064,0.3155775270952057,0.16165721062692728
22,0.7035454679669088,0.006135952502556959,0.07372073973337087,0.8130828684230601,0.013918363330845082,0.9652056678261727,0.9904354532003211,0.46807143993678063,0.45853241807207135,0.55656155931189,-0.059865488278000915,0.008078524171790042,0.8701396179085888,0.009525461195998522,0.015517288631543918,0.9620492722600709,0.636218892845551,0.056166587941720324,0.07644637338139507,0.7469258096930125,0.3504412310767458,1.0,0.8102551389515308,0.6227209582684088,0.007856291415231908,0.08628310658600809,0.812839251578481,0.7934754071290896,0.6202541485899769,-0.060638314372620225,0.44328094534215456,0.01269561278355382,0.7891715947741147,0.008726042569539938,0.9620180717033995,0.8238284848394818,0.9097770916797641,0.5433695765711007,0.024806277096741308,-0.059865488278000915,0.009525461195998522,0.48150626819939113,0.5834593013553531,0.9968055137436942,0.009731011829314455,0.08638253793196263,0.493576198540738,0.9968055137436942,0.8046813550092902,0.3604487238471949,0.8847136961133153,0.6424633909706633,0.019570113699262152,0.06208140906044863,0.7713342041317055,0.01950532602477189,0.007932074863546842,-0.060638314372620225,0.44973385647888436,0.0097233647546245,0.5408369762764419,0.0264950437900477,0.008726042569539938,0.8216004752499025,0.5098842134126007,0.12252270850730498,0.7962021022805533,0.9558293707051817,0.11392279250533364,0.024806277096741308,0.013209305060513075,0.62337918902677,0.4712587299248149,0.7932006004089763,0.022948430304359023,0.7934754071290896,0.12649803565355092,0.47156786547815677,0.0161690824262573,0.5304584883411025,0.9007750782250682,0.6059877980446152,0.01110204925572821,0.04748642182824989,0.8727754927310019,0.5282745476560713,0.9097770916797641,0.7245254403622078,0.014712845131254582,0.019913199951750903,0.9434549293924371,0.8102551389515308,0.9651774175619425,-0.005935745744714328,0.05179339739694672,0.06279740089963003,0.015517288631543918,0.8159163278073562,0.01461846209657716,0.6189892054961287,0.024806277096741308,-0.060638314372620225,0.6305631503104929,0.7251841594640979,0.7891715947741147,0.4704092326770968,0.015517288631543918,0.09799694074740334,0.7577499507099474,0.8978128082727339,-0.003265465418941079,-0.060638314372620225,0.8977367502194703,0.03569919866698779,0.8216004752499025,0.4447757832218588
23,0.703320395133253,0.0024296067554651344,0.03914910952101712,0.869168386561089,0.00941255252211942,0.8306176634738827,0.8074781037592376,0.41117569225318684,0.5426063466408003,0.5038021897866214,-0.04900318377053519,0.004578031777813374,0.787616209802678,0.005081458151605264,0.010856998849806506,0.8276662967517231,0.5640735883676509,0.03957074353750812,0.047372002823645544,0.8232958335253379,0.33019795435769567,0.8102551389515308,1.0,0.5366250193558358,0.004638503374083698,0.052328225289174475,0.8174033095221641,0.9687959276432755,0.5390362526971032,-0.04956549435864416,0.4168579098909235,0.005277408573568737,0.8681730567634464,0.004399190351601134,0.8160764601491841,0.7873662865558142,0.8658174481128038,0.4791199287200448,0.01531155842860978,-0.04900318377053519,0.005081458151605264,0.3860419164285528,0.5486682340174791,0.807426757979849,0.005018426649124915,0.04811277561722372,0.5563789377181183,0.807426757979849,0.9749871889535598,0.2736269305320329,0.8978680530378262,0.6327603972040773,0.010687734480923045,0.03605234566067936,0.8489927230993786,0.0047959394202928204,0.0037220623014941386,-0.04956549435864416,0.39169731309988626,0.002624676756338539,0.5721179437370719,0.02091732289508662,0.004399190351601134,0.8720664672967805,0.45932691955577765,0.07806597883500122,0.8692518239114811,0.8335284515531152,0.07159376992981903,0.01531155842860978,0.011559029137729535,0.5996755258072889,0.44629290892403195,0.8724053508316204,0.012832390512259989,0.8722295946321205,0.08120427723039561,0.38909138837633633,0.01540573500469951,0.5449569587458526,0.8688407312511831,0.5917159202575226,0.007054404730230045,0.031013563816777112,0.7900621330116422,0.5112983925646453,0.8658174481128038,0.702866248436553,0.008194981632078418,0.010143009392868616,0.8278858233941311,0.8662478909291274,0.8247627325007043,0.015469405674480258,0.036749511550146254,0.0427163252446097,0.010856998849806506,0.8779892431109559,0.0071591596332428,0.629144118681359,0.01531155842860978,-0.04956549435864416,0.5876649079508655,0.703320395133253,0.8681730567634464,0.3843672381941003,0.010856998849806506,0.06230467577011627,0.8175348438644192,0.88366700193639,-0.0027150485512900694,-0.04956549435864416,0.8717725258521994,0.027104906766144243,0.8720664672967805,0.4323631466270131
24,0.49199573422296494,0.09493858450370621,0.15429231327010695,0.5435936284845956,-0.01533540722642027,0.6109921079767311,0.6255369279984027,0.5424616823281259,0.4019416289914483,0.45364938016859785,-0.062280295978580605,0.0953829995269026,0.6026381711687953,0.09954019059949841,-0.014435440258659088,0.6285191263127027,0.4834644056960238,0.11440899984200084,0.1261553354543792,0.5364523729046989,0.25768714445330476,0.6227209582684088,0.5366250193558358,1.0,0.09207661641621881,0.1392046479207917,0.512413162752648,0.5326267876034255,0.9967866642711242,-0.06309751909552294,0.43431061769052565,0.033485276476398255,0.5890625099118144,0.10176913071074428,0.6333132140285996,0.5947294184369865,0.5920375923986739,0.5285380728557114,-0.009106685935136012,-0.062280295978580605,0.09954019059949841,0.5514775155492664,0.5147318135389837,0.6253638822845294,0.10278847006354223,0.14314741221545654,0.32823935400412624,0.6253638822845294,0.5369648163368378,0.4834926158458055,0.6271713735360405,0.49945130381141384,-0.0073916059886888815,0.12399399935210265,0.5240082554367845,0.054501738191938896,0.10400024366898497,-0.06309751909552294,0.3367115275694774,0.003767834230676388,0.4663935620607928,0.10049419537345655,0.09834262315622683,0.5504398502295106,0.4210466652298354,0.20538955069741588,0.5488181526042777,0.6288509866810315,0.18632233642288037,-0.009106685935136012,0.08035303886564582,0.42302388297172255,0.4619632182792744,0.5925213398867998,0.01113608250368622,0.5372975635400896,0.18573608968514274,0.5550890169852076,-0.012204646848804115,0.3766996650599136,0.5850659957282159,0.5023647399820282,0.024485416518501547,0.06656866356958921,0.603933567009284,0.5628686625110331,0.5920375923986739,0.5229926301400251,-0.016413548667238025,0.04614696111456772,0.5891257358491263,0.5413223208889013,0.6309969291985463,-0.020187236889067588,0.061475662614722204,0.12736010996213884,-0.014435440258659088,0.5601451605242218,0.1031694354217059,0.45626704331976464,-0.009106685935136012,-0.06309751909552294,0.4984268016263892,0.5336491045195219,0.5890625099118144,0.3908051677214616,-0.014435440258659088,0.15449415988179874,0.5596909709360154,0.5877806344691073,0.07609177022637473,-0.06309751909552294,0.5825236759221112,0.09567719066489748,0.5504398502295106,0.43360578592730303
25,0.009579764884957591,0.8874160107856917,0.3640887335851545,0.008898760590670565,-0.05407304643855915,0.011045743199111247,0.009958434804520537,0.056269393794129985,0.014272789045141692,-0.029986942881782032,-0.055693178684007395,0.8728705494273973,0.012813940994996408,0.8628277698447265,-0.04793636892605377,0.009038365454655369,0.008319931281964012,0.34339331285385916,0.1780153211745404,0.008505137378650204,0.04128540732433251,0.007856291415231908,0.004638503374083698,0.09207661641621881,1.0,0.129556252181854,0.0023102469334123662,0.0036183635390854446,0.09148342955341394,-0.05608204249461557,0.051314747020072424,0.08651598622913315,0.010679261921975075,0.8557043480555158,0.0071549414084101605,0.02069299386175387,0.004147849298030528,0.01692976035155431,-0.04106248764121648,-0.055693178684007395,0.8628277698447265,0.07844878125898878,0.018835789329844137,0.007678647426093675,0.8573339826097637,0.16756789377858772,-0.00014192801427123967,0.007678647426093675,0.004118194928002358,0.14325041172050937,0.013633468347009278,0.021517133184807274,-0.021047788661885444,0.23336934573159243,0.00452505587756162,0.04427724117932472,0.8486730932032982,-0.05608204249461557,-0.023967440055569066,-0.00595956277710062,0.022634273966018668,0.6209116219898124,0.8715348910133228,0.009381363249939096,-0.040223691585158726,0.16849542968644826,0.007970311689682479,0.010857141708207374,0.2431507279547332,-0.04106248764121648,0.8742117639252859,-0.001987064047469047,-0.0461866082529599,0.01091846770855042,0.034033628046531726,0.005560766088608425,0.15164474166818118,0.08746920780225316,-0.04800739070656338,0.008740634480642434,0.0034417561524843175,0.031474184788120765,0.03894592573297412,0.16115917338850844,0.01847953389268944,0.03325343572964421,0.004147849298030528,0.004092645440229533,-0.054084695203542574,0.06397755177921292,0.007312289221545658,0.008740634480642434,0.009219283012551004,0.019586484825172196,0.024145988150260256,0.3771905835632489,-0.04793636892605377,0.004906436862607324,0.8361614725735855,0.017709531270140296,-0.04106248764121648,-0.05608204249461557,0.006817675424581733,0.007147833941224866,0.010679261921975075,-0.02236422429876686,-0.04793636892605377,0.16572576443655684,0.009099104036942291,0.005285946965054202,0.783855021570101,-0.05608204249461557,0.0035802307356840044,0.60539748263714,0.009381363249939096,0.016917504754370257
26,0.05572414226399049,0.13799764463665107,0.4183067755736501,0.05981846107968767,0.01943168068514142,0.08300689279470377,0.0857664253618277,0.22785872723091205,0.011031332606272853,0.09403602100594444,-0.05830781980324876,0.1290985617690563,0.0645875665831293,0.13586280990499208,0.02107704138460752,0.07941355594283263,0.050750027280951994,0.39954371407811984,0.6422588396908331,0.04427911067583327,0.026511447895880967,0.08628310658600809,0.052328225289174475,0.1392046479207917,0.129556252181854,1.0,0.032916171672810954,0.05185496462707818,0.13809169779492372,-0.059051430865877726,0.12170389057336187,0.11366026705610426,0.03793215635298982,0.1345520931882055,0.08489511456855531,0.05858896330730118,0.07894816122701655,0.06612392094712495,0.03139239859985259,-0.05830781980324876,0.13586280990499208,0.26654631817496965,0.07029537011373192,0.08540830135483353,0.1388113150080163,0.6666811185805972,-0.001441119186655737,0.08540830135483353,0.05458025247193148,0.4016576110153883,0.05578363777278627,0.06227376193298382,0.03804973074906444,0.5365535271473559,0.04661559106454114,0.17477420871170615,0.13668032973015332,-0.059051430865877726,0.09952521820647808,0.13933099941517013,0.03321615318083591,0.17793157066067916,0.13799764463665107,0.05850034798180478,0.02424016395544546,0.6327101696830462,0.05060823923841455,0.07808999082652288,0.5889910142869481,0.03139239859985259,0.10426830234704731,0.051366256873137145,0.037460321069174025,0.03879642029561461,0.05629587212790055,0.047049042547150755,0.656163242375099,0.28860580762226684,0.01943168068514142,0.014866622887210818,0.07679311198212117,0.061288656885898046,0.1758860229293213,0.30142838641285535,0.07901537232225721,0.05155457629252505,0.07894816122701655,0.041732401817203814,0.020249336731311837,0.15845076434761934,0.07513744795713224,0.059098275841460005,0.08230878861812375,0.008838241550668327,0.252990814379876,0.36820052258457997,0.02107704138460752,0.04876065716572027,0.12268045977165505,0.024354936367840672,0.03139239859985259,-0.059051430865877726,0.04756936759639613,0.03910257202055281,0.03793215635298982,0.07425149014882183,0.02107704138460752,0.589920068826799,0.048341143478770415,0.07629520382899603,0.11557492283012762,-0.059051430865877726,0.07761644363126563,0.16733498944872147,0.05850034798180478,0.028726482929590333
27,0.6483820828334742,0.0002018447183413879,0.034032924722800444,0.784902336132353,0.017488022392826985,0.8170541778688933,0.8087971755595247,0.35489018654166204,0.45930792602886156,0.4956827814955241,0.0,0.0004499662320721439,0.7961560776530806,8.094442731112308e-05,0.019105849947795975,0.8087420009171736,0.6019466906550548,0.03440033890907816,0.036539916722969544,0.7612066695489595,0.3247206994327264,0.812839251578481,0.8174033095221641,0.512413162752648,0.0023102469334123662,0.032916171672810954,1.0,0.7929091341523476,0.5091969850257397,0.0,0.4110020811572827,-0.0007059725339933178,0.761406081371783,8.094442731112308e-05,0.796340834036459,0.7550175583509473,0.7964007833693325,0.4564256600103072,0.019105849947795975,0.0,8.094442731112308e-05,0.3690390494095761,0.5330987130740207,0.8087420009171736,0.000978535396125687,0.029429828163893862,0.5429128945690148,0.8087420009171736,0.8092111588534846,0.26685240563937684,0.8134878809788931,0.5824673783693693,0.014869335776160337,0.029234641099823704,0.7809939415282511,-0.002857640034490783,8.094442731112308e-05,0.0,0.38457227145761175,-0.00521976908837692,0.511702720311148,0.015696992691938742,0.0017499579579937378,0.7767794197871815,0.49712367149994247,0.06719528878249917,0.7930616789284871,0.8130000848406276,0.0642712829976361,0.019105849947795975,0.0005772092555380354,0.6141134151121482,0.42824521763008044,0.7574139114505783,0.018062309156967302,0.7850054739946007,0.06380915710410284,0.34602690647306955,0.019612589727921514,0.5615896452769841,0.8046560925926627,0.5669985376341966,0.003215697532022172,0.004467669194412765,0.8169478613239276,0.48177822443048257,0.7964007833693325,0.8422061377685369,0.018291922112009397,0.001052676199501361,0.8211724716422354,0.7808897290381771,0.8045993401554047,0.06132186887542342,0.015195463165701337,0.040018550031987996,0.019105849947795975,0.8093539172752477,0.005453531731798892,0.7253626822305723,0.019105849947795975,0.0,0.6318808299467878,0.8465923821816296,0.7534810464216557,0.43262710076008337,0.019105849947795975,0.036091588689285414,0.7376467810349906,0.8130522021512803,-0.006508355251618,0.0,0.8005239645280888,0.021406716149952685,0.7767794197871815,0.44983956615976356
28,0.6825708199527736,0.0013959149976783916,0.037178605951326764,0.857579357765681,0.009462803276638827,0.8193266777998249,0.7963766314297211,0.40545378266701493,0.5336052006963274,0.4956239165622415,-0.047097728457468915,0.003529721192661361,0.77110210860129,0.003927706374616825,0.010892240463184223,0.8163995258575781,0.5457553314913185,0.03669087266234897,0.045691237011134304,0.8405908772921021,0.3204094386240544,0.7934754071290896,0.9687959276432755,0.5326267876034255,0.0036183635390854446,0.05185496462707818,0.7929091341523476,1.0,0.5350202767597133,-0.047621840894531586,0.41695747721473436,0.0051498411592434835,0.8852506103070102,0.003268796285543079,0.79923093817107,0.7713139656357698,0.8600964532168386,0.46250725286628225,0.014142779652288278,-0.047097728457468915,0.003927706374616825,0.3824651223494593,0.5259519961384466,0.7963264984135496,0.003838086524851242,0.04633430071966979,0.5632297742261367,0.7963264984135496,0.9812262413615429,0.26449246208018573,0.89791337050227,0.6184951515042523,0.009627838973341999,0.035067468210581494,0.8607234804957448,0.00710602230188581,0.0026149875993524405,-0.047621840894531586,0.37673638776791063,0.0012955012394082345,0.5517493719844986,0.019112962369317983,0.003268796285543079,0.8604550655565494,0.4601473278689098,0.07366452404332433,0.8635001472695273,0.8222140423176336,0.06792500212160954,0.014142779652288278,0.010538765411066332,0.5806527582679557,0.44313992663832114,0.8895250985564069,0.011605923172650542,0.8664644030668597,0.07866320600140204,0.3855553064497953,0.015317540802267333,0.5314302589241948,0.8689773057899416,0.5680164928307201,0.00626667781259065,0.02983715067467092,0.7735164048745581,0.4982847585756978,0.8600964532168386,0.6821222260271959,0.00828378632209843,0.009722048510374792,0.8166154671602612,0.8605109492768365,0.8078186073990022,0.015279129621853562,0.036771722517455106,0.03978179423178666,0.010892240463184223,0.8722041266281819,0.0059350990785024165,0.6145403837799343,0.014142779652288278,-0.047621840894531586,0.573735920963506,0.6825708199527736,0.8852506103070102,0.37813336498481587,0.010892240463184223,0.05840190111120133,0.8290566233145763,0.8778644316013337,-0.003482237557283012,-0.047621840894531586,0.8719072229061732,0.025281133936297485,0.8604550655565494,0.41220481940359993
29,0.4898253532695819,0.09431134705039612,0.15324703214467575,0.5460197483124726,-0.015525619099599586,0.6085517334587509,0.6230643039956498,0.5391372270828945,0.40400007598639254,0.45158406450202565,-0.06209967651207101,0.09476952540089452,0.6002154539965024,0.09889410716087065,-0.014638897376165647,0.6260405705625841,0.4813256046850166,0.11312422396930882,0.1251166548886314,0.5388317246489172,0.2555469150749471,0.6202541485899769,0.5390362526971032,0.9967866642711242,0.09148342955341394,0.13809169779492372,0.5091969850257397,0.5350202767597133,1.0,-0.06291362079307737,0.43134124533707696,0.032898795365516036,0.5926064710318082,0.10111141796534631,0.6308239119176803,0.5912592239069904,0.5896392380706811,0.5262896166832847,-0.009371731208851401,-0.06209967651207101,0.09889410716087065,0.5491683526590724,0.512516007969677,0.622891432880843,0.10212283086947835,0.14203359867609236,0.33087797576061484,0.622891432880843,0.5393717534210174,0.4813442588092195,0.6235957731212453,0.4962906533598765,-0.007672951152680135,0.12299435568039636,0.5263750100922906,0.05377838997273163,0.10333093677351624,-0.06291362079307737,0.33496280728954003,0.003433267314819399,0.46332189861865086,0.09942758028579352,0.09770016126873764,0.5528830182952943,0.42333615620871295,0.20404470542276615,0.5512470948562499,0.626372125054977,0.18509402817898396,-0.009371731208851401,0.07956008192690302,0.421027711190273,0.45988037465164383,0.5960764050006145,0.010733820790928224,0.5397002970706506,0.1844605086316702,0.5527721265900931,-0.012439173884452719,0.3787683884804224,0.5826830849405618,0.5001688286809253,0.02376518660058001,0.065808414183872,0.6015071237911136,0.5653644875668558,0.5896392380706811,0.5254394839121512,-0.01658823700829002,0.045473286219180994,0.5867335603891213,0.5437427583445426,0.6285129378351575,-0.02004927557337101,0.060701856973249424,0.1260102447925899,-0.014638897376165647,0.5626045206386251,0.10251239483338685,0.45853244087807027,-0.009371731208851401,-0.06291362079307737,0.5009120932241576,0.5360981214888916,0.5926064710318082,0.38894274217571123,-0.014638897376165647,0.15333463187272436,0.5621206251213254,0.5853918894447502,0.07555196911010889,-0.06291362079307737,0.580146311438722,0.09470188329943251,0.5528830182952943,0.4357526050290019
30,-0.05677834181499838,-0.061123956783358094,-0.07983043857038796,-0.04980447729804579,0.0,-0.05844195359492132,-0.060049781988156435,0.0,-0.03532866211609276,-0.06927430163513504,0.9868512643351744,-0.05743182947108259,-0.060246833270023274,-0.06073872171026947,0.0,-0.059051430865877726,-0.07128494208384703,0.0,-0.06691881868267172,-0.04277729566032183,0.0,-0.060638314372620225,-0.04956549435864416,-0.06309751909552294,-0.05608204249461557,-0.059051430865877726,0.0,-0.047621840894531586,-0.06291362079307737,1.0,0.0,-0.041715999432634335,0.0,-0.061123956783358094,-0.05985185733499559,0.0,-0.055925630827866356,-0.07527261157400703,-0.07968522714355801,0.9868512643351744,-0.06073872171026947,-0.03899892636142859,-0.07285988383743607,-0.06044301084932491,-0.06187669169893941,-0.06506206069616076,0.0,-0.06044301084932491,-0.04860074108589732,-0.05985185733499559,0.0,0.0,-0.07936725887017494,-0.0739485162827607,-0.045621407061949976,-0.046126860994816166,-0.061503250939827565,1.0,-0.06866630385862653,-0.04687835370936331,0.0,0.0,-0.061123956783358094,-0.05051614317490142,-0.06418237389888246,-0.0652353302656196,-0.04835734407126614,-0.05823705127736091,-0.07607185851042374,-0.07968522714355801,0.0,-0.06160170721037059,-0.07195807062891488,0.0,-0.0789347004479003,-0.047621840894531586,-0.06506206069616076,-0.04330250986360145,0.0,-0.04956549435864416,-0.0548401381090314,-0.05417838016709604,0.0,-0.06835678717098764,-0.06272884176124363,-0.055494048283792397,-0.055925630827866356,-0.05925284613054019,0.0,-0.02967733029758763,-0.05698934199281191,-0.04956549435864416,-0.05925284613054019,-0.04980447729804579,0.004996102073684282,0.0,0.0,-0.05004257934998805,-0.059546467642903764,-0.05260372201123953,-0.07968522714355801,1.0,-0.06788565032557256,-0.05677834181499838,0.0,-0.07903175289928643,0.0,-0.06471285097961707,-0.04382411311840411,-0.05417838016709604,-0.06073872171026947,1.0,-0.05505897988544697,0.0,-0.05051614317490142,-0.03927476125724618
32,0.3733870223108276,0.04974924361237829,0.11154363823324154,0.4170540287653774,0.017251423391618715,0.4403343758295853,0.44639918172427734,0.423920928286184,0.23351533801925506,0.3419239034422967,0.0,0.049031127940107014,0.4132305720104415,0.04885829423720125,0.017084419528021304,0.44028046332905957,0.29273353407191777,0.08644303615129992,0.11345260162253039,0.4057078299084218,0.14136174875064245,0.44328094534215456,0.4168579098909235,0.43431061769052565,0.051314747020072424,0.12170389057336187,0.4110020811572827,0.41695747721473436,0.43134124533707696,0.0,1.0,0.03933383565742729,0.4058741243286636,0.04885829423720125,0.4493130497317788,0.42447603848249116,0.44936715737711025,0.2480347303714296,0.017084419528021304,0.0,0.04885829423720125,0.40364930575117036,0.3300387599404293,0.44634585344553845,0.049985893914107106,0.13722709306386904,0.21211116053724033,0.44634585344553845,0.4169080707143771,0.34669246422447,0.45000559915439714,0.3508809293138385,0.016204766945427194,0.09603058074187558,0.3968654402009444,0.03231084216791236,0.04885829423720125,0.0,0.42694412975729545,0.01324754823223686,0.321065276119139,0.06309387244252476,0.05022118666869308,0.41700612977327794,0.28125784392739034,0.1796176242345964,0.40543540720531845,0.437397300848776,0.16263862730413464,0.017084419528021304,0.04992524543823183,0.3587977665372798,0.263374746470569,0.40296522809987867,0.027662511222943144,0.39398189453497273,0.17779423507562453,0.40905053496528004,0.018833283324720063,0.2028553474239686,0.44333492772801025,0.3279690355507401,0.03332468535514425,0.10343706337159077,0.4282170265055309,0.30284649695556815,0.44936715737711025,0.35991715120014806,0.016392599710813742,0.043508938374442495,0.4372903555699769,0.4141457591887323,0.44936715737711025,0.024143069244662644,0.10562827816446362,0.11347222473457844,0.017084419528021304,0.3996154740703246,0.05227241310092998,0.2903007227351988,0.017084419528021304,0.0,0.293251886189132,0.3574453996682876,0.4001070059148194,0.23220222559998718,0.017084419528021304,0.145858637673386,0.4174512682225541,0.4495764379575972,0.043504936821952875,0.0,0.44634585344553845,0.0504743318341415,0.41700612977327794,0.23119651888005754
33,-0.0014931204322705702,0.1043170161738272,0.1652095346402986,0.008736035960469242,0.28559410606310986,0.010312552918095312,0.013487622366936574,0.03757291365161014,0.0019328928497062774,-0.0009055112847875607,-0.04130947958242773,0.09345532823265658,0.006299241887423986,0.10543353162229117,0.28064499284024125,0.011468665662749703,0.0028201413765008253,0.07176103527046253,0.1786280595068937,0.005428888410210489,-0.0051787849785992655,0.01269561278355382,0.005277408573568737,0.033485276476398255,0.08651598622913315,0.11366026705610426,-0.0007059725339933178,0.0051498411592434835,0.032898795365516036,-0.041715999432634335,0.03933383565742729,1.0,0.0012817395516143929,0.1069493818416285,0.012075045685413566,0.0016258726559100392,0.00865481106462887,0.005273263566981831,0.3575176909409728,-0.04130947958242773,0.10543353162229117,0.08469221461899944,0.015476308655784412,0.01329822002269009,0.10734168921396285,0.17546890944242546,-0.0011479346693733803,0.01329822002269009,0.0048506649169767,0.11332529990096635,0.0011402620199409085,-0.0004774210325079201,0.3807173837467952,0.19665421950806833,0.004326227064342343,0.00862916272850146,0.10582728929966685,-0.041715999432634335,0.013209288831899287,0.04048933247931681,0.005521873197149477,0.09229450832298751,0.1069493818416285,0.008090467679141712,-0.005182117041286325,0.1527835534571907,0.004567485568220413,0.009936381858299558,0.13932466196313892,0.3575176909409728,0.04798072129735539,0.0018924693597461588,-0.005221061302638169,0.0010081244690453102,0.4022378302394757,0.004437793434561946,0.11082485431039375,0.08001752561217437,0.28559410606310986,0.0011782066308440415,0.006947212036120132,0.013984029919652008,0.6305060239442104,0.0699473850972117,0.013159846945207655,0.014462337956243508,0.00865481106462887,0.004652728268886955,0.2831145768988565,0.8556786411323261,0.008656664690379762,0.009230210446910407,0.011863242150711684,-0.0004000374408167556,0.4383715879815958,0.07927710184778572,0.28064499284024125,0.005874247844048508,0.0983172108068968,0.0061613477794469984,0.3575176909409728,-0.041715999432634335,0.006953308175833476,0.004936352224570853,0.0012817395516143929,-0.0084904208859301,0.28064499284024125,0.17564295505566835,0.008860733318437545,0.00934049295921175,0.09762725879547894,-0.041715999432634335,0.007279570687946856,0.05185174992821984,0.008090467679141712,0.009573867270403654
34,0.6499643865612554,0.008167680504940057,0.034480925085734485,0.8682525178079571,0.0040573207621187775,0.8014208612868625,0.8014208612868625,0.4002132386689012,0.5299832739816717,0.46100684730716057,0.0,0.01113856257584472,0.7569227897005502,0.01207280856370212,0.005222974992932889,0.7932452177337472,0.5287827774589338,0.03101836160341194,0.03809284040092252,0.9462435159748388,0.27535940938331377,0.7891715947741147,0.8681730567634464,0.5890625099118144,0.010679261921975075,0.03793215635298982,0.761406081371783,0.8852506103070102,0.5926064710318082,0.0,0.4058741243286636,0.0012817395516143929,1.0,0.01207280856370212,0.7810527237940653,0.6790014386940704,0.7891715947741147,0.4493296059395815,0.005222974992932889,0.0,0.01207280856370212,0.4208285629070996,0.4782040544724396,0.7932452177337472,0.012948021994435944,0.03032607582423885,0.5703840142203932,0.7932452177337472,0.8766927271236958,0.27404498061568694,0.8895764225054751,0.5639458543195621,0.0035309901120729897,0.031766073504272484,0.9155166841171059,0.007348806126790305,0.01207280856370212,0.0,0.3228426964884093,-0.0035610361195049837,0.5730201683173745,0.0175126493191791,0.011208063293420646,0.8682331145904658,0.48083997419579205,0.06362873469121398,0.9024953159041733,0.8137553897157497,0.06509788188592018,0.005222974992932889,0.013816678766759814,0.5398061197821952,0.4206409172221755,0.9954658461522783,0.006997039457475522,0.9111666257609169,0.060285729401920826,0.38554022184137615,0.00859438369639825,0.5356378577634413,0.7973283050480167,0.5754810307706967,0.005047944891015478,0.01186105443263553,0.7851074316301947,0.5286182800492587,0.7891715947741147,0.7297797419101604,0.0031851362956480155,0.0026275856643525755,0.7973283050480167,0.8725044238267866,0.7891715947741147,0.05192180668055776,0.014058362929255587,0.034125899089300374,0.005222974992932889,0.8938623792586209,0.012499804500023533,0.636093442329274,0.005222974992932889,0.0,0.5633218041665354,0.7574571967828054,0.990942499906588,0.3574383313986256,0.005222974992932889,0.03867284015036621,0.9286713073504286,0.8220258384703075,0.002765295301695296,0.0,0.7932452177337472,0.02418425902800339,0.8682331145904658,0.4627295878562413
35,0.009900577136046244,0.9393945843511676,0.38664358745217026,0.01061899534691014,-0.06973747353463444,0.011537560147466184,0.010694231215791872,0.06672020136150483,0.017842592962690137,-0.02642051422549006,-0.06064543166360155,0.9127943038111501,0.013513598484980011,0.9923434143529406,-0.06420060854895093,0.009656339728945378,0.018651650578544805,0.3557103935224598,0.20601458271299633,0.011281550105783791,0.036522581133277804,0.008726042569539938,0.004399190351601134,0.10176913071074428,0.8557043480555158,0.1345520931882055,8.094442731112308e-05,0.003268796285543079,0.10111141796534631,-0.061123956783358094,0.04885829423720125,0.1069493818416285,0.01207280856370212,1.0,0.0079264045201143,0.022665409128560677,0.004498019260352313,0.01768557101431502,-0.0550415341066907,-0.06064543166360155,0.9923434143529406,0.09763726765488422,0.022466306596945106,0.008523506762577706,0.9699114034616861,0.19003758204025992,0.0002619588906517428,0.008523506762577706,0.0038223069354824933,0.17010181754228665,0.013351345680871683,0.0266695617629586,-0.030936079422155302,0.27390534917721543,0.005848752838861822,0.04066698664640412,0.9924217706307912,-0.061123956783358094,-0.02072149444984278,-0.004354217072671344,0.021528161216041238,0.6898991685381447,0.9847775129708332,0.011182464269443514,-0.04003649271135631,0.18698399040482835,0.00953442622558073,0.011326882257851311,0.2538641515210268,-0.0550415341066907,0.8738713680879648,-0.0007422545596888168,-0.04449442509075929,0.012350352133464595,0.026426340993620945,0.0070773370049997605,0.16198456978515324,0.10844678344832037,-0.06415458035170711,0.016659058297602763,0.0036932385216898443,0.03347807711603776,0.05336626424565633,0.17706995271510745,0.01944478218972561,0.04056971069633939,0.004498019260352313,0.004851338118136066,-0.06980449430475778,0.07997992987397022,0.007710024065521723,0.010434331531205028,0.009860406562177206,0.014772337869852919,0.030761049258403332,0.38971709298062107,-0.06420060854895093,0.006711647358607194,0.892213106586837,0.026574771487737722,-0.0550415341066907,-0.061123956783358094,0.009125216820352926,0.009900577136046244,0.01207280856370212,-0.017669465648889958,-0.06420060854895093,0.18797417074059955,0.013847773747366635,0.005427284017019922,0.7536247782721716,-0.061123956783358094,0.003851053390991418,0.5880599920590122,0.011182464269443514,0.019266172577133686
36,0.7145292288566798,0.005391724920012396,0.07348646254431573,0.8131835100557173,0.017332386507378953,0.9589752914726524,0.9526631825540149,0.48056281763374753,0.4586890490948841,0.576832971976439,-0.05909345950106298,0.007352077703461243,0.8465247346693915,0.008715280089987737,0.01900356506112957,0.9809501975450129,0.6262700208422272,0.061085879896134995,0.07324204241383603,0.7524987415291595,0.3498183089575509,0.9620180717033995,0.8160764601491841,0.6333132140285996,0.0071549414084101605,0.08489511456855531,0.796340834036459,0.79923093817107,0.6308239119176803,-0.05985185733499559,0.4493130497317788,0.012075045685413566,0.7810527237940653,0.0079264045201143,1.0,0.8237372285910103,0.9342957357820207,0.5539990591501208,0.025041435315315524,-0.05909345950106298,0.008715280089987737,0.4816831092998014,0.5992887257178985,0.9588935754485586,0.008897098731470291,0.08296306300171505,0.4808429951041817,0.9588935754485586,0.810478250146983,0.35705370618300764,0.8761029023910871,0.6348923073073848,0.019792757981156366,0.05927258621554655,0.7714377813203777,0.02114759919341821,0.007142947553553969,-0.05985185733499559,0.45481555663111184,0.011218168110897412,0.5474986707842477,0.02756525470768057,0.0079264045201143,0.8216993638646736,0.5196969078326074,0.11845301871858474,0.8076579384678254,0.9496368372539121,0.11280165192899744,0.025041435315315524,0.013795900445129683,0.6288096045903623,0.476553162416819,0.7850600667308615,0.02305981199614775,0.79357706428121,0.12485632611927608,0.4717849472365474,0.019671130515061058,0.5214542089595866,0.9251560168987734,0.6112300713087174,0.013257946892919304,0.048585944543489315,0.8490656436388705,0.5332722998901127,0.9342957357820207,0.7192947687130224,0.018162984086024157,0.019096623032045904,0.937316429250783,0.8103563088395381,0.990450886603707,-0.0060834076843375865,0.050383216148247714,0.06792624633787782,0.01900356506112957,0.8275195423857569,0.013720452583218247,0.6092141377605527,0.025041435315315524,-0.05985185733499559,0.6309809004784889,0.7145292288566798,0.7810527237940653,0.46213168485407446,0.01900356506112957,0.09435493413104873,0.7633653203213532,0.9099703950081421,-0.0037989573195123137,-0.05985185733499559,0.9220851620143555,0.03680397271825598,0.8216993638646736,0.4365499089292753
37,0.7024913873111579,0.018644295115681265,0.050903534589138426,0.7634603723292176,0.01213942506188238,0.8114320472399508,0.8114320472399508,0.4188454172622135,0.4250534294377897,0.5123323504017947,0.0,0.02213473807354145,0.8403580170489265,0.022665409128560677,0.013775632697032787,0.8113363527983775,0.6522969719272906,0.05706774604742581,0.06359719678077709,0.701379714293297,0.3711815428071297,0.8238284848394818,0.7873662865558142,0.5947294184369865,0.02069299386175387,0.05858896330730118,0.7550175583509473,0.7713139656357698,0.5912592239069904,0.0,0.42447603848249116,0.0016258726559100392,0.6790014386940704,0.022665409128560677,0.8237372285910103,1.0,0.8154577317818548,0.5733063337554992,0.013775632697032787,0.0,0.022665409128560677,0.4166437308501121,0.6376882792772434,0.8196841173351116,0.023895596560239596,0.052616519084552976,0.47404881166442236,0.8196841173351116,0.7793165158692269,0.33092855967345985,0.7435658464406836,0.655108327979296,0.012332181958721445,0.05381946862518317,0.7358808892830502,8.155343258895531e-05,0.022665409128560677,0.0,0.44026152450924705,-0.004212202476953719,0.5464375581483305,0.03493099343735692,0.021446737792762818,0.7714140750896711,0.46213552754001846,0.10155132592549274,0.755553316861758,0.7991451532862065,0.09227060863745362,0.013775632697032787,0.025938765323035448,0.6356046404523334,0.4481100627258264,0.6827219926865538,0.017473328044827766,0.7397715228005519,0.0883574818527862,0.40880864734536027,0.014687217846000137,0.509321726868995,0.8072271797170109,0.574484860082177,0.013955226993785003,0.02599463196850756,0.8448977739755982,0.5347944841788635,0.8154577317818548,0.7228137159529392,0.012952593271899644,0.004642336850601877,0.8155519815441705,0.759501027377016,0.8238284848394818,0.031585684493248334,0.025015901125105645,0.06005786528718623,0.013775632697032787,0.7554496326933133,0.022494208456639977,0.6438757360917279,0.013775632697032787,0.0,0.6460858284857537,0.7116882917471931,0.6790014386940704,0.47425674889313446,0.013775632697032787,0.06401559601951999,0.6939504498295092,0.7992435248841542,0.008508518952410065,0.0,0.8113363527983775,0.03984314566973698,0.7714140750896711,0.4098052327829805
38,0.6967132898030396,0.002217985958920141,0.0610172149231307,0.8107877780232425,0.018462469182246054,0.9190690524278256,0.906788579229477,0.48060864942618703,0.4658316586593119,0.5522189432914307,-0.0552406408826264,0.0042374414296190545,0.8208859685897707,0.005236000058499964,0.020149796836222447,0.9282007410148629,0.5853301649862268,0.05925354166548929,0.07064835972585151,0.761177813410576,0.34473145292922575,0.9097770916797641,0.8658174481128038,0.5920375923986739,0.004147849298030528,0.07894816122701655,0.7964007833693325,0.8600964532168386,0.5896392380706811,-0.055925630827866356,0.44936715737711025,0.00865481106462887,0.7891715947741147,0.004498019260352313,0.9342957357820207,0.8154577317818548,1.0,0.5113225135615848,0.024513387562811052,-0.0552406408826264,0.005236000058499964,0.45012841570086876,0.5792183130804629,0.9128340613351293,0.005316054231253428,0.07363927633880271,0.4808815083144321,0.9128340613351293,0.8717808797990391,0.32707109811487833,0.8847136961133153,0.6350643593608063,0.01930318408976056,0.05651466864847657,0.774682704758277,0.019132524402350883,0.0037653201155942112,-0.055925630827866356,0.42507489471258464,0.009871439506495376,0.5408369762764419,0.0264950437900477,0.004498019260352313,0.813560348861495,0.5009837873696753,0.10699097429752304,0.7939541516337486,0.9099607370855212,0.1007014267137166,0.024513387562811052,0.013209305060513075,0.6175960024949162,0.47295457191416324,0.7932006004089763,0.02207594261057514,0.8025064237906705,0.11301603937813871,0.45764040934621947,0.02079852359881134,0.5111795046533629,0.9842200535023556,0.5950373251996697,0.013293297290553004,0.04368835115298572,0.8060524502952477,0.5092992596732135,1.0,0.7014521584913961,0.01930113463929635,0.015675896789178405,0.9100490392652146,0.8079682876227156,0.9312564721062595,0.002004925102202541,0.04974109561502109,0.06602292177547761,0.020149796836222447,0.8136128412877082,0.009830466340555287,0.597919984848258,0.024513387562811052,-0.055925630827866356,0.594815282970358,0.6967132898030396,0.7891715947741147,0.42860112171703935,0.020149796836222447,0.0863964659675196,0.7610614768496123,0.9748228109362317,-0.006006714133405709,-0.055925630827866356,0.9810759156373218,0.03569919866698779,0.813560348861495,0.4188072910914435
39,0.45511078461745363,0.009567400987993925,0.06273599570655092,0.4857752538277435,0.000862498617130014,0.5282984142141002,0.5365560111230288,0.2967855778985493,0.35027536382199137,0.45486116730712894,-0.07426566615861935,0.013994886091510278,0.553639826811595,0.018649805427076227,0.005539591454345538,0.544831522566872,0.5245105038642723,0.044725925387974576,0.061128981491638076,0.45451435700243537,0.3197038229280231,0.5433695765711007,0.4791199287200448,0.5285380728557114,0.01692976035155431,0.06612392094712495,0.4564256600103072,0.46250725286628225,0.5262896166832847,-0.07527261157400703,0.2480347303714296,0.005273263566981831,0.4493296059395815,0.01768557101431502,0.5539990591501208,0.5733063337554992,0.5113225135615848,1.0,0.014552292668778173,-0.07426566615861935,0.018649805427076227,0.3200571446329721,0.672365775604983,0.5410921722877224,0.0157766972172579,0.06936534863784098,0.29762232295712737,0.5410921722877224,0.47076965708504703,0.32719382327615815,0.48066264785973434,0.47106230096842605,0.012859066028044088,0.051301332074757476,0.4682452751390176,0.0032411090964393186,0.016727877320141162,-0.07527261157400703,0.35750055489494215,0.004082100456334458,0.44606408798167174,0.026678765247204132,0.01768557101431502,0.4875590220327194,0.43749533656437717,0.1242141469078694,0.49590725847957967,0.5357626223019065,0.10442580320059891,0.014552292668778173,0.01926731680134042,0.45446672861328113,0.4471235803344366,0.45228330396793237,0.01445900249476785,0.4804316619173101,0.11225850092559655,0.3245595501003427,0.007110844037633135,0.3761045385183848,0.5004509145804809,0.489364230341957,0.0083925309938122,0.017368519761399748,0.553722815325157,0.5453175821870013,0.5113225135615848,0.5083266888775003,0.0016204412660788987,0.012028043845752399,0.5223417281311563,0.4836623711395818,0.5520540225508856,-0.03450219782295329,0.028177234943731738,0.05845632874858666,0.005539591454345538,0.501710074493569,0.017441222628583,0.4476999086682739,0.014552292668778173,-0.07527261157400703,0.507664153695701,0.5153505051386152,0.4555677622517657,0.44317998888674753,0.005539591454345538,0.08464533520513082,0.4582823355573989,0.49865181377967327,0.002446352421446688,-0.07527261157400703,0.5026135250538349,0.025768959237992665,0.4875590220327194,0.3713542703853221
41,-0.005467105660411474,-0.0447223173196968,0.025103394385901933,0.018953327445218625,0.9794031652906627,0.02001090104324601,0.025495899972265656,0.015169926954323143,-0.0076903759321090785,0.0053251378932743015,-0.07866614651223024,-0.04336209491185869,0.015907478717527193,-0.054365696744491536,1.0,0.02325861476861764,-0.007436163281674225,-0.006117122893991611,0.03320929199699161,0.008320538712289558,-0.04633219404810136,0.024806277096741308,0.01531155842860978,-0.009106685935136012,-0.04106248764121648,0.03139239859985259,0.019105849947795975,0.014142779652288278,-0.009371731208851401,-0.07968522714355801,0.017084419528021304,0.3575176909409728,0.005222974992932889,-0.0550415341066907,0.025041435315315524,0.013775632697032787,0.024513387562811052,0.014552292668778173,1.0,-0.07866614651223024,-0.054365696744491536,0.009689139051231659,0.027700837080137403,0.026415405139474598,-0.05127658666485042,0.03912980096099675,-0.0007343118776219996,0.026415405139474598,0.015513294460052098,0.0020812316977801785,0.012329190983461401,-0.012507274744618092,0.9585628647743251,0.03569423799349558,0.010103066191659463,-0.01758540808095069,-0.05571102619890719,-0.07968522714355801,0.005952553056310229,0.036330970712816796,0.019025333438041584,-0.04104487395526994,-0.049896500878147135,0.01674135236416982,0.025118268256691098,0.023530731348204142,0.010519010740005687,0.02153142240406641,0.016004836730240956,1.0,-0.059241782529430694,0.0013045145226848903,0.021319706148236497,0.004089493929916393,0.9006153063054052,0.011089463268891611,0.012213913610654452,0.01025580385529094,0.9794031652906627,-0.006606034302312941,0.022392568302436366,-0.00222167528762089,0.25122521790114344,-0.02367926505036389,0.025685089590096667,-0.005350768915785087,0.024513387562811052,0.01973367090565148,0.9845178682324621,0.2889037572155252,0.020931726648751557,0.018578903270904744,0.023699082394490444,-0.01859796970451387,0.1555486527436241,0.009183110290776276,1.0,0.012790231536849678,-0.052299703221462684,-0.0009558753915457015,1.0,-0.07968522714355801,0.0197104735832523,0.018641007282199973,0.0037518897933356654,-0.010188059599393073,1.0,0.033378314324496464,0.010849396134538027,0.026693688549757615,-0.04399871648291296,-0.07968522714355801,0.022809951993446792,-0.02625058538119898,0.01674135236416982,0.00144405230366695
42,-0.056077232071927975,-0.06064543166360155,-0.07882493214173435,-0.04923749006009084,0.0,-0.05770966704864144,-0.05928774342226192,0.0,-0.03505131370847435,-0.06835212389146153,1.0,-0.05702005091822554,-0.05948117640120107,-0.06026745053714881,0.0,-0.05830781980324876,-0.07033161930891645,0.0,-0.06603530196083689,-0.042349495578527775,0.0,-0.059865488278000915,-0.04900318377053519,-0.062280295978580605,-0.055693178684007395,-0.05830781980324876,0.0,-0.047097728457468915,-0.06209967651207101,0.9868512643351744,0.0,-0.04130947958242773,0.0,-0.06064543166360155,-0.05909345950106298,0.0,-0.0552406408826264,-0.07426566615861935,-0.07866614651223024,1.0,-0.06026745053714881,-0.03864713940521498,-0.07188377611574806,-0.059673758129735556,-0.06138378928783716,-0.06421028575114053,0.0,-0.059673758129735556,-0.04805735517278319,-0.05909345950106298,0.0,0.0,-0.07834018995003166,-0.07295775756849533,-0.04513688773380967,-0.04563231261402245,-0.06101751517642026,0.9868512643351744,-0.06775390705402223,-0.046368925225719525,0.0,0.0,-0.06064543166360155,-0.04993525689031934,-0.06334595879678923,-0.06438055286629797,-0.047818743831947,-0.057508584116098965,-0.07505630803604749,-0.07866614651223024,0.0,-0.060811352233647066,-0.07099480880889963,0.0,-0.07790390289351348,-0.047097728457468915,-0.06421028575114053,-0.0428642007709484,0.0,-0.04900318377053519,-0.054175794120989836,-0.0535266877539278,0.0,-0.06744942585766972,-0.06191819914042683,-0.054817250644349336,-0.0552406408826264,-0.058505504842144826,0.0,-0.029515515991463594,-0.056284257557692514,-0.04900318377053519,-0.058505504842144826,-0.04923749006009084,0.004437385924086906,0.0,0.0,-0.04947093727657276,-0.059097210559052184,-0.05198231792378336,-0.07866614651223024,0.9868512643351744,-0.0669860224570603,-0.056077232071927975,0.0,-0.07800143864942806,0.0,-0.0638671505627985,-0.04337538235565679,-0.0535266877539278,-0.06026745053714881,0.9868512643351744,-0.054390462672212814,0.0,-0.04993525689031934,-0.03891740233705417
43,0.010673127550800205,0.9315197363099971,0.38920575490896786,0.011337708061265748,-0.06973747353463444,0.012332016770922199,0.011498059516388846,0.06672020136150483,0.016873514472122677,-0.025706055465555353,-0.06026745053714881,0.904408338311151,0.01433244804088731,1.0,-0.06420060854895093,0.010446780714920894,0.019585427257695884,0.3557103935224598,0.20762310778748622,0.010163384597153899,0.036522581133277804,0.009525461195998522,0.005081458151605264,0.09954019059949841,0.8628277698447265,0.13586280990499208,8.094442731112308e-05,0.003927706374616825,0.09889410716087065,-0.06073872171026947,0.04885829423720125,0.10543353162229117,0.01207280856370212,0.9923434143529406,0.008715280089987737,0.022665409128560677,0.005236000058499964,0.018649805427076227,-0.054365696744491536,-0.06026745053714881,1.0,0.09621279598799426,0.02342963974449024,0.009320294627586451,0.9622274878037287,0.1915789036184439,0.0002619588906517428,0.009320294627586451,0.004492939522937745,0.1678500717475333,0.013351345680871683,0.0266695617629586,-0.030149720951867486,0.27053816352472976,0.006505694314486303,0.041516293599188736,0.9847776520667478,-0.06073872171026947,-0.019986496139779836,-0.0037479242262411496,0.021528161216041238,0.6898991685381447,0.9923434143529406,0.01191001073035262,-0.03944583576304674,0.18851602246646498,0.010235344173255966,0.012118612778726846,0.2557383409796619,-0.054365696744491536,0.8738713680879648,2.0134159196147246e-05,-0.043836634046856476,0.012350352133464595,0.022381607965202003,0.007758270610598944,0.1634286049855958,0.10689037678697404,-0.06415458035170711,0.015301203424319417,0.004417573437319156,0.034345172215193856,0.05336626424565633,0.1785899250073948,0.020311271812457014,0.041478813015852434,0.005236000058499964,0.005620087753275756,-0.06980449430475778,0.07879051042501961,0.008473427846477937,0.01115009039602109,0.010653531606160367,0.013415034286018564,0.030183232026248626,0.38971709298062107,-0.06420060854895093,0.0074108969531046865,0.8992966159313678,0.025063444685154455,-0.054365696744491536,-0.06073872171026947,0.009988644804124168,0.010673127550800205,0.01207280856370212,-0.016825566553644717,-0.06420060854895093,0.18950615169276977,0.012685623740704793,0.00615494218899503,0.7450374811871332,-0.06073872171026947,0.004578126645372636,0.5880599920590122,0.01191001073035262,0.018196262795689394
44,0.3806631875349632,0.09514534286548443,0.2196775979973276,0.39984013587421025,0.0001838957076616404,0.4667348864954792,0.4838388878275951,0.7119626586243947,0.24727825561370673,0.3669776859675255,-0.03864713940521498,0.08496979243783072,0.4302654975123888,0.09621279598799426,0.0018255477187407365,0.4774741743860895,0.31349906188079646,0.1546504982721336,0.248990059349415,0.38515306972468233,0.16797556097577265,0.48150626819939113,0.3860419164285528,0.5514775155492664,0.07844878125898878,0.26654631817496965,0.3690390494095761,0.3824651223494593,0.5491683526590724,-0.03899892636142859,0.40364930575117036,0.08469221461899944,0.4208285629070996,0.09763726765488422,0.4816831092998014,0.4166437308501121,0.45012841570086876,0.3200571446329721,0.009689139051231659,-0.03864713940521498,0.09621279598799426,1.0,0.312593520097126,0.48375084258882994,0.10049893061189191,0.2778446205359588,0.19792186740703296,0.48375084258882994,0.39013800246571484,0.6835019779229556,0.4596838983589664,0.34924409544468604,0.011866287061164212,0.22590712355060444,0.37503139721057277,0.07369073654334271,0.09906597952736639,-0.03899892636142859,0.2796904055179829,0.054405146847719806,0.303719879088924,0.10537141123473677,0.09514534286548443,0.3977224324652579,0.2566044299785427,0.30019455352519114,0.3921506010840628,0.4646197035823226,0.28706639599584344,0.009689139051231659,0.05213756107951304,0.2979710591206379,0.25284346613573305,0.4237642926246198,0.027050393488617895,0.3785764281161806,0.327155178604408,0.8611701300764679,0.0019346526654163195,0.24799185247459732,0.44400429957823795,0.35815363170332043,0.07166871775884386,0.1513353078583971,0.44009029650230325,0.3578588564763657,0.45012841570086876,0.35314056105874647,0.0005516186424124726,0.11056081583651085,0.4477922468070496,0.3978898240151923,0.47961977615093426,-0.006702784662592636,0.17814335339583115,0.16930602675386522,0.0018255477187407365,0.39780653653483455,0.08466719030900581,0.2986589542017873,0.009689139051231659,-0.03899892636142859,0.30618144995336316,0.3537734294993613,0.4208285629070996,0.2507168422592688,0.0018255477187407365,0.28478764106242077,0.4007778892168008,0.44202907655678736,0.07926645073980143,-0.03899892636142859,0.4418590028625916,0.06657890351242193,0.3977224324652579,0.28907920707088347
45,0.5107431664185993,0.014993931246370377,0.060115408888983486,0.5413538167390951,0.01484675075582595,0.5725350855594273,0.5763519324019103,0.2996177386158933,0.3421545301028229,0.457280270593593,-0.07188377611574806,0.02360676608643268,0.6041276613438956,0.02342963974449024,0.013391429243275793,0.5896852376772319,0.5569536174248727,0.07427578545655356,0.06277865454714118,0.502886071112318,0.32617913642050705,0.5834593013553531,0.5486682340174791,0.5147318135389837,0.018835789329844137,0.07029537011373192,0.5330987130740207,0.5259519961384466,0.512516007969677,-0.07285988383743607,0.3300387599404293,0.015476308655784412,0.4782040544724396,0.022466306596945106,0.5992887257178985,0.6376882792772434,0.5792183130804629,0.672365775604983,0.027700837080137403,-0.07188377611574806,0.02342963974449024,0.312593520097126,1.0,0.5810840021309098,0.020558520981984733,0.0703330476509453,0.32606455161861164,0.5810840021309098,0.5348682348122942,0.291212719509496,0.5243581791785961,0.5369169578145723,0.022610068070513842,0.05072877835914619,0.5129991458719195,0.0005474611215781033,0.021509274518629797,-0.07285988383743607,0.3994736937093978,-0.0027717603757133613,0.41314642722971745,0.05404838641307543,0.022466306596945106,0.5433505690540573,0.4481866843456472,0.11566078933233079,0.5421263092574362,0.5751757117298653,0.10516820929168665,0.027700837080137403,0.03729842509776119,0.5306401058467617,0.4836002267353957,0.4812660456545066,0.031078363790752947,0.5353799982921875,0.10425622974589925,0.30635833251135924,0.018041224382943203,0.456570389596698,0.5675105217215227,0.5411446501959298,0.017343012677928905,0.02461743236567089,0.5792376129491925,0.5116994487509612,0.5792183130804629,0.5971605741546997,0.012539419769035798,0.022948656484256258,0.5710583239505668,0.5390996268049304,0.5920768529376321,-0.0263457109961321,0.04323550475618649,0.08096338922571436,0.013391429243275793,0.5532276162825982,0.030194105705786303,0.5207230403671599,0.027700837080137403,-0.07285988383743607,0.5948466232788779,0.5886920910785838,0.4846231909527854,0.46956053954147076,0.013391429243275793,0.0803415113649487,0.5069689136467264,0.5654599804796215,0.008519841002293338,-0.07285988383743607,0.5698402127961922,0.051111678232147996,0.5433505690540573,0.4236450113936136
46,0.7009166789367627,0.00594733133763973,0.07302720610974169,0.8102489533317644,0.015598896211480645,0.9620796068520199,0.993619974669507,0.47121345333142484,0.45643400075828333,0.5542488634261402,-0.059673758129735556,0.007894524109324437,0.86718205047195,0.009320294627586451,0.01722794732730949,0.9651913852634334,0.6337223440870997,0.05528569329344875,0.07563858014411641,0.7496853855221806,0.3478903773545234,0.9968055137436942,0.807426757979849,0.6253638822845294,0.007678647426093675,0.08540830135483353,0.8087420009171736,0.7963264984135496,0.622891432880843,-0.06044301084932491,0.44634585344553845,0.01329822002269009,0.7932452177337472,0.008523506762577706,0.9588935754485586,0.8196841173351116,0.9128340613351293,0.5410921722877224,0.026415405139474598,-0.059673758129735556,0.009320294627586451,0.48375084258882994,0.5810840021309098,1.0,0.009519835506847379,0.0855208620333167,0.49040586188506513,1.0,0.8075535651861949,0.3586190583901532,0.8890327868123373,0.6462610494216287,0.02109991008698482,0.0613728490400485,0.7685824813034449,0.02021151116579325,0.007732161618404235,-0.06044301084932491,0.44768261487486655,0.010351054541288016,0.5375220613819726,0.025968389298201687,0.008523506762577706,0.8187498909191917,0.5123323622725575,0.12149830620608511,0.7934012289625137,0.9589599948332581,0.11298558521598709,0.026415405139474598,0.012921036217168908,0.6209156533822126,0.4737270488455788,0.7972850328257476,0.02444516429034744,0.7906803770037832,0.12545630406298836,0.4738078532461133,0.017869656192278958,0.5281994967650739,0.9038151889084185,0.6035633134905936,0.011652033011366403,0.046836575505034714,0.8698069439729312,0.5260223489556166,0.9128340613351293,0.7218519953099443,0.016408433132366954,0.02049190029714865,0.940371416805501,0.807426757979849,0.9620490620475013,-0.005447326610432699,0.052516101486761106,0.061881208741909055,0.01722794732730949,0.8130768675131981,0.014391288701990787,0.6165372651175609,0.026415405139474598,-0.06044301084932491,0.6280813335760215,0.7225118577893679,0.7932452177337472,0.4683304276036045,0.01722794732730949,0.09707956746953851,0.7605307693699561,0.90084635155666,-0.003401149621579161,-0.06044301084932491,0.9007731329599841,0.03515443649687374,0.8187498909191917,0.4427117189645296
47,0.010745356794629596,0.9699114034616861,0.3965172516829414,0.011240833287695276,-0.06891926184622105,0.012445548121620879,0.011670884971782883,0.06798435561095986,0.01655382303883993,-0.02783268866841351,-0.06138378928783716,0.9137531594654154,0.014496164439175271,0.9622274878037287,-0.06334243151504469,0.010591155380919171,0.01680242846088364,0.3493220284254729,0.21139715823864297,0.011737112989475385,0.0379884975919396,0.009731011829314455,0.005018426649124915,0.10278847006354223,0.8573339826097637,0.1388113150080163,0.000978535396125687,0.003838086524851242,0.10212283086947835,-0.06187669169893941,0.049985893914107106,0.10734168921396285,0.012948021994435944,0.9699114034616861,0.008897098731470291,0.023895596560239596,0.005316054231253428,0.0157766972172579,-0.05127658666485042,-0.06138378928783716,0.9622274878037287,0.10049893061189191,0.020558520981984733,0.009519835506847379,1.0,0.19513943252414587,0.0008036176701960198,0.009519835506847379,0.004416261464335012,0.17461304449910386,0.014327292764435099,0.027902695622916647,-0.02753256450847487,0.280634157352292,0.0063686424704178825,0.04339683504948584,0.9626074385282883,-0.06187669169893941,-0.016207336590513856,-0.0020255723520127044,0.022498012744093854,0.6960175855752118,0.9549375153248341,0.011823599446606386,-0.04120204462702949,0.1920917497848384,0.010118704606540341,0.012226812560926463,0.26107975799524374,-0.05127658666485042,0.8834148630875502,0.00031777392454288527,-0.04579330094181575,0.013232692242449011,0.029420571779490683,0.00764445196871756,0.16696214894632713,0.11157175496440032,-0.06329845900938111,0.015175998945535642,0.004473784913326863,0.0342136284857101,0.052189600897397465,0.18252261545729398,0.02053868073837816,0.03876780995399183,0.005316054231253428,0.0033299735788398462,-0.06898549596563273,0.08020822809005435,0.008564606948876287,0.01104981413704548,0.010803496664704306,0.011240833287695276,0.031931170878604226,0.3830085373071173,-0.06334243151504469,0.007342478901431652,0.8783028003971555,0.024945440227732957,-0.05127658666485042,-0.06187669169893941,0.0074157259495409664,0.008371464337869257,0.012948021994435944,-0.0193369463784664,-0.06334243151504469,0.19302917999552505,0.014323923744837192,0.006184182858276579,0.741784629740244,-0.06187669169893941,0.004639010648795215,0.5940028033032771,0.011823599446606386,0.01965173465161807
48,0.055494234213481895,0.19003758204025992,0.5132390609364543,0.05559506572540287,0.021542013623649683,0.08134108016384503,0.08597925237899719,0.2402933914561211,0.011439508191017923,0.08958853388251473,-0.06421028575114053,0.16715846026404152,0.06595525017754776,0.1915789036184439,0.02579408221020931,0.07961597895112985,0.05436408946603146,0.44038451410412854,0.7650754273659446,0.03810927610545629,0.021728001745474488,0.08638253793196263,0.04811277561722372,0.14314741221545654,0.16756789377858772,0.6666811185805972,0.029429828163893862,0.04633430071966979,0.14203359867609236,-0.06506206069616076,0.13722709306386904,0.17546890944242546,0.03032607582423885,0.19003758204025992,0.08296306300171505,0.052616519084552976,0.07363927633880271,0.06936534863784098,0.03912980096099675,-0.06421028575114053,0.1915789036184439,0.2778446205359588,0.0703330476509453,0.0855208620333167,0.19513943252414587,1.0,-0.0005043468599302331,0.0855208620333167,0.048869590082048574,0.4400646739823556,0.04610159978608125,0.05941218935691236,0.04249260054773439,0.6765681469028284,0.0399406580281553,0.15813586899391774,0.19258769814492582,-0.06506206069616076,0.12046641807766151,0.1459652241507286,0.03668159494389976,0.24756559072708273,0.19413623642818134,0.05414578131560005,0.019365449509118452,0.7319219436769189,0.046590250968464655,0.07841453830243322,0.6414180144722154,0.03912980096099675,0.13616666096643995,0.04095128742993725,0.041640694277995466,0.03108905021112956,0.06586395273416526,0.04313693646103693,0.6427526478300554,0.3036806980197526,0.023991849390199552,0.015149765497770841,0.07170101591529184,0.06175703247924424,0.2243099591388996,0.3446676485626326,0.07835390484339444,0.05863633551296589,0.07363927633880271,0.03705659889760542,0.022415845361623145,0.23592516353698698,0.07357351423351195,0.05491294082327577,0.08257203358055555,0.007529570169628855,0.32308817872792966,0.4190920061384481,0.02579408221020931,0.04607713564666222,0.1717950801325691,0.024872050314708138,0.03912980096099675,-0.06506206069616076,0.04415690304891691,0.03655400641906267,0.03032607582423885,0.06011728276800692,0.02579408221020931,0.8033622212684214,0.04191939541895482,0.06938000069236959,0.13639474879144423,-0.06506206069616076,0.07248351944681768,0.21252894201950703,0.05414578131560005,0.032458359128481086
49,0.4437405744876272,-0.0018607156213668239,-0.0007821756985082316,0.5297302969169291,-0.0014413622821629014,0.4968305854536539,0.4904429227891124,0.18779626933567925,0.6196137621515506,0.2963818399876989,0.0,4.928759132793295e-05,0.5127784576320943,0.0002619588906517428,-0.0007343118776219996,0.49040586188506513,0.40705867487913505,0.0005469959711588638,-5.953014912038268e-05,0.5634622031883156,0.2309727855459367,0.493576198540738,0.5563789377181183,0.32823935400412624,-0.00014192801427123967,-0.001441119186655737,0.5429128945690148,0.5632297742261367,0.33087797576061484,0.0,0.21211116053724033,-0.0011479346693733803,0.5703840142203932,0.0002619588906517428,0.4808429951041817,0.47404881166442236,0.4808815083144321,0.29762232295712737,-0.0007343118776219996,0.0,0.0002619588906517428,0.19792186740703296,0.32606455161861164,0.49040586188506513,0.0008036176701960198,-0.0005043468599302331,1.0,0.49040586188506513,0.556407754934359,0.11437082611638036,0.5330539200231117,0.3961884052941171,-0.002608711373522135,-0.0019545922602944373,0.5736147581585911,0.001301120244244017,0.0002619588906517428,0.0,0.18865122302114393,0.03611310748048955,0.46292020474390494,-0.00013639036009121058,-0.0002694391586999334,0.5297011150850575,0.35413166524719075,0.007794862391148108,0.5565187037451628,0.5000934250465148,0.011767753406008675,-0.0007343118776219996,0.00040797468025731816,0.3706060653437891,0.2740665205821037,0.5669530484829792,-0.0024172550899906925,0.5633373231431524,0.006485847269977989,0.17782858363765208,0.0011879587579815705,0.6264361031806063,0.4872458876480209,0.3715216719249839,-0.0013988818862276245,-0.006758031580058997,0.5227214762264796,0.36631922105961245,0.4808815083144321,0.5630556858262326,-0.0019075199733799167,-0.001144982680554238,0.5000216760016957,0.5330539200231117,0.4872083450427283,0.030800403581537416,-0.0003310105426092637,0.002027410269577423,-0.0007343118776219996,0.5701181655346517,-0.0006428693488712403,0.6226660594367912,-0.0007343118776219996,0.0,0.40738663935034436,0.5666002053209527,0.5703840142203932,0.26671735212915987,-0.0007343118776219996,0.0016113118199726588,0.5432642043866717,0.5065766033107398,-0.003703711531061364,0.0,0.49040586188506513,0.006901464763235022,0.5297011150850575,0.4035969172128391
50,0.7009166789367627,0.00594733133763973,0.07302720610974169,0.8102489533317644,0.015598896211480645,0.9620796068520199,0.993619974669507,0.47121345333142484,0.45643400075828333,0.5542488634261402,-0.059673758129735556,0.007894524109324437,0.86718205047195,0.009320294627586451,0.01722794732730949,0.9651913852634334,0.6337223440870997,0.05528569329344875,0.07563858014411641,0.7496853855221806,0.3478903773545234,0.9968055137436942,0.807426757979849,0.6253638822845294,0.007678647426093675,0.08540830135483353,0.8087420009171736,0.7963264984135496,0.622891432880843,-0.06044301084932491,0.44634585344553845,0.01329822002269009,0.7932452177337472,0.008523506762577706,0.9588935754485586,0.8196841173351116,0.9128340613351293,0.5410921722877224,0.026415405139474598,-0.059673758129735556,0.009320294627586451,0.48375084258882994,0.5810840021309098,1.0,0.009519835506847379,0.0855208620333167,0.49040586188506513,1.0,0.8075535651861949,0.3586190583901532,0.8890327868123373,0.6462610494216287,0.02109991008698482,0.0613728490400485,0.7685824813034449,0.02021151116579325,0.007732161618404235,-0.06044301084932491,0.44768261487486655,0.010351054541288016,0.5375220613819726,0.025968389298201687,0.008523506762577706,0.8187498909191917,0.5123323622725575,0.12149830620608511,0.7934012289625137,0.9589599948332581,0.11298558521598709,0.026415405139474598,0.012921036217168908,0.6209156533822126,0.4737270488455788,0.7972850328257476,0.02444516429034744,0.7906803770037832,0.12545630406298836,0.4738078532461133,0.017869656192278958,0.5281994967650739,0.9038151889084185,0.6035633134905936,0.011652033011366403,0.046836575505034714,0.8698069439729312,0.5260223489556166,0.9128340613351293,0.7218519953099443,0.016408433132366954,0.02049190029714865,0.940371416805501,0.807426757979849,0.9620490620475013,-0.005447326610432699,0.052516101486761106,0.061881208741909055,0.01722794732730949,0.8130768675131981,0.014391288701990787,0.6165372651175609,0.026415405139474598,-0.06044301084932491,0.6280813335760215,0.7225118577893679,0.7932452177337472,0.4683304276036045,0.01722794732730949,0.09707956746953851,0.7605307693699561,0.90084635155666,-0.003401149621579161,-0.06044301084932491,0.9007731329599841,0.03515443649687374,0.8187498909191917,0.4427117189645296
52,0.6929021700568747,0.0019012966130497117,0.03910412851642241,0.8751065071527656,0.01040067884674245,0.8307205826281013,0.8076028854444387,0.411221180001871,0.5334993955798509,0.4997038850065867,-0.04805735517278319,0.0040432700810618715,0.7877549611566494,0.004492939522937745,0.011859327370789713,0.8277736008321858,0.559688864299157,0.03811640200259033,0.04652893042550937,0.8463091594038594,0.33075551548078896,0.8046813550092902,0.9749871889535598,0.5369648163368378,0.004118194928002358,0.05458025247193148,0.8092111588534846,0.9812262413615429,0.5393717534210174,-0.04860074108589732,0.4169080707143771,0.0048506649169767,0.8766927271236958,0.0038223069354824933,0.810478250146983,0.7793165158692269,0.8717808797990391,0.47076965708504703,0.015513294460052098,-0.04805735517278319,0.004492939522937745,0.39013800246571484,0.5348682348122942,0.8075535651861949,0.004416261464335012,0.048869590082048574,0.556407754934359,0.8075535651861949,1.0,0.2707192045948456,0.9065536288273783,0.632911403419473,0.010895925559385544,0.03719572924692331,0.8665167961305644,0.005945177123430904,0.003156794478868163,-0.04860074108589732,0.3841758663821791,0.0015969444346172917,0.5653090110102476,0.020004711002502246,0.0038223069354824933,0.8721230070694972,0.4597414371269339,0.076828774253632,0.881080986308509,0.8336287746519472,0.07076966569434734,0.015513294460052098,0.01104275005648852,0.5901209726491878,0.44255261350480524,0.8809461428764707,0.012954843481241651,0.8781661288358464,0.0799299328863002,0.3932455091292019,0.016387883036952305,0.5404923491797161,0.8807215556445931,0.5822159874908307,0.007085564364260043,0.030423483104251657,0.7902137841082779,0.5070282484752661,0.8717808797990391,0.6977417022397476,0.009192148233310288,0.009550031921540606,0.8279844908082187,0.8721763153800463,0.8191289178767721,0.014864497883034412,0.037981045534814746,0.041234947371884906,0.011859327370789713,0.8839540611733938,0.006535614820755939,0.6243148996441761,0.015513294460052098,-0.04860074108589732,0.5880342417748868,0.6981857847837504,0.8766927271236958,0.3812450225464149,0.011859327370789713,0.0612326770484118,0.8347318784574327,0.8896697150063814,-0.0031093969513929206,-0.04860074108589732,0.8836733854151325,0.026183891502564734,0.8721230070694972,0.4242716700044133
53,0.2763913832997151,0.17010181754228665,0.3767503720103464,0.28548502301617956,-0.007064254274485498,0.3482626747608727,0.3588784871135509,0.5528637942422839,0.15775040081749744,0.3297627630529787,-0.05909345950106298,0.14992865699750288,0.30772224978057555,0.1678500717475333,-0.0044987191112144595,0.3498064299582202,0.268172637423189,0.3042195898089623,0.3981762478274087,0.2518484658964396,0.1507371887421033,0.3604487238471949,0.2736269305320329,0.4834926158458055,0.14325041172050937,0.4016576110153883,0.26685240563937684,0.26449246208018573,0.4813442588092195,-0.05985185733499559,0.34669246422447,0.11332529990096635,0.27404498061568694,0.17010181754228665,0.35705370618300764,0.33092855967345985,0.32707109811487833,0.32719382327615815,0.0020812316977801785,-0.05909345950106298,0.1678500717475333,0.6835019779229556,0.291212719509496,0.3586190583901532,0.17461304449910386,0.4400646739823556,0.11437082611638036,0.3586190583901532,0.2707192045948456,1.0,0.3148023515017357,0.29530455886438467,0.006739903141336633,0.39046802893190774,0.25227036257656,0.11907090637031541,0.17235614109611538,-0.05985185733499559,0.29662170599169746,0.07948525560370805,0.23913406565803844,0.22690524751936225,0.17010181754228665,0.28340596766348836,0.1931739201011121,0.4958267528832034,0.26915525596622786,0.34264175806257874,0.4574878991001617,0.0020812316977801785,0.10925101598584873,0.2425903416908889,0.22120831546451078,0.27637982622178475,0.028944993851592642,0.26117880033951996,0.4754651805366323,0.6880494658312096,-0.004003525337182256,0.16985688784069264,0.3184571681463579,0.27114622066874733,0.09745478146292602,0.23098897675640345,0.33382750094020813,0.2841207591746844,0.32707109811487833,0.24771891151183192,-0.006562538201799106,0.14824444852274746,0.33204862335289237,0.2838759451849442,0.3554906667560434,-0.014059443782528025,0.231485397203067,0.3191376555193815,-0.0044987191112144595,0.2767875429117316,0.15384458443184074,0.20660780733540465,0.0020812316977801785,-0.05985185733499559,0.24650087016034228,0.24946134601602937,0.27404498061568694,0.2395248712133885,-0.0044987191112144595,0.4622801064159125,0.26448996950629566,0.316994562014284,0.14615137639784512,-0.05985185733499559,0.3165021243428389,0.16427728332705993,0.28340596766348836,0.2114781899242799
54,0.6825433760049009,0.01106630462007709,0.04773650905224908,0.8637406103731701,0.00904569683335711,0.8976983925004226,0.8976983925004226,0.43803239358348567,0.4625554365500931,0.5199753603295232,0.0,0.01430946868820195,0.8420663912656265,0.013351345680871683,0.012329190983461401,0.8890327868123373,0.5780294750553927,0.0485551577329167,0.052784899618624447,0.9067450663852307,0.3084068059605351,0.8847136961133153,0.8978680530378262,0.6271713735360405,0.013633468347009278,0.05578363777278627,0.8134878809788931,0.89791337050227,0.6235957731212453,0.0,0.45000559915439714,0.0011402620199409085,0.8895764225054751,0.013351345680871683,0.8761029023910871,0.7435658464406836,0.8847136961133153,0.48066264785973434,0.012329190983461401,0.0,0.013351345680871683,0.4596838983589664,0.5243581791785961,0.8890327868123373,0.014327292764435099,0.04610159978608125,0.5330539200231117,0.8890327868123373,0.9065536288273783,0.3148023515017357,1.0,0.60091543323375,0.008556895451616617,0.04420908018277079,0.8936993594421616,0.014325210167382944,0.013351345680871683,0.0,0.3773762013291485,-0.0036621880775320192,0.5553082976976593,0.02448651285854284,0.01238604997591815,0.8637115187387694,0.48837861534950255,0.08873814123261722,0.8893646066878558,0.9107654728598754,0.08573286972155393,0.012329190983461401,0.01735415649467332,0.5969454874238787,0.4576019890934921,0.8938607773935552,0.013166457620742337,0.8893874778502461,0.08483318735070607,0.43444720399665565,0.012771168077818694,0.5315821114930448,0.8933610164864392,0.5779061530892579,0.007631071006130079,0.020054698726031963,0.8548489800294696,0.5243970233668905,0.8847136961133153,0.7726322844306512,0.009740131339762849,0.002865800479208414,0.8933610164864392,0.8595246650862244,0.8847136961133153,0.041432245936050785,0.01948958381102829,0.05211381561431385,0.012329190983461401,0.8979572917299414,0.01366698630837402,0.6462973783974315,0.012329190983461401,0.0,0.6072515663831722,0.7930599886193554,0.8895764225054751,0.41347043505145264,0.012329190983461401,0.05385917256202654,0.8981377513175357,0.9195227283785377,0.0044202441074573445,0.0,0.8890327868123373,0.03131611838116599,0.8637115187387694,0.44699703192694706
55,0.6275314330421379,0.022933610750417426,0.05983978119416471,0.6044091130555128,-0.011658489072076957,0.6316365920181144,0.63900968377632,0.3298689979609253,0.36788595929862694,0.5136954308063603,0.0,0.026586857711244458,0.6718451348364807,0.0266695617629586,-0.012507274744618092,0.6388429355462646,0.6457287794291476,0.05642411980056293,0.06300453606680485,0.5772193799795663,0.3444944486829745,0.6424633909706633,0.6327603972040773,0.49945130381141384,0.021517133184807274,0.06227376193298382,0.5824673783693693,0.6184951515042523,0.4962906533598765,0.0,0.3508809293138385,-0.0004774210325079201,0.5639458543195621,0.0266695617629586,0.6348923073073848,0.655108327979296,0.6350643593608063,0.47106230096842605,-0.012507274744618092,0.0,0.0266695617629586,0.34924409544468604,0.5369169578145723,0.6462610494216287,0.027902695622916647,0.05941218935691236,0.3961884052941171,0.6462610494216287,0.632911403419473,0.29530455886438467,0.60091543323375,1.0,-0.012967307650559671,0.05155357617589674,0.601218580459346,0.015122721936485313,0.0266695617629586,0.0,0.38090909599192274,-0.0023138754836453447,0.4747779583861036,0.040477536721499764,0.025447826920055736,0.604253830244187,0.3606654132106835,0.08767141744404647,0.6117322674560293,0.6355661374211926,0.0990381694268475,-0.012507274744618092,0.02655231619710571,0.6290315702122763,0.41226729501890075,0.5673198299293987,-0.006505059702840225,0.597585765241219,0.09582066944195766,0.34725433516604565,-0.007668278845266146,0.41610205551487234,0.6278800255288332,0.5474072362019751,0.008738364788293469,0.03428612707562274,0.6761981105556709,0.49565571965693367,0.6350643593608063,0.5607857106705637,-0.013052896549279961,0.001652424590682434,0.6352340107685568,0.60091543323375,0.6350643593608063,0.038037972138577805,0.018215062289005126,0.06989657046876796,-0.012507274744618092,0.6115822902142477,0.02664545864719377,0.5115281403581061,-0.012507274744618092,0.0,0.5667605105336717,0.5650878305439382,0.5708436180446215,0.3924718896730522,-0.012507274744618092,0.07118924337484571,0.5844911493551675,0.62108214879176,0.009661201886750506,0.0,0.6314664380180274,0.04261726354691086,0.604253830244187,0.39271330761440665
56,-0.006000587039664585,-0.020905472877792663,0.03934425756535273,0.015693691830807894,0.9593411969671386,0.015019256948247534,0.02022491389098553,0.015763422194889146,-0.0084625002779988,0.001119227923745884,-0.07834018995003166,-0.018406495911218745,0.011119453520906169,-0.030149720951867486,0.959257766107208,0.01809954786002182,-0.010972493787786938,0.0003367854572039225,0.039368967190789465,0.005566623427533512,-0.046497986211297214,0.019570113699262152,0.010687734480923045,-0.0073916059886888815,-0.021047788661885444,0.03804973074906444,0.014869335776160337,0.009627838973341999,-0.007672951152680135,-0.07936725887017494,0.016204766945427194,0.3807173837467952,0.0035309901120729897,-0.030936079422155302,0.019792757981156366,0.012332181958721445,0.01930318408976056,0.012859066028044088,0.9585628647743251,-0.07834018995003166,-0.030149720951867486,0.011866287061164212,0.022610068070513842,0.02109991008698482,-0.02753256450847487,0.04249260054773439,-0.002608711373522135,0.02109991008698482,0.010895925559385544,0.006739903141336633,0.008556895451616617,-0.012967307650559671,1.0,0.044123731160228385,0.007246617496714782,-0.01592488203482328,-0.03171576849467191,-0.07936725887017494,0.003840798281877899,0.039338459220339995,0.01663023438856793,-0.024307294764029916,-0.025934983807968832,0.013589010182510628,0.019888289682711422,0.02929378678882157,0.007644939895500813,0.016462594192319744,0.02557906177966304,0.9585628647743251,-0.04124263941024306,-0.002718171208084524,0.018927048405012473,0.0024634050556098315,0.9195541498284563,0.006762991680468364,0.017936268693311393,0.012806784196867196,0.9392899628602828,-0.009809643311844102,0.017301280150439434,-0.002983011737749273,0.27008998189529787,-0.013249569563105518,0.022473606786622406,-0.00741005382183199,0.01930318408976056,0.014752895783408757,0.9643465454386473,0.30911499784295265,0.015900655137111915,0.015333806780616932,0.018517555403928312,-0.018797535387548775,0.1618439365992319,0.015838162681845548,0.959257766107208,0.008306618958560604,-0.032813455954984715,-0.0032472301451869066,0.9585628647743251,-0.07936725887017494,0.014792309107325322,0.01373171578239833,0.002145051515313834,-0.012861691901074782,0.959257766107208,0.036731389020456966,0.007957601086677164,0.02138200274350836,-0.020073967581110994,-0.07936725887017494,0.017694792696893065,-0.012445805343778638,0.013589010182510628,-0.0019414609850828038
57,0.045523549108252556,0.27390534917721543,0.6037158749955815,0.041652038553633,0.029572471511105553,0.06064966545497226,0.06207882391702469,0.1991054573758376,0.002827344849626638,0.06260915086966559,-0.07295775756849533,0.24353076681025382,0.050366422693257154,0.27053816352472976,0.031539438067807325,0.056531251871501376,0.03798970213086101,0.5900256589533097,0.7985446584898592,0.028658218611744144,0.02785619642824138,0.06208140906044863,0.03605234566067936,0.12399399935210265,0.23336934573159243,0.5365535271473559,0.029234641099823704,0.035067468210581494,0.12299435568039636,-0.0739485162827607,0.09603058074187558,0.19665421950806833,0.031766073504272484,0.27390534917721543,0.05927258621554655,0.05381946862518317,0.05651466864847657,0.051301332074757476,0.03569423799349558,-0.07295775756849533,0.27053816352472976,0.22590712355060444,0.05072877835914619,0.0613728490400485,0.280634157352292,0.6765681469028284,-0.0019545922602944373,0.0613728490400485,0.03719572924692331,0.39046802893190774,0.04420908018277079,0.05155357617589674,0.044123731160228385,1.0,0.02799671793673297,0.1364528575657814,0.2772706725858228,-0.0739485162827607,0.08897012157588138,0.11470533211420639,0.03449980911117608,0.3639270722410398,0.27390534917721543,0.03992175149349654,-0.004017097592026901,0.5884904339460119,0.03184298841018683,0.05586931402417985,0.6268207629521335,0.03569423799349558,0.21724920527704963,0.03328446465186764,0.003745169951540089,0.03249936319768662,0.07035915654785312,0.030346487842007518,0.5505519408400936,0.24521688224919846,0.029572471511105553,0.010934359224645031,0.05322296037263225,0.05129712941919512,0.2877820250367592,0.36547576463015097,0.06348634782835542,0.0456223390518935,0.05651466864847657,0.02347409640537192,0.030550970187451832,0.2405960550342291,0.05388530124375239,0.04108392958904236,0.05927700690753413,0.011293680247489375,0.23876682173428745,0.5635767881163938,0.031539438067807325,0.0306165207718103,0.24481309691433223,0.020323190405874884,0.03569423799349558,-0.0739485162827607,0.028377934879181457,0.025994206380220188,0.031766073504272484,0.04349427937258614,0.031539438067807325,0.7045549008168251,0.0320731526470572,0.05513485917777131,0.204223451117887,-0.0739485162827607,0.053873084465132205,0.32802400638088075,0.03992175149349654,0.02551390055750894
58,0.6776975678514485,0.002230566624283788,0.03526106126728131,0.8870689647455833,0.0039331548677131005,0.796807895411061,0.7686348990136709,0.38563562521582023,0.5384039956179663,0.46972105304914313,-0.04513688773380967,0.0043992553635588206,0.7881541146015261,0.006505694314486303,0.005187075369732912,0.7826911308626435,0.5466536133885628,0.030627871620906695,0.03783507345739721,0.9658089812620476,0.30946797761071226,0.7713342041317055,0.8489927230993786,0.5240082554367845,0.00452505587756162,0.04661559106454114,0.7809939415282511,0.8607234804957448,0.5263750100922906,-0.045621407061949976,0.3968654402009444,0.004326227064342343,0.9155166841171059,0.005848752838861822,0.7714377813203777,0.7358808892830502,0.774682704758277,0.4682452751390176,0.010103066191659463,-0.04513688773380967,0.006505694314486303,0.37503139721057277,0.5129991458719195,0.7685824813034449,0.0063686424704178825,0.0399406580281553,0.5736147581585911,0.7685824813034449,0.8665167961305644,0.25227036257656,0.8936993594421616,0.601218580459346,0.007246617496714782,0.02799671793673297,1.0,0.007002592083556451,0.005196890957964538,-0.045621407061949976,0.3582173300489791,-0.0016136173131457037,0.5419429997587151,0.015353632297675463,0.005848752838861822,0.8900026913480864,0.47405012067943053,0.06389796007806943,0.9290512486722767,0.799653478579819,0.06435894044928185,0.010103066191659463,0.00841942897754281,0.5763656206343891,0.4145747942584307,0.9198641591658951,0.00906782317095985,0.9503839607937156,0.07044711986479557,0.36657890619086464,0.009069902534601463,0.5457075579067389,0.7887448974032661,0.5780142672455431,0.005201718196919312,0.025909421810725468,0.7571814649605618,0.5032873670866046,0.774682704758277,0.703589367851345,0.0029055596786158023,0.007178485254999019,0.8111180613723586,0.8900432449752756,0.7798715158307783,0.013121114571226408,0.03210564461748069,0.03358695738032246,0.005187075369732912,0.9199367935030803,0.010390900130071363,0.6348559171021944,0.010103066191659463,-0.045621407061949976,0.5744607789649459,0.7253487548872832,0.9242350912138091,0.3760063633738174,0.005187075369732912,0.051282034219835855,0.9051245348378598,0.7916119838249596,-0.0006909775114780589,-0.045621407061949976,0.7915276780552909,0.02143974282726551,0.8900026913480864,0.4371209465016191
59,0.009356633225317768,0.04066698664640412,0.14080448822939823,0.003566370704627669,-0.018904370479836414,0.018990030589171612,0.020438172574594002,0.04959635425124258,-0.005167764985283355,0.03175529554276618,-0.04563231261402245,0.03943804398830464,0.006065047377770253,0.041516293599188736,-0.0175316401940474,0.01923658243881545,-0.004392342788051495,0.12787027512430746,0.14778989470653472,0.009120988699061928,-0.014596976539743638,0.01950532602477189,0.0047959394202928204,0.054501738191938896,0.04427724117932472,0.17477420871170615,-0.002857640034490783,0.00710602230188581,0.05377838997273163,-0.046126860994816166,0.03231084216791236,0.00862916272850146,0.007348806126790305,0.04066698664640412,0.02114759919341821,8.155343258895531e-05,0.019132524402350883,0.0032411090964393186,-0.01758540808095069,-0.04563231261402245,0.041516293599188736,0.07369073654334271,0.0005474611215781033,0.02021151116579325,0.04339683504948584,0.15813586899391774,0.001301120244244017,0.02021151116579325,0.005945177123430904,0.11907090637031541,0.014325210167382944,0.015122721936485313,-0.01592488203482328,0.1364528575657814,0.007002592083556451,1.0,0.04202990082598997,-0.046126860994816166,0.029406702040707874,0.12196413941253802,-0.00271108761303221,0.05684663875582,0.04066698664640412,0.0036582974422765856,0.0004255404939727963,0.1463384852507162,0.005642520626820893,0.016289698899369095,0.14672944136093546,-0.01758540808095069,0.04064962779929423,0.01834024526506689,0.018643148448275023,0.007783236314674077,-0.014020541962824618,0.00630498623172401,0.1477266949306329,0.08735650321479348,-0.01712018846051715,-0.0104544322276546,0.019085784083914408,0.0006143610494258432,0.0077168384254341455,0.1891113080990638,0.004995276114277377,-7.818046032570107e-06,0.019132524402350883,-0.005314926481269053,-0.01867963491526987,0.014873131051763735,0.014779062416061845,0.0040334208378954494,0.019707467117190198,0.0415492113618458,0.03800809699780496,0.13755873243885844,-0.0175316401940474,0.005391661741403688,0.03743426789778332,-0.010928411220750554,-0.01758540808095069,-0.046126860994816166,-0.0041288712732171695,-0.005746730647892911,0.007348806126790305,0.022607421763401317,-0.0175316401940474,0.16367166047984502,0.010474369188154024,0.01773605169811352,0.03495419041474502,-0.046126860994816166,0.01842770924912788,0.0731324857003787,0.0036582974422765856,-0.0016800335978013638
60,0.00913335892323911,0.9322205524199868,0.3915873335114012,0.009905451950163248,-0.06973747353463444,0.010748494864969729,0.009895843914951697,0.06672020136150483,0.017195713463271072,-0.024126884860085067,-0.06101751517642026,0.9054670827973459,0.012700212778471066,0.9847776520667478,-0.06420060854895093,0.008871299895220518,0.01772399096477817,0.3557103935224598,0.2087052995068623,0.01062037796215632,0.036522581133277804,0.007932074863546842,0.0037220623014941386,0.10400024366898497,0.8486730932032982,0.13668032973015332,8.094442731112308e-05,0.0026149875993524405,0.10333093677351624,-0.061503250939827565,0.04885829423720125,0.10582728929966685,0.01207280856370212,0.9924217706307912,0.007142947553553969,0.022665409128560677,0.0037653201155942112,0.016727877320141162,-0.05571102619890719,-0.06101751517642026,0.9847776520667478,0.09906597952736639,0.021509274518629797,0.007732161618404235,0.9626074385282883,0.19258769814492582,0.0002619588906517428,0.007732161618404235,0.003156794478868163,0.17235614109611538,0.013351345680871683,0.0266695617629586,-0.03171576849467191,0.2772706725858228,0.005196890957964538,0.04202990082598997,1.0,-0.061503250939827565,-0.02145089148285091,-0.0031919352547779257,0.021528161216041238,0.6898991685381447,0.9773006966209458,0.01046010357140946,-0.040621891903748625,0.1895370779436687,0.008838646341211082,0.010540535419351765,0.25747370809122855,-0.05571102619890719,0.8738713680879648,-0.0014992132458999858,-0.04514664139593697,0.012350352133464595,0.025398253527685526,0.0064015193395260545,0.1644725270802557,0.11000724314386504,-0.06415458035170711,0.015914937506047826,0.0029741534492344996,0.03261634918126052,0.05336626424565633,0.1797958963119924,0.01858389036236658,0.03966604585011019,0.0037653201155942112,0.00408796993753487,-0.06980449430475778,0.08117386088983415,0.006951947519708965,0.009723736624979114,0.00907269048136173,0.0140364113670598,0.03134369557264803,0.38971709298062107,-0.06420060854895093,0.006017555928440007,0.8852156867905591,0.025757461409857196,-0.05571102619890719,-0.061503250939827565,0.00826758243690126,0.00913335892323911,0.01207280856370212,-0.013643027087584204,-0.06420060854895093,0.19050082640206475,0.01316329681657889,0.004704867699055169,0.7476694288073678,-0.061503250939827565,0.003129236208959468,0.5880599920590122,0.01046010357140946,0.01858300702668922
61,-0.05677834181499838,-0.061123956783358094,-0.07983043857038796,-0.04980447729804579,0.0,-0.05844195359492132,-0.060049781988156435,0.0,-0.03532866211609276,-0.06927430163513504,0.9868512643351744,-0.05743182947108259,-0.060246833270023274,-0.06073872171026947,0.0,-0.059051430865877726,-0.07128494208384703,0.0,-0.06691881868267172,-0.04277729566032183,0.0,-0.060638314372620225,-0.04956549435864416,-0.06309751909552294,-0.05608204249461557,-0.059051430865877726,0.0,-0.047621840894531586,-0.06291362079307737,1.0,0.0,-0.041715999432634335,0.0,-0.061123956783358094,-0.05985185733499559,0.0,-0.055925630827866356,-0.07527261157400703,-0.07968522714355801,0.9868512643351744,-0.06073872171026947,-0.03899892636142859,-0.07285988383743607,-0.06044301084932491,-0.06187669169893941,-0.06506206069616076,0.0,-0.06044301084932491,-0.04860074108589732,-0.05985185733499559,0.0,0.0,-0.07936725887017494,-0.0739485162827607,-0.045621407061949976,-0.046126860994816166,-0.061503250939827565,1.0,-0.06866630385862653,-0.04687835370936331,0.0,0.0,-0.061123956783358094,-0.05051614317490142,-0.06418237389888246,-0.0652353302656196,-0.04835734407126614,-0.05823705127736091,-0.07607185851042374,-0.07968522714355801,0.0,-0.06160170721037059,-0.07195807062891488,0.0,-0.0789347004479003,-0.047621840894531586,-0.06506206069616076,-0.04330250986360145,0.0,-0.04956549435864416,-0.0548401381090314,-0.05417838016709604,0.0,-0.06835678717098764,-0.06272884176124363,-0.055494048283792397,-0.055925630827866356,-0.05925284613054019,0.0,-0.02967733029758763,-0.05698934199281191,-0.04956549435864416,-0.05925284613054019,-0.04980447729804579,0.004996102073684282,0.0,0.0,-0.05004257934998805,-0.059546467642903764,-0.05260372201123953,-0.07968522714355801,1.0,-0.06788565032557256,-0.05677834181499838,0.0,-0.07903175289928643,0.0,-0.06471285097961707,-0.04382411311840411,-0.05417838016709604,-0.06073872171026947,1.0,-0.05505897988544697,0.0,-0.05051614317490142,-0.03927476125724618
62,0.4548981109557039,-0.02072149444984278,0.09765926801587146,0.40178420604609444,-0.004712891883536515,0.4404925313077211,0.44359692556785574,0.3160562467065561,0.22175180157375465,0.4773862095661772,-0.06775390705402223,-0.020085158436493455,0.41099807647441017,-0.019986496139779836,-0.003350006039780387,0.446597623243901,0.4423460182538658,0.06808848371521371,0.11078442329346141,0.3424994452010712,0.2347297965001966,0.44973385647888436,0.39169731309988626,0.3367115275694774,-0.023967440055569066,0.09952521820647808,0.38457227145761175,0.37673638776791063,0.33496280728954003,-0.06866630385862653,0.42694412975729545,0.013209288831899287,0.3228426964884093,-0.02072149444984278,0.45481555663111184,0.44026152450924705,0.42507489471258464,0.35750055489494215,0.005952553056310229,-0.06775390705402223,-0.019986496139779836,0.2796904055179829,0.3994736937093978,0.44768261487486655,-0.016207336590513856,0.12046641807766151,0.18865122302114393,0.44768261487486655,0.3841758663821791,0.29662170599169746,0.3773762013291485,0.38090909599192274,0.003840798281877899,0.08897012157588138,0.3582173300489791,0.029406702040707874,-0.02145089148285091,-0.06866630385862653,1.0,0.06770698337327462,0.24611024845990243,0.014369902194252725,-0.02072149444984278,0.4034209535044304,0.29352793858484133,0.15146008778080072,0.3743241895356001,0.4384685543028203,0.14032366671890792,0.005952553056310229,-0.013742312442748759,0.407645620012972,0.35631607660262626,0.3253375724387211,0.004501242845407132,0.3727668238138108,0.1560123348600151,0.3126421585032306,-0.0022473253291308117,0.2482032442142133,0.4237022786476807,0.32964847161913297,0.005097375468706318,0.12786771715195294,0.4194196246088449,0.24997927797128972,0.42507489471258464,0.3524312034882673,-0.0040362581914966545,0.021510717336101267,0.43506055358544365,0.3998692056122779,0.4486437462702965,-0.02531723036950866,0.06213190506287005,0.09895956854961724,-0.003350006039780387,0.3713189488635119,-0.02078010737355285,0.292239432135255,0.005952553056310229,-0.06866630385862653,0.3669713277854196,0.33515240950748815,0.3228426964884093,0.38073462240207584,-0.003350006039780387,0.12892939165190842,0.3495578831429998,0.4093783680624862,-0.03180722589818378,-0.06866630385862653,0.42568381056307164,0.004724201784282799,0.4034209535044304,0.19028924156060856
63,0.004872127473631238,-0.0007844602370323675,0.08075030033491014,0.00680472146923175,0.018317455797665763,0.008537178167223656,0.010587264970225956,0.03331113433890462,-0.005968442327345857,0.026094363413645245,-0.046368925225719525,-0.005997871602132087,-0.0007743415213984406,-0.0037479242262411496,0.01981333963157559,0.009658913311442847,-0.007305916088800782,0.053016060037338206,0.12128930547353405,-0.000935974325600067,-0.010230354001083467,0.0097233647546245,0.002624676756338539,0.003767834230676388,-0.00595956277710062,0.13933099941517013,-0.00521976908837692,0.0012955012394082345,0.003433267314819399,-0.04687835370936331,0.01324754823223686,0.04048933247931681,-0.0035610361195049837,-0.004354217072671344,0.011218168110897412,-0.004212202476953719,0.009871439506495376,0.004082100456334458,0.036330970712816796,-0.046368925225719525,-0.0037479242262411496,0.054405146847719806,-0.0027717603757133613,0.010351054541288016,-0.0020255723520127044,0.1459652241507286,0.03611310748048955,0.010351054541288016,0.0015969444346172917,0.07948525560370805,-0.0036621880775320192,-0.0023138754836453447,0.039338459220339995,0.11470533211420639,-0.0016136173131457037,0.12196413941253802,-0.0031919352547779257,-0.04687835370936331,0.06770698337327462,1.0,-0.0036095960240684756,0.007916839065338127,-0.00257977654033618,0.006101295395457165,-0.01158469869314378,0.11545884376796864,-0.0011900870033707373,0.007229708123215418,0.13156132998651524,0.036330970712816796,-0.008656292813799784,0.009630741025690833,-0.004076245769856711,-0.003568589268150559,0.039407828115673726,5.668241559295631e-06,0.1724960069832598,0.057924342095736,0.018317455797665763,-0.0064500835829007525,0.009929089993946838,0.01072246193418241,0.03069148147867142,0.29998482275789917,0.004018948143310529,-0.009130491669612457,0.009871439506495376,-0.014716562444351324,0.019060338720848488,0.05195936153107717,0.006981219784691492,0.0064873172024587115,0.010041907629933847,-0.01079888148239477,0.08452390210827256,0.04954251268916792,0.01981333963157559,-0.0027323524405323584,-0.010676218737620395,-0.010987792032505345,0.036330970712816796,-0.04687835370936331,-0.01229361923319035,-0.013494709290710954,-0.0035610361195049837,-0.012021267023383603,0.01981333963157559,0.16725080680716745,-0.00016181435289510168,0.007929864790736206,-0.008978755252064614,-0.04687835370936331,0.010300786106509618,0.009756851167018065,0.006101295395457165,-0.006634666229703426
64,0.5207688951307539,0.01732488227089146,0.024548567185904212,0.5518850103932269,0.01750608138705637,0.5443241645657724,0.5376035249149864,0.3368274521635601,0.47530782747578837,0.3522670060197261,0.0,0.020669640722212744,0.5405002240288402,0.021528161216041238,0.019025333438041584,0.5442438850535709,0.43601434007475154,0.025278158439905257,0.036937890041432296,0.5455830566265669,0.2580889684304595,0.5408369762764419,0.5721179437370719,0.4663935620607928,0.022634273966018668,0.03321615318083591,0.511702720311148,0.5517493719844986,0.46332189861865086,0.0,0.321065276119139,0.005521873197149477,0.5730201683173745,0.021528161216041238,0.5474986707842477,0.5464375581483305,0.5408369762764419,0.44606408798167174,0.019025333438041584,0.0,0.021528161216041238,0.303719879088924,0.41314642722971745,0.5375220613819726,0.022498012744093854,0.03668159494389976,0.46292020474390494,0.5375220613819726,0.5653090110102476,0.23913406565803844,0.5553082976976593,0.4747779583861036,0.01663023438856793,0.03449980911117608,0.5419429997587151,-0.00271108761303221,0.021528161216041238,0.0,0.24611024845990243,-0.0036095960240684756,1.0,0.02008866788971085,0.020568832077243897,0.5518177251510881,0.3588954041720517,0.05759737039315348,0.5587410915148441,0.547817412747477,0.05851363985242323,0.019025333438041584,0.023632450716920255,0.4281192211348505,0.3379796325739743,0.5695570353902502,0.022478977495157242,0.5520163808986446,0.0590030844039205,0.30290222595208316,0.023109182789906254,0.36246310059873266,0.5409184004547984,0.49214119902897846,0.01513498923022174,0.008025687834167686,0.5714664290752857,0.4927652116887835,0.5408369762764419,0.47923819398840084,0.016455284373547242,0.007145762608392595,0.5409184004547984,0.5485384808473257,0.5408369762764419,0.044616330002227526,0.022167403416443833,0.03478375320539596,0.019025333438041584,0.5518850103932269,0.022045123118085628,0.4396551234031661,0.019025333438041584,0.0,0.4068739704045054,0.48914771761009346,0.5661573879460491,0.28000068707966447,0.019025333438041584,0.045677315935495476,0.5524426730282308,0.5546738588157537,0.015942660532699382,0.0,0.5442438850535709,0.022263710508063715,0.5518177251510881,0.43533119244183194
65,0.033807506483569484,0.6934221417844446,0.4778085674135519,0.019876163053490364,-0.04648678522355015,0.027905617595622836,0.027905617595622836,0.09028140024113442,0.010848723859140262,0.0035945174920807327,0.0,0.6394325788421299,0.03091314404371324,0.6898991685381447,-0.04104487395526994,0.025968389298201687,0.023493981365566827,0.42181632270927705,0.28374660279484853,0.01860602880090039,0.055776468729662965,0.0264950437900477,0.02091732289508662,0.10049419537345655,0.6209116219898124,0.17793157066067916,0.015696992691938742,0.019112962369317983,0.09942758028579352,0.0,0.06309387244252476,0.09229450832298751,0.0175126493191791,0.6898991685381447,0.02756525470768057,0.03493099343735692,0.0264950437900477,0.026678765247204132,-0.04104487395526994,0.0,0.6898991685381447,0.10537141123473677,0.05404838641307543,0.025968389298201687,0.6960175855752118,0.24756559072708273,-0.00013639036009121058,0.025968389298201687,0.020004711002502246,0.22690524751936225,0.02448651285854284,0.040477536721499764,-0.024307294764029916,0.3639270722410398,0.015353632297675463,0.05684663875582,0.6898991685381447,0.0,0.014369902194252725,0.007916839065338127,0.02008866788971085,1.0,0.6985561866235337,0.020773953838278823,-0.025681828797140652,0.23072588668770527,0.02147968432506172,0.0263179660208541,0.3225596590968202,-0.04104487395526994,0.6115473681745596,0.02031617032094212,-0.021105405289063846,0.017918075400677073,0.03051592073970862,0.018142108952111557,0.20530408247780277,0.13146888801171433,-0.04164974377409188,0.011306133056025309,0.025447332120003104,0.04931669557756447,0.0823341319746284,0.23301234585172861,0.027027323009997117,0.03607984579866484,0.0264950437900477,0.016433980657596874,-0.04622334043966142,0.06837124216791045,0.025447332120003104,0.01943499033332348,0.0264950437900477,0.002945817161984381,0.03540859006747405,0.46732204530176374,-0.04104487395526994,0.017391351148635683,0.6487651378872524,0.022873944891000936,-0.04104487395526994,0.0,0.024089449902928058,0.015285943747703652,0.0175126493191791,0.027513454725553794,-0.04104487395526994,0.24407055274577316,0.021402456259792327,0.025287235766198988,0.6250806683501174,0.0,0.025968389298201687,0.5839073225223066,0.020773953838278823,0.016528728938117646
66,0.009900577136046244,0.9393945843511676,0.3941637695930573,0.01061899534691014,-0.0649989442331981,0.011537560147466184,0.010694231215791872,0.06546649439365745,0.016232038053754623,-0.02642051422549006,-0.06064543166360155,0.8971003874346327,0.013513598484980011,0.9923434143529406,-0.059361610803579976,0.009656339728945378,0.018651650578544805,0.3620796143943288,0.21032129655369658,0.009507879127667342,0.035070271344656546,0.008726042569539938,0.004399190351601134,0.09834262315622683,0.8715348910133228,0.13799764463665107,0.0017499579579937378,0.003268796285543079,0.09770016126873764,-0.061123956783358094,0.05022118666869308,0.1069493818416285,0.011208063293420646,0.9847775129708332,0.0079264045201143,0.021446737792762818,0.004498019260352313,0.01768557101431502,-0.049896500878147135,-0.06064543166360155,0.9923434143529406,0.09514534286548443,0.022466306596945106,0.008523506762577706,0.9549375153248341,0.19413623642818134,-0.0002694391586999334,0.008523506762577706,0.0038223069354824933,0.17010181754228665,0.01238604997591815,0.025447826920055736,-0.025934983807968832,0.27390534917721543,0.005848752838861822,0.04066698664640412,0.9773006966209458,-0.061123956783358094,-0.02072149444984278,-0.00257977654033618,0.020568832077243897,0.6985561866235337,1.0,0.011182464269443514,-0.04003649271135631,0.19107635765084083,0.00953442622558073,0.011326882257851311,0.2593578944531874,-0.049896500878147135,0.8644849434028921,-0.0007422545596888168,-0.04449442509075929,0.011478488550476557,0.026426340993620945,0.0070773370049997605,0.16592383205798883,0.10576175545981742,-0.05939875598639046,0.014563084310270868,0.0036932385216898443,0.03347807711603776,0.05227414185912858,0.17706995271510745,0.01944478218972561,0.04056971069633939,0.004498019260352313,0.004851338118136066,-0.06502442781808619,0.07997992987397022,0.007710024065521723,0.010434331531205028,0.009860406562177206,0.012685125129896902,0.030761049258403332,0.3964026420365245,-0.059361610803579976,0.006711647358607194,0.9074659688622846,0.02425232369393138,-0.049896500878147135,-0.061123956783358094,0.009125216820352926,0.009900577136046244,0.011208063293420646,-0.017669465648889958,-0.059361610803579976,0.19203997838919906,0.01200685697296265,0.005427284017019922,0.7536247782721716,-0.061123956783358094,0.003851053390991418,0.5982891358081112,0.011182464269443514,0.017518626075219625
67,0.6925492551415258,0.00703954747422778,0.04713079399794201,0.9843150751138168,0.006731017689526377,0.8421070590584918,0.8245543857524237,0.41131010600179,0.5424984439091335,0.48964174160977136,-0.04993525689031934,0.009310702709178437,0.8101794437877851,0.01191001073035262,0.009954366863518705,0.8275567814647553,0.5782766443946027,0.037806454104294646,0.05164902497619729,0.8753634193603811,0.3155775270952057,0.8216004752499025,0.8720664672967805,0.5504398502295106,0.009381363249939096,0.05850034798180478,0.7767794197871815,0.8604550655565494,0.5528830182952943,-0.05051614317490142,0.41700612977327794,0.008090467679141712,0.8682331145904658,0.011182464269443514,0.8216993638646736,0.7714140750896711,0.813560348861495,0.4875590220327194,0.01674135236416982,-0.04993525689031934,0.01191001073035262,0.3977224324652579,0.5433505690540573,0.8187498909191917,0.011823599446606386,0.05414578131560005,0.5297011150850575,0.8187498909191917,0.8721230070694972,0.28340596766348836,0.8637115187387694,0.604253830244187,0.013589010182510628,0.03992175149349654,0.8900026913480864,0.0036582974422765856,0.01046010357140946,-0.05051614317490142,0.4034209535044304,0.006101295395457165,0.5518177251510881,0.020773953838278823,0.011182464269443514,1.0,0.46766138706631394,0.0833670205493935,0.9047903952130293,0.8508744419581555,0.08096535078338195,0.01674135236416982,0.015500442097119116,0.5993935557694733,0.42415777359605894,0.8724646156305953,0.015814364029188444,0.9138265993892688,0.0866013814913355,0.4008145514345669,0.012327166463047953,0.5400974612147931,0.8222584297391765,0.6111763769637353,0.008036985440918805,0.03622184008488358,0.8126936927689397,0.5110291228580244,0.813560348861495,0.7026758897152472,0.007404574808597388,0.011559767126896622,0.856842842397897,0.9811948872461965,0.8304212646030921,0.013000694652346613,0.0430335303511245,0.04095938954860444,0.009954366863518705,0.8897890749182432,0.014123828041890094,0.6239497804889,0.01674135236416982,-0.05051614317490142,0.5971865010571434,0.7084773078012868,0.8682331145904658,0.383320086484901,0.009954366863518705,0.06899097307178996,0.8753145538453732,0.8309462508537979,0.0016550697961594952,-0.05051614317490142,0.8251068229756879,0.027163669762972978,1.0,0.4322034186647026
68,0.4170366948892192,-0.0448342283252054,0.0030588893639784264,0.465778903859782,0.019254878356219838,0.49504166267198857,0.5079172163581984,0.2133680829707983,0.3324259571493203,0.4525877393840131,-0.06334595879678923,-0.03955865430456111,0.49625617565285396,-0.03944583576304674,0.018358345470077402,0.5154781541764994,0.4412844956716582,0.00013611358041807115,0.009722363288495654,0.4816626622135784,0.20319149886706128,0.5098842134126007,0.45932691955577765,0.4210466652298354,-0.040223691585158726,0.02424016395544546,0.49712367149994247,0.4601473278689098,0.42333615620871295,-0.06418237389888246,0.28125784392739034,-0.005182117041286325,0.48083997419579205,-0.04003649271135631,0.5196969078326074,0.46213552754001846,0.5009837873696753,0.43749533656437717,0.025118268256691098,-0.06334595879678923,-0.03944583576304674,0.2566044299785427,0.4481866843456472,0.5123323622725575,-0.04120204462702949,0.019365449509118452,0.35413166524719075,0.5123323622725575,0.4597414371269339,0.1931739201011121,0.48837861534950255,0.3606654132106835,0.019888289682711422,-0.004017097592026901,0.47405012067943053,0.0004255404939727963,-0.040621891903748625,-0.06418237389888246,0.29352793858484133,-0.01158469869314378,0.3588954041720517,-0.025681828797140652,-0.04003649271135631,0.46766138706631394,1.0,0.0527174022116959,0.4751947846007397,0.4974469854251567,0.034904108057614035,0.025118268256691098,-0.03864577610678522,0.42649543295094827,0.517101285987454,0.47757070158889525,0.01764126422047513,0.4732831972065045,0.04271909508255537,0.24818427459586673,0.024607036838047762,0.41675812454071426,0.49015384089242137,0.393753923094113,-0.001882625069939554,-0.024004661100617084,0.4786274715428873,0.44337170672724024,0.5009837873696753,0.546115711167388,0.017496115725537453,0.00027390979759851135,0.498136296499402,0.4680777205727953,0.5130330682618345,-0.02059733184428818,0.010884956842202819,0.0038700085779475374,0.018358345470077402,0.49460751459966884,-0.0376422046038149,0.47777164018157453,0.025118268256691098,-0.06418237389888246,0.4928460605768048,0.5425980221438489,0.4744945359568353,0.4576096361758248,0.018358345470077402,0.021425118174194867,0.4724981598391077,0.5018492289613211,-0.05133414510613106,-0.06418237389888246,0.4877829149188284,-0.01676984266572503,0.46766138706631394,0.3534539134690473
69,0.07563742282361495,0.19107635765084083,0.48512032904836494,0.08495591232379733,0.003557126661636051,0.11631678053832618,0.12194188185044917,0.25653463195588555,0.028587546320080353,0.11010449985071481,-0.06438055286629797,0.16808926630742294,0.10361510081273602,0.18851602246646498,0.006958454330775984,0.114457539203412,0.09125019466255872,0.3900489806640562,0.6467988476838078,0.06131915162616691,0.039066792634946924,0.12252270850730498,0.07806597883500122,0.20538955069741588,0.16849542968644826,0.6327101696830462,0.06719528878249917,0.07366452404332433,0.20404470542276615,-0.0652353302656196,0.1796176242345964,0.1527835534571907,0.06362873469121398,0.18698399040482835,0.11845301871858474,0.10155132592549274,0.10699097429752304,0.1242141469078694,0.023530731348204142,-0.06438055286629797,0.18851602246646498,0.30019455352519114,0.11566078933233079,0.12149830620608511,0.1920917497848384,0.7319219436769189,0.007794862391148108,0.12149830620608511,0.076828774253632,0.4958267528832034,0.08873814123261722,0.08767141744404647,0.02929378678882157,0.5884904339460119,0.06389796007806943,0.1463384852507162,0.1895370779436687,-0.0652353302656196,0.15146008778080072,0.11545884376796864,0.05759737039315348,0.23072588668770527,0.19107635765084083,0.0833670205493935,0.0527174022116959,1.0,0.07215996368625845,0.11532214890026027,0.6012201153725656,0.023530731348204142,0.12602465088915663,0.06208262963220407,0.07904579044953033,0.06472906596855664,0.05424208226053967,0.06985479963871219,0.6192583489438597,0.3197836913906006,0.005547351679679032,0.03913719567200057,0.10228488368270196,0.08859517995138108,0.17375274553256637,0.2707200900949856,0.11626730960192204,0.10280853010944252,0.10699097429752304,0.07501573134272106,0.004235809904287635,0.2044478144053453,0.1071108668603185,0.08411585575114046,0.11788548255280584,0.010137768839368452,0.2970375342943808,0.3761057747442488,0.006958454330775984,0.07375503103844089,0.1687418972610451,0.0575262385859941,0.023530731348204142,-0.0652353302656196,0.08478462813289865,0.07360664435217548,0.06362873469121398,0.1088060019387289,0.006958454330775984,0.6613199254192587,0.06599764419955403,0.10175905585692613,0.14485179225086278,-0.0652353302656196,0.10321705140997209,0.19780180575081327,0.0833670205493935,0.05738337216029014
70,0.6903112070716145,0.005611665672043445,0.04243439532921455,0.9018279033571719,0.0050889428057859,0.8221137326491923,0.7991109027429386,0.40558538610627376,0.535821801384202,0.48848466165237026,-0.047818743831947,0.007867250489160005,0.8133164895673497,0.010235344173255966,0.006387250812159806,0.8191793935083728,0.5622185500798718,0.0350075874065894,0.04107189806182347,0.9080636340029316,0.3166542354498283,0.7962021022805533,0.8692518239114811,0.5488181526042777,0.007970311689682479,0.05060823923841455,0.7930616789284871,0.8635001472695273,0.5512470948562499,-0.04835734407126614,0.40543540720531845,0.004567485568220413,0.9024953159041733,0.00953442622558073,0.8076579384678254,0.755553316861758,0.7939541516337486,0.49590725847957967,0.010519010740005687,-0.047818743831947,0.010235344173255966,0.3921506010840628,0.5421263092574362,0.7934012289625137,0.010118704606540341,0.046590250968464655,0.5565187037451628,0.7934012289625137,0.881080986308509,0.26915525596622786,0.8893646066878558,0.6117322674560293,0.007644939895500813,0.03184298841018683,0.9290512486722767,0.005642520626820893,0.008838646341211082,-0.04835734407126614,0.3743241895356001,-0.0011900870033707373,0.5587410915148441,0.02147968432506172,0.00953442622558073,0.9047903952130293,0.4751947846007397,0.07215996368625845,1.0,0.830766640796429,0.07210334937647155,0.010519010740005687,0.014354562658531305,0.5828706832076219,0.42344082860641025,0.9068114435883015,0.009689535003380783,0.9534001308567202,0.07714091341827171,0.3834478131466548,0.010422091882750508,0.5616539520322184,0.8082101276922021,0.5895423575635202,0.00720555123033004,0.025633947303752992,0.7930775899886896,0.5184643203013387,0.7939541516337486,0.721839499652859,0.004018129663253372,0.007757764815607363,0.8251338527468829,0.8988511228819217,0.8162928685453169,0.010587320258195927,0.03264492685033555,0.03810153545996538,0.006387250812159806,0.9656846735555981,0.01236898317937883,0.6521401837714076,0.010519010740005687,-0.04835734407126614,0.6004860517870793,0.7439254947822194,0.911153953710218,0.38356873295633964,0.006387250812159806,0.056984541642245416,0.9080306171535638,0.811116381525217,0.0005304576449785544,-0.04835734407126614,0.8110308101793676,0.028064460704766665,0.9047903952130293,0.45564126627720963
71,0.7095386017279942,0.00885738485942375,0.07051402564626114,0.8422010727157878,0.012861852550226337,0.9778387258764604,0.9652324612771,0.4620030898738628,0.4719141469674934,0.5435740018735908,-0.057508584116098965,0.010977685178637802,0.8764248260845913,0.012118612778726846,0.014420298879947467,0.9683978838462992,0.6272300284039177,0.053942073080245886,0.06905560344196084,0.7859061669977571,0.3352997270691048,0.9558293707051817,0.8335284515531152,0.6288509866810315,0.010857141708207374,0.07808999082652288,0.8130000848406276,0.8222140423176336,0.626372125054977,-0.05823705127736091,0.437397300848776,0.009936381858299558,0.8137553897157497,0.011326882257851311,0.9496368372539121,0.7991451532862065,0.9099607370855212,0.5357626223019065,0.02153142240406641,-0.057508584116098965,0.012118612778726846,0.4646197035823226,0.5751757117298653,0.9589599948332581,0.012226812560926463,0.07841453830243322,0.5000934250465148,0.9589599948332581,0.8336287746519472,0.34264175806257874,0.9107654728598754,0.6355661374211926,0.016462594192319744,0.05586931402417985,0.799653478579819,0.016289698899369095,0.010540535419351765,-0.05823705127736091,0.4384685543028203,0.007229708123215418,0.547817412747477,0.0263179660208541,0.011326882257851311,0.8508744419581555,0.4974469854251567,0.11532214890026027,0.830766640796429,1.0,0.10547860441042849,0.02153142240406641,0.01462475533102041,0.6142139642893369,0.4779413870831767,0.817849037656008,0.019525501145387602,0.8279607186672356,0.11671673150294869,0.4549212113766403,0.015019984693854481,0.5452121710585918,0.9130709464812777,0.6117178649529615,0.01017147282099134,0.04171502352184929,0.8671410404010182,0.5338898166366238,0.9099607370855212,0.7361056467556606,0.013636090953686448,0.01653834392317382,0.9497653933838472,0.8393213319628465,0.9590062454653434,-0.0029015976928770523,0.047620451999858635,0.0604969133134262,0.014420298879947467,0.8450864986790204,0.017065911369553106,0.634805036466797,0.02153142240406641,-0.05823705127736091,0.636967387678594,0.7366782897031683,0.8137553897157497,0.4504629162046296,0.014420298879947467,0.08946217571810111,0.797025663396955,0.9100833560832352,-0.0024427749935746037,-0.05823705127736091,0.9100226146181337,0.03569728321192529,0.8508744419581555,0.4453415285645002
72,0.08733632191682587,0.2538641515210268,0.7003263445569243,0.08299566692993976,0.005532338179915643,0.108921345973003,0.11373685438082744,0.22871758909110285,0.02668805679001164,0.12657208977070364,-0.07505630803604749,0.23759907769327854,0.08693907263856109,0.2557383409796619,0.004063256914749446,0.1091050233494135,0.08584579652447738,0.5794519178801973,0.5992886455753146,0.06266139539857311,0.05281848794622134,0.11392279250533364,0.07159376992981903,0.18632233642288037,0.2431507279547332,0.5889910142869481,0.0642712829976361,0.06792500212160954,0.18509402817898396,-0.07607185851042374,0.16263862730413464,0.13932466196313892,0.06509788188592018,0.2538641515210268,0.11280165192899744,0.09227060863745362,0.1007014267137166,0.10442580320059891,0.016004836730240956,-0.07505630803604749,0.2557383409796619,0.28706639599584344,0.10516820929168665,0.11298558521598709,0.26107975799524374,0.6414180144722154,0.011767753406008675,0.11298558521598709,0.07076966569434734,0.4574878991001617,0.08573286972155393,0.0990381694268475,0.02557906177966304,0.6268207629521335,0.06435894044928185,0.14672944136093546,0.25747370809122855,-0.07607185851042374,0.14032366671890792,0.13156132998651524,0.05851363985242323,0.3225596590968202,0.2593578944531874,0.08096535078338195,0.034904108057614035,0.6012201153725656,0.07210334937647155,0.10547860441042849,1.0,0.016004836730240956,0.20704339835638585,0.0689113124380991,0.04598639222356763,0.0661378091142201,0.04704754709980908,0.06792500212160954,0.7135201751793209,0.3053303108286634,0.002517203423092691,0.03580027771383752,0.09639096527649717,0.09385546318691834,0.1557433831620368,0.3225956085247965,0.10832741120072739,0.07141211891989631,0.1007014267137166,0.06915044165983916,0.006325236889343475,0.17735124263154672,0.10016924923691412,0.0822155789300823,0.11261019099091571,-1.2740608798165221e-05,0.20913233754375943,0.6424001740135278,0.004063256914749446,0.07305053995892948,0.25035181034292814,0.05622686335499979,0.016004836730240956,-0.07607185851042374,0.06978803107859023,0.06708013977456974,0.06509788188592018,0.0987166389561471,0.004063256914749446,0.6044117162693339,0.06731725913489682,0.09621694911646797,0.2020247529195233,-0.07607185851042374,0.09724457117774558,0.31343536907194813,0.08096535078338195,0.05251628107983471
73,-0.005467105660411474,-0.0447223173196968,0.025103394385901933,0.018953327445218625,0.9794031652906627,0.02001090104324601,0.025495899972265656,0.015169926954323143,-0.0076903759321090785,0.0053251378932743015,-0.07866614651223024,-0.04336209491185869,0.015907478717527193,-0.054365696744491536,1.0,0.02325861476861764,-0.007436163281674225,-0.006117122893991611,0.03320929199699161,0.008320538712289558,-0.04633219404810136,0.024806277096741308,0.01531155842860978,-0.009106685935136012,-0.04106248764121648,0.03139239859985259,0.019105849947795975,0.014142779652288278,-0.009371731208851401,-0.07968522714355801,0.017084419528021304,0.3575176909409728,0.005222974992932889,-0.0550415341066907,0.025041435315315524,0.013775632697032787,0.024513387562811052,0.014552292668778173,1.0,-0.07866614651223024,-0.054365696744491536,0.009689139051231659,0.027700837080137403,0.026415405139474598,-0.05127658666485042,0.03912980096099675,-0.0007343118776219996,0.026415405139474598,0.015513294460052098,0.0020812316977801785,0.012329190983461401,-0.012507274744618092,0.9585628647743251,0.03569423799349558,0.010103066191659463,-0.01758540808095069,-0.05571102619890719,-0.07968522714355801,0.005952553056310229,0.036330970712816796,0.019025333438041584,-0.04104487395526994,-0.049896500878147135,0.01674135236416982,0.025118268256691098,0.023530731348204142,0.010519010740005687,0.02153142240406641,0.016004836730240956,1.0,-0.059241782529430694,0.0013045145226848903,0.021319706148236497,0.004089493929916393,0.9006153063054052,0.011089463268891611,0.012213913610654452,0.01025580385529094,0.9794031652906627,-0.006606034302312941,0.022392568302436366,-0.00222167528762089,0.25122521790114344,-0.02367926505036389,0.025685089590096667,-0.005350768915785087,0.024513387562811052,0.01973367090565148,0.9845178682324621,0.2889037572155252,0.020931726648751557,0.018578903270904744,0.023699082394490444,-0.01859796970451387,0.1555486527436241,0.009183110290776276,1.0,0.012790231536849678,-0.052299703221462684,-0.0009558753915457015,1.0,-0.07968522714355801,0.0197104735832523,0.018641007282199973,0.0037518897933356654,-0.010188059599393073,1.0,0.033378314324496464,0.010849396134538027,0.026693688549757615,-0.04399871648291296,-0.07968522714355801,0.022809951993446792,-0.02625058538119898,0.01674135236416982,0.00144405230366695
74,0.023859207583444685,0.9029890807633099,0.3347124323288969,0.014921245385551944,-0.06512425645257122,0.015529438838388965,0.015529438838388965,0.06008191672640782,0.014380907547763761,-0.017671220223303898,0.0,0.9659236763369129,0.019111524091938153,0.8738713680879648,-0.059241782529430694,0.012921036217168908,0.016182609061033963,0.3267509578153023,0.1581769926681066,0.013611759653557003,0.042834515862612554,0.013209305060513075,0.011559029137729535,0.08035303886564582,0.8742117639252859,0.10426830234704731,0.0005772092555380354,0.010538765411066332,0.07956008192690302,0.0,0.04992524543823183,0.04798072129735539,0.013816678766759814,0.8738713680879648,0.013795900445129683,0.025938765323035448,0.013209305060513075,0.01926731680134042,-0.059241782529430694,0.0,0.8738713680879648,0.05213756107951304,0.03729842509776119,0.012921036217168908,0.8834148630875502,0.13616666096643995,0.00040797468025731816,0.012921036217168908,0.01104275005648852,0.10925101598584873,0.01735415649467332,0.02655231619710571,-0.04124263941024306,0.21724920527704963,0.00841942897754281,0.04064962779929423,0.8738713680879648,0.0,-0.013742312442748759,-0.008656292813799784,0.023632450716920255,0.6115473681745596,0.8644849434028921,0.015500442097119116,-0.03864577610678522,0.12602465088915663,0.014354562658531305,0.01462475533102041,0.20704339835638585,-0.059241782529430694,1.0,0.013778612308877204,-0.04091450912098788,0.014086345097676044,0.010305018267340673,0.01119992485706049,0.11839712416052488,0.07164031512642728,-0.05913146074990441,0.006147057744391133,0.01263609182557795,0.03104149262811446,0.0419661110635849,0.21224156833819785,0.02011043952284059,0.03322113204978633,0.013209305060513075,0.007760315839559832,-0.06522619187096047,0.026537269057392697,0.01263609182557795,0.014636348534562837,0.013209305060513075,0.006594367302514328,0.0057241534380855765,0.3596017539355489,-0.059241782529430694,0.00956714081042877,0.8394225651904103,0.015209270673386106,-0.059241782529430694,0.0,0.01208983369602853,0.0057707701892520495,0.013816678766759814,-0.008522761944756211,-0.059241782529430694,0.13732732427239,0.014912977103064384,0.014038258527157182,0.7855454792338605,0.0,0.012921036217168908,0.6118607748458038,0.015500442097119116,0.012779116075423484
75,0.6531089135364192,-0.0033135047319881633,0.03809413245803836,0.6020777201701843,0.004238498486152017,0.6217248284202369,0.6160057663902191,0.31151474886113834,0.3746528104109368,0.48223229154217,-0.060811352233647066,0.0009696797518453247,0.6286489599515864,2.0134159196147246e-05,0.0057248140906628955,0.6240277958854007,0.5968002266671366,0.04625349691817525,0.044593994499213044,0.5556055880596464,0.33331005881637954,0.62337918902677,0.5996755258072889,0.42302388297172255,-0.001987064047469047,0.051366256873137145,0.6141134151121482,0.5806527582679557,0.421027711190273,-0.06160170721037059,0.3587977665372798,0.0018924693597461588,0.5398061197821952,-0.0007422545596888168,0.6288096045903623,0.6356046404523334,0.6175960024949162,0.45446672861328113,0.0013045145226848903,-0.060811352233647066,2.0134159196147246e-05,0.2979710591206379,0.5306401058467617,0.6209156533822126,0.00031777392454288527,0.04095128742993725,0.3706060653437891,0.6209156533822126,0.5901209726491878,0.2425903416908889,0.5969454874238787,0.6290315702122763,-0.002718171208084524,0.03328446465186764,0.5763656206343891,0.01834024526506689,-0.0014992132458999858,-0.06160170721037059,0.407645620012972,0.009630741025690833,0.4281192211348505,0.02031617032094212,-0.0007422545596888168,0.5993935557694733,0.42649543295094827,0.06208262963220407,0.5828706832076219,0.6142139642893369,0.0689113124380991,0.0013045145226848903,0.013778612308877204,1.0,0.3975489150089403,0.5363614119700916,-0.0008511329315471304,0.5903981519138413,0.06933432172657222,0.2998338253589039,0.009070609180271966,0.44743945815653957,0.6154546478107654,0.5688243940579195,0.005442126734034012,0.050800821537475976,0.5996559184290505,0.43192994839916393,0.6175960024949162,0.5618753147218881,0.004976759720804553,0.004358644862031484,0.6248070854339921,0.5996755258072889,0.6214053944914668,-0.004054690593532489,0.03418672553915702,0.055689192086999975,0.0057248140906628955,0.5896942310207153,0.004983661315916892,0.49687875024514205,0.0013045145226848903,-0.06160170721037059,0.5667531395191107,0.5533454964459783,0.5398061197821952,0.4023603785971978,0.0057248140906628955,0.05598082534299555,0.574424115679803,0.608160684481161,-0.005125101368350923,-0.06160170721037059,0.6128673535355099,0.03159693933381627,0.5993935557694733,0.3657389585262071
76,0.3939692935800136,-0.050795228165508154,0.01925954301190015,0.4225094661514503,0.010858502064520752,0.46639830749777494,0.46951921454664475,0.2274115980143052,0.31137987721000177,0.4335361020741569,-0.07099480880889963,-0.04494354410327301,0.476198038269891,-0.043836634046856476,0.009657666495919736,0.47725370515430976,0.4392972161501767,0.007510127941093976,0.01960242443504488,0.4099124994605388,0.2078980747741452,0.4712587299248149,0.44629290892403195,0.4619632182792744,-0.0461866082529599,0.037460321069174025,0.42824521763008044,0.44313992663832114,0.45988037465164383,-0.07195807062891488,0.263374746470569,-0.005221061302638169,0.4206409172221755,-0.04449442509075929,0.476553162416819,0.4481100627258264,0.47295457191416324,0.4471235803344366,0.021319706148236497,-0.07099480880889963,-0.043836634046856476,0.25284346613573305,0.4836002267353957,0.4737270488455788,-0.04579330094181575,0.041640694277995466,0.2740665205821037,0.4737270488455788,0.44255261350480524,0.22120831546451078,0.4576019890934921,0.41226729501890075,0.018927048405012473,0.003745169951540089,0.4145747942584307,0.018643148448275023,-0.04514664139593697,-0.07195807062891488,0.35631607660262626,-0.004076245769856711,0.3379796325739743,-0.021105405289063846,-0.04449442509075929,0.42415777359605894,0.517101285987454,0.07904579044953033,0.42344082860641025,0.4779413870831767,0.04598639222356763,0.021319706148236497,-0.04091450912098788,0.3975489150089403,1.0,0.4235094394733866,0.017298181023202946,0.4260137177315933,0.06244947932452541,0.23714676721785205,0.013716240170260924,0.33608907040891206,0.4670065874146268,0.3676093524721487,-0.0025820469593031835,-0.020548858997542038,0.4669195239580688,0.4553460186016482,0.47295457191416324,0.4793723926142398,0.008846414239795335,0.00405224301320456,0.46534804033546523,0.4247897209210817,0.4793723926142398,-0.0291108203755727,0.015963986881396847,0.014753568465671574,0.009657666495919736,0.437324617100623,-0.041829630923550194,0.38714419731573624,0.021319706148236497,-0.07195807062891488,0.4700883463360976,0.4677710630216675,0.4206409172221755,0.41082326885119264,0.009657666495919736,0.04039564077646966,0.4260567718292094,0.4742392944653031,-0.053296289845120075,-0.07195807062891488,0.46909228958269555,-0.00774975434019708,0.42415777359605894,0.3276066930348714
77,0.6536043480220188,0.008397005917374882,0.03516642303441738,0.8724837624146162,0.0029505386366362827,0.8054822520676025,0.8054822520676025,0.4030730126177082,0.5266731410590946,0.4640267397795132,0.0,0.011386989869325828,0.7608647863359813,0.012350352133464595,0.004089493929916393,0.7972850328257476,0.5320319214383133,0.031657447455832884,0.03892915866598908,0.9506633032908844,0.27759925881180547,0.7932006004089763,0.8724053508316204,0.5925213398867998,0.01091846770855042,0.03879642029561461,0.7574139114505783,0.8895250985564069,0.5960764050006145,0.0,0.40296522809987867,0.0010081244690453102,0.9954658461522783,0.012350352133464595,0.7850600667308615,0.6827219926865538,0.7932006004089763,0.45228330396793237,0.004089493929916393,0.0,0.012350352133464595,0.4237642926246198,0.4812660456545066,0.7972850328257476,0.013232692242449011,0.03108905021112956,0.5669530484829792,0.7972850328257476,0.8809461428764707,0.27637982622178475,0.8938607773935552,0.5673198299293987,0.0024634050556098315,0.03249936319768662,0.9198641591658951,0.007783236314674077,0.012350352133464595,0.0,0.3253375724387211,-0.003568589268150559,0.5695570353902502,0.017918075400677073,0.011478488550476557,0.8724646156305953,0.47757070158889525,0.06472906596855664,0.9068114435883015,0.817849037656008,0.0661378091142201,0.004089493929916393,0.014086345097676044,0.5363614119700916,0.4235094394733866,1.0,0.00592635203154034,0.9155036628376622,0.061359126188175184,0.3883418778489769,0.007426759310421385,0.5322813800561519,0.8013789151512544,0.5719803415308314,0.004667281115754383,0.01234844509886225,0.7891256132503665,0.5318962490764713,0.7932006004089763,0.725860698662536,0.0020853128790049138,0.0023493653263075348,0.8013789151512544,0.876746187298478,0.7932006004089763,0.050800939266947405,0.01350623521454818,0.03478375320539596,0.004089493929916393,0.8981575521121569,0.01277550987065454,0.6324335699832826,0.004089493929916393,0.0,0.5598001669509175,0.7534755867729661,0.9954658461522783,0.3600029301472952,0.004089493929916393,0.039528037550319986,0.9330480178254208,0.8261409215945814,0.0029322742155089114,0.0,0.7972850328257476,0.02461475416016928,0.8724646156305953,0.4596285967325888
78,-0.004559555501625687,0.03662679585417082,0.06465624314704684,0.017849014737578415,0.8861561995576315,0.01811313451644263,0.023517935305868095,0.028632864462851362,-0.003882532506855714,-0.00016404046736032246,-0.07790390289351348,0.04130605465714767,0.014470877792790288,0.022381607965202003,0.9053399356883202,0.021263728501247657,-0.007468739988589714,0.025494979861009306,0.06348134044479216,0.009759294095177565,-0.034975550953454886,0.022948430304359023,0.012832390512259989,0.01113608250368622,0.034033628046531726,0.05629587212790055,0.018062309156967302,0.011605923172650542,0.010733820790928224,-0.0789347004479003,0.027662511222943144,0.4022378302394757,0.006997039457475522,0.026426340993620945,0.02305981199614775,0.017473328044827766,0.02207594261057514,0.01445900249476785,0.9006153063054052,-0.07790390289351348,0.022381607965202003,0.027050393488617895,0.031078363790752947,0.02444516429034744,0.029420571779490683,0.06586395273416526,-0.0024172550899906925,0.02444516429034744,0.012954843481241651,0.028944993851592642,0.013166457620742337,-0.006505059702840225,0.9195541498284563,0.07035915654785312,0.00906782317095985,-0.014020541962824618,0.025398253527685526,-0.0789347004479003,0.004501242845407132,0.039407828115673726,0.022478977495157242,0.03051592073970862,0.026426340993620945,0.015814364029188444,0.01764126422047513,0.05424208226053967,0.009689535003380783,0.019525501145387602,0.04704754709980908,0.9006153063054052,0.010305018267340673,-0.0008511329315471304,0.017298181023202946,0.00592635203154034,1.0,0.008746797879431655,0.03283226789449642,0.02934942795404933,0.9055187182246176,-0.005156099162839985,0.019956756880149962,0.002628763949269337,0.29208056937350024,0.003691497441332533,0.026156288297366947,-0.00016789568275710434,0.02207594261057514,0.01610959417803131,0.8908767488926284,0.32795575803410665,0.018809378248199175,0.017468390939475536,0.021707304710545595,-0.017617548619120144,0.17736274427523513,0.04266402896114182,0.9053399356883202,0.010499919376179766,0.020349703970224967,0.0020866914687266477,0.9006153063054052,-0.0789347004479003,0.021671508285577984,0.016621264283721227,0.005550484179483834,-0.012002239261322455,0.9053399356883202,0.057110169021036244,0.01234494612751122,0.02395451702545909,0.042869793150271715,-0.0789347004479003,0.02037352886375577,0.032678531402791595,0.015814364029188444,0.006138865301518448
79,0.6878122294192306,0.003268796285543079,0.03904363528604574,0.9108467763747766,0.004311230237093346,0.8193266777998249,0.7963766314297211,0.3941298496769215,0.5382007989024845,0.4821035620168888,-0.047097728457468915,0.005459929965169523,0.810551237640003,0.007758270610598944,0.005579976001682762,0.8049989745023312,0.5553241761272875,0.03365064051145445,0.04088786840832776,0.9230994721668812,0.311853224237459,0.7934754071290896,0.8722295946321205,0.5372975635400896,0.005560766088608425,0.047049042547150755,0.7850054739946007,0.8664644030668597,0.5397002970706506,-0.047621840894531586,0.39398189453497273,0.004437793434561946,0.9111666257609169,0.0070773370049997605,0.79357706428121,0.7397715228005519,0.8025064237906705,0.4804316619173101,0.011089463268891611,-0.047097728457468915,0.007758270610598944,0.3785764281161806,0.5353799982921875,0.7906803770037832,0.00764445196871756,0.04313693646103693,0.5633373231431524,0.7906803770037832,0.8781661288358464,0.26117880033951996,0.8893874778502461,0.597585765241219,0.006762991680468364,0.030346487842007518,0.9503839607937156,0.00630498623172401,0.0064015193395260545,-0.047621840894531586,0.3727668238138108,5.668241559295631e-06,0.5520163808986446,0.018142108952111557,0.0070773370049997605,0.9138265993892688,0.4732831972065045,0.06985479963871219,0.9534001308567202,0.8279607186672356,0.06792500212160954,0.011089463268891611,0.01119992485706049,0.5903981519138413,0.4260137177315933,0.9155036628376622,0.008746797879431655,1.0,0.07283097675185878,0.3738736721401271,0.009513365920285125,0.564160298455731,0.8111252302907297,0.5970114375597133,0.006384905594305835,0.025591653740104674,0.7791119978293755,0.5163720098989903,0.8025064237906705,0.719276771037004,0.0032692701482256842,0.007534206755828715,0.8280811417996358,0.9138611093500576,0.8021373039557035,0.012314937181347409,0.034389220141925164,0.036714177594360346,0.005579976001682762,0.9380686052332254,0.009831821548545828,0.6446301969726957,0.011089463268891611,-0.047621840894531586,0.5933219897579982,0.7413060151723965,0.9198651076083739,0.3863918525968158,0.005579976001682762,0.056655665982225996,0.9230726742608028,0.8197373111676184,-0.0016611496418161029,-0.047621840894531586,0.8139506838903626,0.02447127155650963,0.9138265993892688,0.4536290477977017
80,0.0852034196923791,0.16592383205798883,0.5132390609364543,0.08819893334015866,0.0022960857016447083,0.12262407961429136,0.12589467643306188,0.25432112069421714,0.02679255553498884,0.14089360146859864,-0.06421028575114053,0.15131165974581232,0.09803549291716462,0.1634286049855958,0.001697335142377293,0.12074945686295484,0.0808829564324144,0.4256408712179733,0.5675018757491156,0.06767051108712518,0.049402302607087084,0.12649803565355092,0.08120427723039561,0.18573608968514274,0.15164474166818118,0.656163242375099,0.06380915710410284,0.07866320600140204,0.1844605086316702,-0.06506206069616076,0.17779423507562453,0.11082485431039375,0.060285729401920826,0.16198456978515324,0.12485632611927608,0.0883574818527862,0.11301603937813871,0.11225850092559655,0.012213913610654452,-0.06421028575114053,0.1634286049855958,0.327155178604408,0.10425622974589925,0.12545630406298836,0.16696214894632713,0.6427526478300554,0.006485847269977989,0.12545630406298836,0.0799299328863002,0.4754651805366323,0.08483318735070607,0.09582066944195766,0.017936268693311393,0.5505519408400936,0.07044711986479557,0.1477266949306329,0.1644725270802557,-0.06506206069616076,0.1560123348600151,0.1724960069832598,0.0590030844039205,0.20530408247780277,0.16592383205798883,0.0866013814913355,0.04271909508255537,0.6192583489438597,0.07714091341827171,0.11671673150294869,0.7135201751793209,0.012213913610654452,0.11839712416052488,0.06933432172657222,0.06244947932452541,0.061359126188175184,0.03283226789449642,0.07283097675185878,1.0,0.34017789519342273,0.0004153897035317676,0.031043174874706442,0.10817267144972346,0.08769299073561995,0.13282186195170714,0.32891943020222264,0.12022810789218213,0.07811695498695276,0.11301603937813871,0.07214141313237948,0.0029539407184846493,0.15184177470842689,0.11317511062701173,0.08734221704574201,0.12425458955336252,-0.0022575216856192465,0.23744881745526666,0.41141827099615197,0.001697335142377293,0.07882603263871188,0.1520492832778703,0.048062954069724634,0.012213913610654452,-0.06506206069616076,0.0684255420003468,0.07078177488201995,0.060285729401920826,0.1050775038656649,0.001697335142377293,0.6170028698007377,0.07069448568349913,0.10761395063632645,0.12144809083664994,-0.06506206069616076,0.10913225377745654,0.17852142902975932,0.0866013814913355,0.050121167191956285
81,0.367805275376991,0.10576175545981742,0.23746179776640505,0.4029697685226662,0.0020876392267160397,0.46131395066334296,0.4739159450645088,0.7584174113801896,0.23126857732710202,0.380687853508185,-0.0428642007709484,0.09458514548913158,0.41248378097147087,0.10689037678697404,0.004376406242409998,0.467645535595616,0.3002835144099628,0.18645352823757577,0.2699024673341556,0.37670667229940175,0.17058476061665737,0.47156786547815677,0.38909138837633633,0.5550890169852076,0.08746920780225316,0.28860580762226684,0.34602690647306955,0.3855553064497953,0.5527721265900931,-0.04330250986360145,0.40905053496528004,0.08001752561217437,0.38554022184137615,0.10844678344832037,0.4717849472365474,0.40880864734536027,0.45764040934621947,0.3245595501003427,0.01025580385529094,-0.0428642007709484,0.10689037678697404,0.8611701300764679,0.30635833251135924,0.4738078532461133,0.11157175496440032,0.3036806980197526,0.17782858363765208,0.4738078532461133,0.3932455091292019,0.6880494658312096,0.43444720399665565,0.34725433516604565,0.012806784196867196,0.24521688224919846,0.36657890619086464,0.08735650321479348,0.11000724314386504,-0.04330250986360145,0.3126421585032306,0.057924342095736,0.30290222595208316,0.13146888801171433,0.10576175545981742,0.4008145514345669,0.24818427459586673,0.3197836913906006,0.3834478131466548,0.4549212113766403,0.3053303108286634,0.01025580385529094,0.07164031512642728,0.2998338253589039,0.23714676721785205,0.3883418778489769,0.02934942795404933,0.3738736721401271,0.34017789519342273,1.0,0.004598188870211702,0.22221961118587522,0.4557524653364731,0.3420125256574231,0.08155833899688687,0.18383240668532042,0.42613589745174923,0.31609265839169665,0.45764040934621947,0.31849575534739866,0.002588835765942811,0.10174664666201132,0.4467186641091737,0.4010149862198261,0.4697662883786057,-0.008579893756579438,0.18880252906931527,0.21120581674374053,0.004376406242409998,0.38505355144959014,0.09436881252190464,0.2703758122090137,0.01025580385529094,-0.04330250986360145,0.2830224332521252,0.3192986475765663,0.38554022184137615,0.25325712582452997,0.004376406242409998,0.3145781643727854,0.3882226436719554,0.44951152183359294,0.08606615580732731,-0.04330250986360145,0.45356641126653874,0.08779843155576696,0.4008145514345669,0.2555044611820562
82,-0.005574489732247116,-0.05579806003222436,0.010025858813616343,0.013265710020259742,0.9692414270060681,0.014481358274685972,0.016706966842447116,0.015320077087993184,-0.007152352200428296,-0.0022473253291308117,0.0,-0.056016710591029674,0.00927188393751716,-0.06415458035170711,0.9794031652906627,0.017869656192278958,-0.017556251798755383,-0.007472669413493875,0.02322118464775076,0.007004048267720022,-0.04447937368019931,0.0161690824262573,0.01540573500469951,-0.012204646848804115,-0.04800739070656338,0.01943168068514142,0.019612589727921514,0.015317540802267333,-0.012439173884452719,0.0,0.018833283324720063,0.28559410606310986,0.00859438369639825,-0.06415458035170711,0.019671130515061058,0.014687217846000137,0.02079852359881134,0.007110844037633135,0.9794031652906627,0.0,-0.06415458035170711,0.0019346526654163195,0.018041224382943203,0.017869656192278958,-0.06329845900938111,0.023991849390199552,0.0011879587579815705,0.017869656192278958,0.016387883036952305,-0.004003525337182256,0.012771168077818694,-0.007668278845266146,0.9392899628602828,0.029572471511105553,0.009069902534601463,-0.01712018846051715,-0.06415458035170711,0.0,-0.0022473253291308117,0.018317455797665763,0.023109182789906254,-0.04164974377409188,-0.05939875598639046,0.012327166463047953,0.024607036838047762,0.005547351679679032,0.010422091882750508,0.015019984693854481,0.002517203423092691,0.9794031652906627,-0.05913146074990441,0.009070609180271966,0.013716240170260924,0.007426759310421385,0.9055187182246176,0.009513365920285125,0.0004153897035317676,0.004598188870211702,1.0,-0.011778689161112096,0.019575281896475415,-0.005143809531145774,0.25588119282346433,-0.022029688426342894,0.019062953969146226,-0.011526382842846072,0.02079852359881134,0.009261570198070692,0.9641171662664293,0.2121540031847802,0.015036327899799785,0.012771168077818694,0.018462469182246054,-0.018548729518606605,0.12895858470280375,0.007632991106373926,0.9794031652906627,0.011359984202250917,-0.06155063260188541,-0.008005881070594696,0.9794031652906627,0.0,0.008026502352127561,0.00705623187179684,0.007040309266035856,-0.015545521590859118,0.9794031652906627,0.022181161230846617,0.008628769268543385,0.022811176011891546,-0.04902103405161517,0.0,0.020183059552998366,-0.026898743611155476,0.012327166463047953,-0.002590942895298718
83,0.5018785595553411,0.010434331531205028,0.019226349825597684,0.5379244482833441,-0.013681491759172777,0.5381232872287827,0.5283252928741304,0.19087466432516967,0.4710691843980633,0.3362899968634078,-0.04900318377053519,0.012816705991150375,0.5732160476796432,0.015301203424319417,-0.01309949874811332,0.5309550550321512,0.49350177602843603,0.005187867808959672,0.016601827445622743,0.5346055571548153,0.26409853897677665,0.5304584883411025,0.5449569587458526,0.3766996650599136,0.008740634480642434,0.014866622887210818,0.5615896452769841,0.5314302589241948,0.3787683884804224,-0.04956549435864416,0.2028553474239686,0.0011782066308440415,0.5356378577634413,0.016659058297602763,0.5214542089595866,0.509321726868995,0.5111795046533629,0.3761045385183848,-0.006606034302312941,-0.04900318377053519,0.015301203424319417,0.24799185247459732,0.456570389596698,0.5281994967650739,0.015175998945535642,0.015149765497770841,0.6264361031806063,0.5281994967650739,0.5404923491797161,0.16985688784069264,0.5315821114930448,0.41610205551487234,-0.009809643311844102,0.010934359224645031,0.5457075579067389,-0.0104544322276546,0.015914937506047826,-0.04956549435864416,0.2482032442142133,-0.0064500835829007525,0.36246310059873266,0.011306133056025309,0.014563084310270868,0.5400974612147931,0.41675812454071426,0.03913719567200057,0.5616539520322184,0.5452121710585918,0.03580027771383752,-0.006606034302312941,0.006147057744391133,0.44743945815653957,0.33608907040891206,0.5322813800561519,-0.005156099162839985,0.564160298455731,0.031043174874706442,0.22221961118587522,-0.011778689161112096,1.0,0.5092048579747586,0.43725285889472326,-0.001627886467643206,-0.014601660602561559,0.5556578228780246,0.4368492145944853,0.5111795046533629,0.6764911009077362,-0.013395442894352487,0.005172434133376574,0.540869162992755,0.5356563802348492,0.5285737623412746,0.0006554161792176855,0.009785936101260388,0.007098207042771337,-0.01309949874811332,0.5732365323645008,0.015427011181738228,0.8054725420782265,-0.006606034302312941,-0.04956549435864416,0.5114012485322127,0.6874605354931188,0.5356378577634413,0.39273381133417185,-0.01309949874811332,0.021713280334095458,0.5436893794242302,0.5207739857096227,0.0011410615206824874,-0.04956549435864416,0.5114162158677051,0.014922404629721676,0.5400974612147931,0.4078461028621145
84,0.694303398594917,0.0014780286688616535,0.05795655734134576,0.8194660201820129,0.01728449525496072,0.9160955946644983,0.9038469601190493,0.47436529985680714,0.46816028255535413,0.5408106818155899,-0.054175794120989836,0.003506159048922982,0.8181677496177159,0.004417573437319156,0.018943561126213124,0.9191001218370415,0.5784912109445917,0.05745227626904412,0.06684734927737933,0.7750925950206091,0.33968843249216635,0.9007750782250682,0.8688407312511831,0.5850659957282159,0.0034417561524843175,0.07679311198212117,0.8046560925926627,0.8689773057899416,0.5826830849405618,-0.0548401381090314,0.44333492772801025,0.006947212036120132,0.7973283050480167,0.0036932385216898443,0.9251560168987734,0.8072271797170109,0.9842200535023556,0.5004509145804809,0.022392568302436366,-0.054175794120989836,0.004417573437319156,0.44400429957823795,0.5675105217215227,0.9038151889084185,0.004473784913326863,0.07170101591529184,0.4872458876480209,0.9038151889084185,0.8807215556445931,0.3184571681463579,0.8933610164864392,0.6278800255288332,0.017301280150439434,0.05322296037263225,0.7887448974032661,0.019085784083914408,0.0029741534492344996,-0.0548401381090314,0.4237022786476807,0.009929089993946838,0.5409184004547984,0.025447332120003104,0.0036932385216898443,0.8222584297391765,0.49015384089242137,0.10228488368270196,0.8082101276922021,0.9130709464812777,0.09639096527649717,0.022392568302436366,0.01263609182557795,0.6154546478107654,0.4670065874146268,0.8013789151512544,0.019956756880149962,0.8111252302907297,0.10817267144972346,0.4557524653364731,0.019575281896475415,0.5092048579747586,1.0,0.5879867533054737,0.01221212110460131,0.045804274807028054,0.8033855802879224,0.5028559950123016,0.9842200535023556,0.6937237525232433,0.018109031960654304,0.013646909473018526,0.9070970976385789,0.8166312492795872,0.9221373436417503,0.003028338532055256,0.04905695736359933,0.06415041740832453,0.018943561126213124,0.8108778662952464,0.008905484628499173,0.59573885755259,0.022392568302436366,-0.0548401381090314,0.5878668117838183,0.694303398594917,0.7973283050480167,0.4188992219874265,0.018943561126213124,0.0821661442726793,0.774987686960395,0.9717184291969911,-0.006501466101950356,-0.0548401381090314,0.9968360537891514,0.034614717624939485,0.8222584297391765,0.41291714829939746
85,0.5704521021666454,0.028588489328135566,0.06062500779467795,0.6138094410794819,-0.008342475816481981,0.6141569025988913,0.6036908079062926,0.35478826759431303,0.41590264011048667,0.4387327424850266,-0.0535266877539278,0.02888688703952886,0.616115754276351,0.034345172215193856,-0.007317403268768903,0.6164815301392632,0.5375001532511244,0.04809096512577671,0.057100315743387996,0.5713700886739471,0.2915334530230884,0.6059877980446152,0.5917159202575226,0.5023647399820282,0.031474184788120765,0.061288656885898046,0.5669985376341966,0.5680164928307201,0.5001688286809253,-0.05417838016709604,0.3279690355507401,0.013984029919652008,0.5754810307706967,0.03347807711603776,0.6112300713087174,0.574484860082177,0.5950373251996697,0.489364230341957,-0.00222167528762089,-0.0535266877539278,0.034345172215193856,0.35815363170332043,0.5411446501959298,0.6035633134905936,0.0342136284857101,0.06175703247924424,0.3715216719249839,0.6035633134905936,0.5822159874908307,0.27114622066874733,0.5779061530892579,0.5474072362019751,-0.002983011737749273,0.05129712941919512,0.5780142672455431,0.0006143610494258432,0.03261634918126052,-0.05417838016709604,0.32964847161913297,0.01072246193418241,0.49214119902897846,0.04931669557756447,0.03347807711603776,0.6111763769637353,0.393753923094113,0.08859517995138108,0.5895423575635202,0.6117178649529615,0.09385546318691834,-0.00222167528762089,0.03104149262811446,0.5688243940579195,0.3676093524721487,0.5719803415308314,0.002628763949269337,0.5970114375597133,0.08769299073561995,0.3420125256574231,-0.005143809531145774,0.43725285889472326,0.5879867533054737,1.0,0.010798931246143164,0.04224066197468591,0.6077670770810825,0.5098977644132189,0.5950373251996697,0.5457633272112684,-0.00783485239206296,0.017977146362622213,0.6120727768332158,0.6113794938168575,0.6139156144072125,0.0064265117593461105,0.042985949728023054,0.05439206198392874,-0.007317403268768903,0.5818931899746345,0.04204765427605091,0.499484543980077,-0.00222167528762089,-0.05417838016709604,0.4907128319761351,0.5418891677459887,0.5754810307706967,0.35406042652158953,-0.007317403268768903,0.07363887470299153,0.5759600721024876,0.5857260026056735,0.015208425500300892,-0.05417838016709604,0.59037115985872,0.04451222624702213,0.6111763769637353,0.43987380775397905
86,0.004687197762541185,0.04766978370023236,0.13843390830640126,0.008066722878923752,0.25588119282346433,0.01063213673418806,0.011686747094708598,0.09384368901174749,-0.0014051128267894254,0.0008547203534342771,0.0,0.04313984544112963,0.008929835363722122,0.05336626424565633,0.25122521790114344,0.011652033011366403,0.005449590995809113,0.14166849276411805,0.2552314909142266,0.004946297613227304,-3.9293997718787665e-05,0.01110204925572821,0.007054404730230045,0.024485416518501547,0.03894592573297412,0.1758860229293213,0.003215697532022172,0.00626667781259065,0.02376518660058001,0.0,0.03332468535514425,0.6305060239442104,0.005047944891015478,0.05336626424565633,0.013257946892919304,0.013955226993785003,0.013293297290553004,0.0083925309938122,0.25122521790114344,0.0,0.05336626424565633,0.07166871775884386,0.017343012677928905,0.011652033011366403,0.052189600897397465,0.2243099591388996,-0.0013988818862276245,0.011652033011366403,0.007085564364260043,0.09745478146292602,0.007631071006130079,0.008738364788293469,0.27008998189529787,0.2877820250367592,0.005201718196919312,0.0077168384254341455,0.05336626424565633,0.0,0.005097375468706318,0.03069148147867142,0.01513498923022174,0.0823341319746284,0.05227414185912858,0.008036985440918805,-0.001882625069939554,0.17375274553256637,0.00720555123033004,0.01017147282099134,0.1557433831620368,0.25122521790114344,0.0419661110635849,0.005442126734034012,-0.0025820469593031835,0.004667281115754383,0.29208056937350024,0.006384905594305835,0.13282186195170714,0.08155833899688687,0.25588119282346433,-0.001627886467643206,0.01221212110460131,0.010798931246143164,1.0,0.10467566646974895,0.012712498703154452,0.007234385450054758,0.013293297290553004,0.003085904859642908,0.2535481872407189,0.6818908709261182,0.010102863464535258,0.007631071006130079,0.012177194319544114,0.00041841257590389657,0.5506099973750429,0.12782738543263464,0.25122521790114344,0.005518134082754527,0.04551425710006069,0.0002832062992938623,0.25122521790114344,0.0,0.00658597259390334,0.002279411575090914,0.005047944891015478,0.0005452735054658355,0.25122521790114344,0.23080867191235574,0.0074232139709394665,0.012314120841150402,0.038251494601971,0.0,0.012747637595337228,0.06096434991620899,0.008036985440918805,0.00134664774303293
87,0.046187771721144626,0.17706995271510745,0.29906864503822145,0.037683628412285175,-0.024518496731219492,0.047706417521537585,0.04738686981696948,0.1929097412171571,-0.001729808020750534,0.047804113015554005,-0.06744942585766972,0.16516958082638933,0.03552735729191179,0.1785899250073948,-0.020928484861777417,0.044192846911157734,0.025238435918851942,0.34757278845317674,0.3564009603919902,0.02477767814321509,0.04123199942609025,0.04748642182824989,0.031013563816777112,0.06656866356958921,0.16115917338850844,0.30142838641285535,0.004467669194412765,0.02983715067467092,0.065808414183872,-0.06835678717098764,0.10343706337159077,0.0699473850972117,0.01186105443263553,0.17706995271510745,0.048585944543489315,0.02599463196850756,0.04368835115298572,0.017368519761399748,-0.02367926505036389,-0.06744942585766972,0.1785899250073948,0.1513353078583971,0.02461743236567089,0.046836575505034714,0.18252261545729398,0.3446676485626326,-0.006758031580058997,0.046836575505034714,0.030423483104251657,0.23098897675640345,0.020054698726031963,0.03428612707562274,-0.013249569563105518,0.36547576463015097,0.025909421810725468,0.1891113080990638,0.1797958963119924,-0.06835678717098764,0.12786771715195294,0.29998482275789917,0.008025687834167686,0.23301234585172861,0.17706995271510745,0.03622184008488358,-0.024004661100617084,0.2707200900949856,0.025633947303752992,0.04171502352184929,0.3225956085247965,-0.02367926505036389,0.21224156833819785,0.050800821537475976,-0.020548858997542038,0.01234844509886225,0.003691497441332533,0.025591653740104674,0.32891943020222264,0.18383240668532042,-0.022029688426342894,-0.014601660602561559,0.045804274807028054,0.04224066197468591,0.10467566646974895,1.0,0.045295933534474295,0.003400936896978238,0.04368835115298572,-0.007155976619566395,-0.023996585534379156,0.07848916219192684,0.04328457375330358,0.037120709707303655,0.04663788641229367,-0.004461469372671731,0.14042312666855877,0.34343843543768837,-0.020928484861777417,0.020634912815156753,0.15780525291253833,-0.009972916806661672,-0.02367926505036389,-0.06835678717098764,0.0022121193403789935,-0.00697876847445749,0.01186105443263553,0.009047272358258094,-0.020928484861777417,0.38584726305402056,0.02665194740382206,0.04055701356445701,0.15759807107293988,-0.06835678717098764,0.04643277617407987,0.22836244584090307,0.03622184008488358,0.0019156358355375126
88,0.6683880311340875,0.016631547428030156,0.0684286023808482,0.8099334843422684,0.012242886375316358,0.8581838306511288,0.8698661733488368,0.42843405941947316,0.4907713480767381,0.5331237528088311,-0.06191819914042683,0.018726837616525164,0.8848713797478751,0.020311271812457014,0.01608645697294695,0.8551219043895404,0.6694793414145838,0.05096314833311831,0.07466865402214025,0.7276133874442829,0.3415780727278491,0.8727754927310019,0.7900621330116422,0.603933567009284,0.01847953389268944,0.07901537232225721,0.8169478613239276,0.7735164048745581,0.6015071237911136,-0.06272884176124363,0.4282170265055309,0.013159846945207655,0.7851074316301947,0.01944478218972561,0.8490656436388705,0.8448977739755982,0.8060524502952477,0.553722815325157,0.025685089590096667,-0.06191819914042683,0.020311271812457014,0.44009029650230325,0.5792376129491925,0.8698069439729312,0.02053868073837816,0.07835390484339444,0.5227214762264796,0.8698069439729312,0.7902137841082779,0.33382750094020813,0.8548489800294696,0.6761981105556709,0.022473606786622406,0.06348634782835542,0.7571814649605618,0.004995276114277377,0.01858389036236658,-0.06272884176124363,0.4194196246088449,0.004018948143310529,0.5714664290752857,0.027027323009997117,0.01944478218972561,0.8126936927689397,0.4786274715428873,0.11626730960192204,0.7930775899886896,0.8671410404010182,0.10832741120072739,0.025685089590096667,0.02011043952284059,0.5996559184290505,0.4669195239580688,0.7891256132503665,0.026156288297366947,0.7791119978293755,0.12022810789218213,0.42613589745174923,0.019062953969146226,0.5556578228780246,0.8033855802879224,0.6077670770810825,0.012712498703154452,0.045295933534474295,1.0,0.5391290642096018,0.8060524502952477,0.7266479704124696,0.013022257371748495,0.02088696515753793,0.843639509556698,0.807109719203178,0.8580584100969273,-0.008500347360408732,0.048230727023098934,0.054231936146217595,0.01608645697294695,0.8070389641956897,0.02007994805957231,0.6360767180882951,0.025685089590096667,-0.06272884176124363,0.6164461406235738,0.7273598021377257,0.7851074316301947,0.4600844476701082,0.01608645697294695,0.09432109035864793,0.7437412680388312,0.8236605709868644,0.003691552316418338,-0.06272884176124363,0.806212356809207,0.03624903399696927,0.8126936927689397,0.46781582712364594
89,0.4953772791337015,0.032901796095540704,0.04864212091756206,0.5135074921826093,-0.01385946187651996,0.5221698129628339,0.5215341499776803,0.3338215746752078,0.45733590195013596,0.39547022034060714,-0.054817250644349336,0.035742673394537114,0.5568084618032916,0.041478813015852434,-0.01314517321001717,0.5335837131034838,0.48521264401390674,0.04358228860486191,0.05029034222646256,0.49278581083162326,0.256035200630253,0.5282745476560713,0.5112983925646453,0.5628686625110331,0.03325343572964421,0.05155457629252505,0.48177822443048257,0.4982847585756978,0.5653644875668558,-0.055494048283792397,0.30284649695556815,0.014462337956243508,0.5286182800492587,0.04056971069633939,0.5332722998901127,0.5347944841788635,0.5092992596732135,0.5453175821870013,-0.005350768915785087,-0.054817250644349336,0.041478813015852434,0.3578588564763657,0.5116994487509612,0.5260223489556166,0.03876780995399183,0.05863633551296589,0.36631922105961245,0.5260223489556166,0.5070282484752661,0.2841207591746844,0.5243970233668905,0.49565571965693367,-0.00741005382183199,0.0456223390518935,0.5032873670866046,-7.818046032570107e-06,0.03966604585011019,-0.055494048283792397,0.24997927797128972,-0.009130491669612457,0.4927652116887835,0.03607984579866484,0.04056971069633939,0.5110291228580244,0.44337170672724024,0.10280853010944252,0.5184643203013387,0.5338898166366238,0.07141211891989631,-0.005350768915785087,0.03322113204978633,0.43192994839916393,0.4553460186016482,0.5318962490764713,-0.00016789568275710434,0.5163720098989903,0.07811695498695276,0.31609265839169665,-0.011526382842846072,0.4368492145944853,0.5028559950123016,0.5098977644132189,0.007234385450054758,0.003400936896978238,0.5391290642096018,1.0,0.5092992596732135,0.5643789146459939,-0.01463198096372694,0.01866796279724502,0.5250245092566096,0.5112983925646453,0.5311661429920466,-0.014277943266362596,0.026559170176435325,0.036714177594360346,-0.01314517321001717,0.5295117272132408,0.04423883060448808,0.49907840290611105,-0.005350768915785087,-0.055494048283792397,0.546061926350201,0.5700397376188657,0.5352628110472571,0.34815108516705734,-0.01314517321001717,0.06653898067246247,0.5104785731182133,0.5098977644132189,0.023806341614037597,-0.055494048283792397,0.5050490387683751,0.04111137442442846,0.5110291228580244,0.4480360327293616
90,0.6967132898030396,0.002217985958920141,0.0610172149231307,0.8107877780232425,0.018462469182246054,0.9190690524278256,0.906788579229477,0.48060864942618703,0.4658316586593119,0.5522189432914307,-0.0552406408826264,0.0042374414296190545,0.8208859685897707,0.005236000058499964,0.020149796836222447,0.9282007410148629,0.5853301649862268,0.05925354166548929,0.07064835972585151,0.761177813410576,0.34473145292922575,0.9097770916797641,0.8658174481128038,0.5920375923986739,0.004147849298030528,0.07894816122701655,0.7964007833693325,0.8600964532168386,0.5896392380706811,-0.055925630827866356,0.44936715737711025,0.00865481106462887,0.7891715947741147,0.004498019260352313,0.9342957357820207,0.8154577317818548,1.0,0.5113225135615848,0.024513387562811052,-0.0552406408826264,0.005236000058499964,0.45012841570086876,0.5792183130804629,0.9128340613351293,0.005316054231253428,0.07363927633880271,0.4808815083144321,0.9128340613351293,0.8717808797990391,0.32707109811487833,0.8847136961133153,0.6350643593608063,0.01930318408976056,0.05651466864847657,0.774682704758277,0.019132524402350883,0.0037653201155942112,-0.055925630827866356,0.42507489471258464,0.009871439506495376,0.5408369762764419,0.0264950437900477,0.004498019260352313,0.813560348861495,0.5009837873696753,0.10699097429752304,0.7939541516337486,0.9099607370855212,0.1007014267137166,0.024513387562811052,0.013209305060513075,0.6175960024949162,0.47295457191416324,0.7932006004089763,0.02207594261057514,0.8025064237906705,0.11301603937813871,0.45764040934621947,0.02079852359881134,0.5111795046533629,0.9842200535023556,0.5950373251996697,0.013293297290553004,0.04368835115298572,0.8060524502952477,0.5092992596732135,1.0,0.7014521584913961,0.01930113463929635,0.015675896789178405,0.9100490392652146,0.8079682876227156,0.9312564721062595,0.002004925102202541,0.04974109561502109,0.06602292177547761,0.020149796836222447,0.8136128412877082,0.009830466340555287,0.597919984848258,0.024513387562811052,-0.055925630827866356,0.594815282970358,0.6967132898030396,0.7891715947741147,0.42860112171703935,0.020149796836222447,0.0863964659675196,0.7610614768496123,0.9748228109362317,-0.006006714133405709,-0.055925630827866356,0.9810759156373218,0.03569919866698779,0.813560348861495,0.4188072910914435
91,0.6231588102393713,-6.985193214996509e-05,0.04528458910277765,0.7001589390054174,0.007255532645896832,0.7223916775547412,0.7165225276887321,0.32287030482685247,0.4609466457847232,0.47953664628049575,-0.058505504842144826,0.004286302704984268,0.7411045847626156,0.005620087753275756,0.008684037239532198,0.7304203822906867,0.6137246619951742,0.03215476443969815,0.037205543497208386,0.6856108399245671,0.3334132941876187,0.7245254403622078,0.702866248436553,0.5229926301400251,0.004092645440229533,0.041732401817203814,0.8422061377685369,0.6821222260271959,0.5254394839121512,-0.05925284613054019,0.35991715120014806,0.004652728268886955,0.7297797419101604,0.004851338118136066,0.7192947687130224,0.7228137159529392,0.7014521584913961,0.5083266888775003,0.01973367090565148,-0.058505504842144826,0.005620087753275756,0.35314056105874647,0.5971605741546997,0.7218519953099443,0.0033299735788398462,0.03705659889760542,0.5630556858262326,0.7218519953099443,0.6977417022397476,0.24771891151183192,0.7726322844306512,0.5607857106705637,0.014752895783408757,0.02347409640537192,0.703589367851345,-0.005314926481269053,0.00408796993753487,-0.05925284613054019,0.3524312034882673,-0.014716562444351324,0.47923819398840084,0.016433980657596874,0.004851338118136066,0.7026758897152472,0.546115711167388,0.07501573134272106,0.721839499652859,0.7361056467556606,0.06915044165983916,0.01973367090565148,0.007760315839559832,0.5618753147218881,0.4793723926142398,0.725860698662536,0.01610959417803131,0.719276771037004,0.07214141313237948,0.31849575534739866,0.009261570198070692,0.6764911009077362,0.6937237525232433,0.5457633272112684,0.003085904859642908,-0.007155976619566395,0.7266479704124696,0.5643789146459939,0.7014521584913961,1.0,0.00796481680047861,0.010413018558945004,0.7146274337596039,0.6975518530389556,0.7276334730030412,-0.009120481070533223,0.02062898344021662,0.034938944692186266,0.008684037239532198,0.7405354725982908,0.010501084576994796,0.781672873529777,0.01973367090565148,-0.05925284613054019,0.6813106392807893,0.9435361633114293,0.7297797419101604,0.49378496167522445,0.008684037239532198,0.044260176771108356,0.6959497450529863,0.7072275694929374,-0.008952721305512444,-0.05925284613054019,0.691013935977399,0.03097546514543073,0.7026758897152472,0.4557385314754824
92,-0.00864022208675912,-0.06157188543529773,0.014936711570367469,0.00835523524765301,0.9948388504685199,0.013071796893462417,0.015276806478384742,0.013076245900354439,-0.008665075265606045,-0.0040362581914966545,0.0,-0.06200617581199954,0.005594286727031348,-0.06980449430475778,0.9845178682324621,0.016408433132366954,-0.02146318203252216,-0.002754063696647572,0.024128674134454887,0.0014060089432533973,-0.04668177622931373,0.014712845131254582,0.008194981632078418,-0.016413548667238025,-0.054084695203542574,0.020249336731311837,0.018291922112009397,0.00828378632209843,-0.01658823700829002,0.0,0.016392599710813742,0.2831145768988565,0.0031851362956480155,-0.06980449430475778,0.018162984086024157,0.012952593271899644,0.01930113463929635,0.0016204412660788987,0.9845178682324621,0.0,-0.06980449430475778,0.0005516186424124726,0.012539419769035798,0.016408433132366954,-0.06898549596563273,0.022415845361623145,-0.0019075199733799167,0.016408433132366954,0.009192148233310288,-0.006562538201799106,0.009740131339762849,-0.013052896549279961,0.9643465454386473,0.030550970187451832,0.0029055596786158023,-0.01867963491526987,-0.06980449430475778,0.0,-0.0040362581914966545,0.019060338720848488,0.016455284373547242,-0.04622334043966142,-0.06502442781808619,0.007404574808597388,0.017496115725537453,0.004235809904287635,0.004018129663253372,0.013636090953686448,0.006325236889343475,0.9845178682324621,-0.06522619187096047,0.004976759720804553,0.008846414239795335,0.0020853128790049138,0.8908767488926284,0.0032692701482256842,0.0029539407184846493,0.002588835765942811,0.9641171662664293,-0.013395442894352487,0.018109031960654304,-0.00783485239206296,0.2535481872407189,-0.023996585534379156,0.013022257371748495,-0.01463198096372694,0.01930113463929635,0.00796481680047861,1.0,0.21006241363261735,0.013611251895388591,0.007919084756948913,0.016985649003842713,-0.018132846889737545,0.1338976472208694,0.01278004339486168,0.9845178682324621,0.004795668432097975,-0.06157188543529773,-0.008933934492991442,0.9845178682324621,0.0,0.006271650251908293,0.005874179990711238,0.0017768668166973627,-0.014916344622087269,0.9845178682324621,0.020609831633509348,0.0030526740789776174,0.01911289302612355,-0.05484404205640848,0.0,0.01870126194315433,-0.032170833511944365,0.007404574808597388,-0.005495693518487536
93,0.004290245144606313,0.07783536094593752,0.17776193617316485,0.012941525223366144,0.2121540031847802,0.016970827491798957,0.020600301061102815,0.05358770799318163,0.0042994178951794035,0.007419572965856028,-0.029515515991463594,0.06943768033239861,0.01319637440176669,0.07879051042501961,0.20798101936350097,0.018296535206513743,0.010034893794521497,0.08789178009524679,0.22467928957890465,0.007958612571607548,-0.0014869174917769314,0.019913199951750903,0.010143009392868616,0.04614696111456772,0.06397755177921292,0.15845076434761934,0.001052676199501361,0.009722048510374792,0.045473286219180994,-0.02967733029758763,0.043508938374442495,0.8556786411323261,0.0026275856643525755,0.07997992987397022,0.019096623032045904,0.004642336850601877,0.015675896789178405,0.012028043845752399,0.2889037572155252,-0.029515515991463594,0.07879051042501961,0.11056081583651085,0.022948656484256258,0.02049190029714865,0.08020822809005435,0.23592516353698698,-0.001144982680554238,0.02049190029714865,0.009550031921540606,0.14824444852274746,0.002865800479208414,0.001652424590682434,0.30911499784295265,0.2405960550342291,0.007178485254999019,0.014873131051763735,0.08117386088983415,-0.02967733029758763,0.021510717336101267,0.05195936153107717,0.007145762608392595,0.06837124216791045,0.07997992987397022,0.011559767126896622,0.00027390979759851135,0.2044478144053453,0.007757764815607363,0.01653834392317382,0.17735124263154672,0.2889037572155252,0.026537269057392697,0.004358644862031484,0.00405224301320456,0.0023493653263075348,0.32795575803410665,0.007534206755828715,0.15184177470842689,0.10174664666201132,0.2121540031847802,0.005172434133376574,0.013646909473018526,0.017977146362622213,0.6818908709261182,0.07848916219192684,0.02088696515753793,0.01866796279724502,0.015675896789178405,0.010413018558945004,0.21006241363261735,1.0,0.01495808076855601,0.013411332851164755,0.018747860258251273,0.0008598594534580002,0.5338640068348199,0.07989753064241424,0.20798101936350097,0.009285535207141976,0.0731437961788763,0.010739179989145567,0.2889037572155252,-0.02967733029758763,0.013947939832346481,0.0102134791048786,0.0026275856643525755,0.002685703480934049,0.20798101936350097,0.22986635539583483,0.0114952715970009,0.0160688359758033,0.07244620634589105,-0.02967733029758763,0.014043309584995592,0.04230126546996119,0.011559767126896622,0.012528187232091724
94,0.7098334078988157,0.005342567790582833,0.06416856255600636,0.8481406928241944,0.012830779830992614,0.9715823642906363,0.9403928979730799,0.4619112515728414,0.4678073184160714,0.5395479773252493,-0.056284257557692514,0.00741423614248649,0.8765690964211252,0.008473427846477937,0.014401682528125452,0.9497303528238453,0.6125042125774591,0.05441249272698303,0.06649741580070048,0.7860285099778368,0.3453504835342341,0.9434549293924371,0.8278858233941311,0.5891257358491263,0.007312289221545658,0.07513744795713224,0.8211724716422354,0.8166154671602612,0.5867335603891213,-0.05698934199281191,0.4372903555699769,0.008656664690379762,0.7973283050480167,0.007710024065521723,0.937316429250783,0.8155519815441705,0.9100490392652146,0.5223417281311563,0.020931726648751557,-0.056284257557692514,0.008473427846477937,0.4477922468070496,0.5710583239505668,0.940371416805501,0.008564606948876287,0.07357351423351195,0.5000216760016957,0.940371416805501,0.8279844908082187,0.33204862335289237,0.8933610164864392,0.6352340107685568,0.015900655137111915,0.05388530124375239,0.8111180613723586,0.014779062416061845,0.006951947519708965,-0.05698934199281191,0.43506055358544365,0.006981219784691492,0.5409184004547984,0.025447332120003104,0.007710024065521723,0.856842842397897,0.498136296499402,0.1071108668603185,0.8251338527468829,0.9497653933838472,0.10016924923691412,0.020931726648751557,0.01263609182557795,0.6248070854339921,0.46534804033546523,0.8013789151512544,0.018809378248199175,0.8280811417996358,0.11317511062701173,0.4467186641091737,0.015036327899799785,0.540869162992755,0.9070970976385789,0.6120727768332158,0.010102863464535258,0.04328457375330358,0.843639509556698,0.5250245092566096,0.9100490392652146,0.7146274337596039,0.013611251895388591,0.01495808076855601,1.0,0.8452512895447639,0.9466211546434753,0.0017978123271121704,0.04902526587092488,0.06097264162342698,0.014401682528125452,0.8393964171813001,0.013232528415000515,0.6351182822001592,0.020931726648751557,-0.05698934199281191,0.6170104350486577,0.7314836140848817,0.7973283050480167,0.442983131986534,0.014401682528125452,0.08429057665004171,0.7915235405597754,0.9041228575956005,-0.005476700696760064,-0.05698934199281191,0.9040612603147418,0.034614717624939485,0.856842842397897,0.42887667736827045
95,0.6927275025111559,0.00638983901293645,0.047004252771713655,0.9968545974055829,0.007246104791540921,0.8306176634738827,0.813189166556887,0.40846432120765325,0.5379891605156564,0.49467237832398175,-0.04900318377053519,0.008655119273131428,0.8103059334502584,0.01115009039602109,0.010444564141252203,0.8161729551164477,0.5738213510304319,0.03818368718252025,0.05248056475899296,0.8754041940836942,0.3137174875111297,0.8102551389515308,0.8662478909291274,0.5413223208889013,0.008740634480642434,0.059098275841460005,0.7808897290381771,0.8605109492768365,0.5437427583445426,-0.04956549435864416,0.4141457591887323,0.009230210446910407,0.8725044238267866,0.010434331531205028,0.8103563088395381,0.759501027377016,0.8079682876227156,0.4836623711395818,0.018578903270904744,-0.04900318377053519,0.01115009039602109,0.3978898240151923,0.5390996268049304,0.807426757979849,0.01104981413704548,0.05491294082327577,0.5330539200231117,0.807426757979849,0.8721763153800463,0.2838759451849442,0.8595246650862244,0.60091543323375,0.015333806780616932,0.04108392958904236,0.8900432449752756,0.0040334208378954494,0.009723736624979114,-0.04956549435864416,0.3998692056122779,0.0064873172024587115,0.5485384808473257,0.01943499033332348,0.010434331531205028,0.9811948872461965,0.4680777205727953,0.08411585575114046,0.8988511228819217,0.8393213319628465,0.0822155789300823,0.018578903270904744,0.014636348534562837,0.5996755258072889,0.4247897209210817,0.876746187298478,0.017468390939475536,0.9138611093500576,0.08734221704574201,0.4010149862198261,0.012771168077818694,0.5356563802348492,0.8166312492795872,0.6113794938168575,0.007631071006130079,0.037120709707303655,0.807109719203178,0.5112983925646453,0.8079682876227156,0.6975518530389556,0.007919084756948913,0.013411332851164755,0.8452512895447639,1.0,0.8190153122929322,0.014441336344009294,0.04436207272213774,0.04138238836906489,0.010444564141252203,0.8898377997590894,0.013328411107566556,0.6241341757091156,0.018578903270904744,-0.04956549435864416,0.5975546080677854,0.7086463207373128,0.8725044238267866,0.38021426529486185,0.010444564141252203,0.069735233065123,0.8812468659974345,0.8252846353305803,0.0011410615206824874,-0.04956549435864416,0.8194684390156137,0.02579735366763793,0.9811948872461965,0.42822821164041125
96,0.711980997080698,0.007344887540937248,0.07392917856828225,0.8218582513719372,0.0161690824262573,0.9683860292517359,0.9558108646103024,0.4743195255170167,0.4652448494716995,0.5697760999106884,-0.058505504842144826,0.009383361253828585,0.8554709699124883,0.010653531606160367,0.017812194769806323,0.984121960076986,0.6240421977108799,0.05925354166548929,0.07294686875159898,0.7608134974693659,0.34473145292922575,0.9651774175619425,0.8247627325007043,0.6309969291985463,0.009219283012551004,0.08230878861812375,0.8045993401554047,0.8078186073990022,0.6285129378351575,-0.05925284613054019,0.44936715737711025,0.011863242150711684,0.7891715947741147,0.009860406562177206,0.990450886603707,0.8238284848394818,0.9312564721062595,0.5520540225508856,0.023699082394490444,-0.058505504842144826,0.010653531606160367,0.47961977615093426,0.5920768529376321,0.9620490620475013,0.010803496664704306,0.08257203358055555,0.4872083450427283,0.9620490620475013,0.8191289178767721,0.3554906667560434,0.8847136961133153,0.6350643593608063,0.018517555403928312,0.05927700690753413,0.7798715158307783,0.019707467117190198,0.00907269048136173,-0.05925284613054019,0.4486437462702965,0.010041907629933847,0.5408369762764419,0.0264950437900477,0.009860406562177206,0.8304212646030921,0.5130330682618345,0.11788548255280584,0.8162928685453169,0.9590062454653434,0.11261019099091571,0.023699082394490444,0.013209305060513075,0.6214053944914668,0.4793723926142398,0.7932006004089763,0.021707304710545595,0.8021373039557035,0.12425458955336252,0.4697662883786057,0.018462469182246054,0.5285737623412746,0.9221373436417503,0.6139156144072125,0.012177194319544114,0.04663788641229367,0.8580584100969273,0.5311661429920466,0.9312564721062595,0.7276334730030412,0.016985649003842713,0.018747860258251273,0.9466211546434753,0.8190153122929322,1.0,-0.004641899128866567,0.049688713324490055,0.06602292177547761,0.017812194769806323,0.8362644551621935,0.015651844311918302,0.6168814944654869,0.023699082394490444,-0.05925284613054019,0.6235565842224502,0.7228066958779809,0.7891715947741147,0.45598897505477487,0.017812194769806323,0.09389630061661663,0.771743474990667,0.9130470818534505,-0.0041830387025606494,-0.05925284613054019,0.919072725796447,0.03569919866698779,0.8304212646030921,0.44299799871714146
97,0.004967515454153278,0.012685125129896902,0.00970127207899817,0.01484585315234073,-0.018184095178459612,-0.002660124713240675,-0.005875836908304096,0.02581138094825737,0.0043609532006558096,-0.022944189798507975,-0.04923749006009084,0.015128189236307214,-0.005663810593162088,0.013415034286018564,-0.018071720608679478,-0.0034245680117174064,-0.02288985937565637,-0.005770217737110581,0.00863163688253608,0.011842917140147909,-0.011056282302601833,-0.005935745744714328,0.015469405674480258,-0.020187236889067588,0.019586484825172196,0.008838241550668327,0.06132186887542342,0.015279129621853562,-0.02004927557337101,-0.04980447729804579,0.024143069244662644,-0.0004000374408167556,0.05192180668055776,0.014772337869852919,-0.0060834076843375865,0.031585684493248334,0.002004925102202541,-0.03450219782295329,-0.01859796970451387,-0.04923749006009084,0.013415034286018564,-0.006702784662592636,-0.0263457109961321,-0.005447326610432699,0.011240833287695276,0.007529570169628855,0.030800403581537416,-0.005447326610432699,0.014864497883034412,-0.014059443782528025,0.041432245936050785,0.038037972138577805,-0.018797535387548775,0.011293680247489375,0.013121114571226408,0.0415492113618458,0.0140364113670598,-0.04980447729804579,-0.02531723036950866,-0.01079888148239477,0.044616330002227526,0.002945817161984381,0.012685125129896902,0.013000694652346613,-0.02059733184428818,0.010137768839368452,0.010587320258195927,-0.0029015976928770523,-1.2740608798165221e-05,-0.01859796970451387,0.006594367302514328,-0.004054690593532489,-0.0291108203755727,0.050800939266947405,-0.017617548619120144,0.012314937181347409,-0.0022575216856192465,-0.008579893756579438,-0.018548729518606605,0.0006554161792176855,0.003028338532055256,0.0064265117593461105,0.00041841257590389657,-0.004461469372671731,-0.008500347360408732,-0.014277943266362596,0.002004925102202541,-0.009120481070533223,-0.018132846889737545,0.0008598594534580002,0.0017978123271121704,0.014441336344009294,-0.004641899128866567,1.0,-0.0010862198231469972,-0.005811201137568131,-0.018071720608679478,0.007576919655450373,0.009366322066416206,-0.001836015858450684,-0.01859796970451387,-0.04980447729804579,-0.021638089389979815,-0.006383645894049278,0.049798853227974824,-0.042118020646480896,-0.018071720608679478,0.006756354991761129,0.01056784006645392,0.0021576675563787467,0.021935235248456506,-0.04980447729804579,0.0033274825808094805,0.007995262798518147,0.013000694652346613,-0.003359862838915389
98,0.03196388018058284,0.030761049258403332,0.13865625915496013,0.04502511669069633,0.1322409801844186,0.048307282813940665,0.052522976669396516,0.15455817430099725,0.009922749499610846,0.033427226500542286,0.004437385924086906,0.02573455210533152,0.04095114379282045,0.030183232026248626,0.13556453978131305,0.04899223493649111,0.027795500387516808,0.07687322680481326,0.26397228978978526,0.0315695902620004,0.00011371123721749173,0.05179339739694672,0.036749511550146254,0.061475662614722204,0.024145988150260256,0.252990814379876,0.015195463165701337,0.036771722517455106,0.060701856973249424,0.004996102073684282,0.10562827816446362,0.4383715879815958,0.014058362929255587,0.030761049258403332,0.050383216148247714,0.025015901125105645,0.04974109561502109,0.028177234943731738,0.1555486527436241,0.004437385924086906,0.030183232026248626,0.17814335339583115,0.04323550475618649,0.052516101486761106,0.031931170878604226,0.32308817872792966,-0.0003310105426092637,0.052516101486761106,0.037981045534814746,0.231485397203067,0.01948958381102829,0.018215062289005126,0.1618439365992319,0.23876682173428745,0.03210564461748069,0.03800809699780496,0.03134369557264803,0.004996102073684282,0.06213190506287005,0.08452390210827256,0.022167403416443833,0.03540859006747405,0.030761049258403332,0.0430335303511245,0.010884956842202819,0.2970375342943808,0.03264492685033555,0.047620451999858635,0.20913233754375943,0.1555486527436241,0.0057241534380855765,0.03418672553915702,0.015963986881396847,0.01350623521454818,0.17736274427523513,0.034389220141925164,0.23744881745526666,0.18880252906931527,0.12895858470280375,0.009785936101260388,0.04905695736359933,0.042985949728023054,0.5506099973750429,0.14042312666855877,0.048230727023098934,0.026559170176435325,0.04974109561502109,0.02062898344021662,0.1338976472208694,0.5338640068348199,0.04902526587092488,0.04436207272213774,0.049688713324490055,-0.0010862198231469972,1.0,0.07942060477935652,0.13556453978131305,0.03093267349565153,0.027382178599855322,0.01849058190671425,0.1555486527436241,0.004996102073684282,0.026316997039904724,0.020669802576926244,0.014058362929255587,0.01682985852290482,0.13556453978131305,0.3520789662752761,0.038648677232369484,0.04837124831263552,0.026864467421015257,0.004996102073684282,0.04975365581608591,0.018878540129620702,0.0430335303511245,0.023720165217613772
99,0.06792624633787782,0.37982883374605947,0.702769392694966,0.04211611852586294,0.011979106318797825,0.06322564754407012,0.06322564754407012,0.180147560928304,0.002469562138544146,0.09076402867645333,0.0,0.36998626191133954,0.05396349294955832,0.38971709298062107,0.009183110290776276,0.061881208741909055,0.044345604160753845,0.7879244233994532,0.4574634814148714,0.03479710869203392,0.04040926287010053,0.06279740089963003,0.0427163252446097,0.12736010996213884,0.3771905835632489,0.36820052258457997,0.040018550031987996,0.03978179423178666,0.1260102447925899,0.0,0.11347222473457844,0.07927710184778572,0.034125899089300374,0.38971709298062107,0.06792624633787782,0.06005786528718623,0.06602292177547761,0.05845632874858666,0.009183110290776276,0.0,0.38971709298062107,0.16930602675386522,0.08096338922571436,0.061881208741909055,0.3830085373071173,0.4190920061384481,0.002027410269577423,0.061881208741909055,0.041234947371884906,0.3191376555193815,0.05211381561431385,0.06989657046876796,0.015838162681845548,0.5635767881163938,0.03358695738032246,0.13755873243885844,0.38971709298062107,0.0,0.09895956854961724,0.04954251268916792,0.03478375320539596,0.46732204530176374,0.3964026420365245,0.04095938954860444,0.0038700085779475374,0.3761057747442488,0.03810153545996538,0.0604969133134262,0.6424001740135278,0.009183110290776276,0.3596017539355489,0.055689192086999975,0.014753568465671574,0.03478375320539596,0.04266402896114182,0.036714177594360346,0.41141827099615197,0.21120581674374053,0.007632991106373926,0.007098207042771337,0.06415041740832453,0.05439206198392874,0.12782738543263464,0.34343843543768837,0.054231936146217595,0.036714177594360346,0.06602292177547761,0.034938944692186266,0.01278004339486168,0.07989753064241424,0.06097264162342698,0.04138238836906489,0.06602292177547761,-0.005811201137568131,0.07942060477935652,1.0,0.009183110290776276,0.036959416748041006,0.3695211528334866,0.02539208623074136,0.009183110290776276,0.0,0.04135910697972048,0.029024621283745677,0.034125899089300374,0.05543814747593235,0.009183110290776276,0.39635174989385047,0.03447570199271933,0.058715447685919304,0.34231782057009374,0.0,0.06508283219498177,0.4710336294719777,0.04095938954860444,0.015564289625336255
100,-0.0080866325746581,-0.055750485455800664,0.011653110491893229,0.010910036878794,0.9794031652906627,0.013855205882039005,0.0160822284972578,0.015169926954323143,-0.008176624112643565,-0.003350006039780387,0.0,-0.056042591823608226,0.008540687086143701,-0.06420060854895093,1.0,0.01722794732730949,-0.020945658700681997,-0.006117122893991611,0.02504615052226417,0.0034883213417363267,-0.04633219404810136,0.015517288631543918,0.010856998849806506,-0.014435440258659088,-0.04793636892605377,0.02107704138460752,0.019105849947795975,0.010892240463184223,-0.014638897376165647,0.0,0.017084419528021304,0.28064499284024125,0.005222974992932889,-0.06420060854895093,0.01900356506112957,0.013775632697032787,0.020149796836222447,0.005539591454345538,1.0,0.0,-0.06420060854895093,0.0018255477187407365,0.013391429243275793,0.01722794732730949,-0.06334243151504469,0.02579408221020931,-0.0007343118776219996,0.01722794732730949,0.011859327370789713,-0.0044987191112144595,0.012329190983461401,-0.012507274744618092,0.959257766107208,0.031539438067807325,0.005187075369732912,-0.0175316401940474,-0.06420060854895093,0.0,-0.003350006039780387,0.01981333963157559,0.019025333438041584,-0.04104487395526994,-0.059361610803579976,0.009954366863518705,0.018358345470077402,0.006958454330775984,0.006387250812159806,0.014420298879947467,0.004063256914749446,1.0,-0.059241782529430694,0.0057248140906628955,0.009657666495919736,0.004089493929916393,0.9053399356883202,0.005579976001682762,0.001697335142377293,0.004376406242409998,0.9794031652906627,-0.01309949874811332,0.018943561126213124,-0.007317403268768903,0.25122521790114344,-0.020928484861777417,0.01608645697294695,-0.01314517321001717,0.020149796836222447,0.008684037239532198,0.9845178682324621,0.20798101936350097,0.014401682528125452,0.010444564141252203,0.017812194769806323,-0.018071720608679478,0.13556453978131305,0.009183110290776276,1.0,0.007223254550177608,-0.061590368401963996,-0.00847219047632234,1.0,0.0,0.007041431162234453,0.0065508986998214745,0.0037518897933356654,-0.014278306934234972,1.0,0.02395285426047279,0.005144363602710077,0.02223317301986614,-0.04888256700463038,0.0,0.01954286223021287,-0.02625058538119898,0.009954366863518705,-0.004431563944885691
101,0.6873703400488219,0.0027024640506822443,0.042091426090170116,0.8868558999480382,0.00589549967436926,0.8363509816082928,0.8131276890563901,0.3997718671871456,0.5425526573315209,0.503562338570998,-0.04947093727657276,0.004853469955740816,0.8274728230091112,0.0074108969531046865,0.007223254550177608,0.8391875375048768,0.5735957227569416,0.03392554429638616,0.040419096259879744,0.899054739098995,0.3214961639918698,0.8159163278073562,0.8779892431109559,0.5601451605242218,0.004906436862607324,0.04876065716572027,0.8093539172752477,0.8722041266281819,0.5626045206386251,-0.05004257934998805,0.3996154740703246,0.005874247844048508,0.8938623792586209,0.006711647358607194,0.8275195423857569,0.7554496326933133,0.8136128412877082,0.501710074493569,0.012790231536849678,-0.04947093727657276,0.0074108969531046865,0.39780653653483455,0.5532276162825982,0.8130768675131981,0.007342478901431652,0.04607713564666222,0.5701181655346517,0.8130768675131981,0.8839540611733938,0.2767875429117316,0.8979572917299414,0.6115822902142477,0.008306618958560604,0.0306165207718103,0.9199367935030803,0.005391661741403688,0.006017555928440007,-0.05004257934998805,0.3713189488635119,-0.0027323524405323584,0.5518850103932269,0.017391351148635683,0.006711647358607194,0.8897890749182432,0.49460751459966884,0.07375503103844089,0.9656846735555981,0.8450864986790204,0.07305053995892948,0.012790231536849678,0.00956714081042877,0.5896942310207153,0.437324617100623,0.8981575521121569,0.010499919376179766,0.9380686052332254,0.07882603263871188,0.38505355144959014,0.011359984202250917,0.5732365323645008,0.8108778662952464,0.5818931899746345,0.005518134082754527,0.020634912815156753,0.8070389641956897,0.5295117272132408,0.8136128412877082,0.7405354725982908,0.004795668432097975,0.009285535207141976,0.8393964171813001,0.8898377997590894,0.8362644551621935,0.007576919655450373,0.03093267349565153,0.036959416748041006,0.007223254550177608,1.0,0.009539656028657053,0.6646809325565227,0.012790231536849678,-0.05004257934998805,0.6224540008235632,0.7518896473468013,0.9024811814074805,0.4006747912006468,0.007223254550177608,0.056563950100371026,0.8930666227787062,0.8309906274967889,-0.002509717154966356,-0.05004257934998805,0.8080095756117772,0.02352964627100959,0.8897890749182432,0.474711704289048
102,0.01793501716029633,0.861852647390946,0.3817961099323971,0.013524923211849978,-0.06155063260188541,0.017301197164102552,0.016584271374900917,0.062366165340721556,0.018827903223240683,-0.02045576753386033,-0.059097210559052184,0.8468946355334245,0.014165901897277032,0.8992966159313678,-0.061590368401963996,0.015423198688099495,0.022423661118003393,0.3364868439732911,0.18678795666297215,0.013976859446359145,0.03515347381660214,0.01461846209657716,0.0071591596332428,0.1031694354217059,0.8361614725735855,0.12268045977165505,0.005453531731798892,0.0059350990785024165,0.10251239483338685,-0.059546467642903764,0.05227241310092998,0.0983172108068968,0.012499804500023533,0.892213106586837,0.013720452583218247,0.022494208456639977,0.009830466340555287,0.017441222628583,-0.052299703221462684,-0.059097210559052184,0.8992966159313678,0.08466719030900581,0.030194105705786303,0.014391288701990787,0.8783028003971555,0.1717950801325691,-0.0006428693488712403,0.014391288701990787,0.006535614820755939,0.15384458443184074,0.01366698630837402,0.02664545864719377,-0.032813455954984715,0.24481309691433223,0.010390900130071363,0.03743426789778332,0.8852156867905591,-0.059546467642903764,-0.02078010737355285,-0.010676218737620395,0.022045123118085628,0.6487651378872524,0.9074659688622846,0.014123828041890094,-0.0376422046038149,0.1687418972610451,0.01236898317937883,0.017065911369553106,0.25035181034292814,-0.052299703221462684,0.8394225651904103,0.004983661315916892,-0.041829630923550194,0.01277550987065454,0.020349703970224967,0.009831821548545828,0.1520492832778703,0.09436881252190464,-0.06155063260188541,0.015427011181738228,0.008905484628499173,0.04204765427605091,0.04551425710006069,0.15780525291253833,0.02007994805957231,0.04423883060448808,0.009830466340555287,0.010501084576994796,-0.06157188543529773,0.0731437961788763,0.013232528415000515,0.013328411107566556,0.015651844311918302,0.009366322066416206,0.027382178599855322,0.3695211528334866,-0.061590368401963996,0.009539656028657053,1.0,0.027528598437186122,-0.052299703221462684,-0.059546467642903764,0.015823693401353908,0.015468070140755154,0.012499804500023533,-0.009280523747529091,-0.061590368401963996,0.16989210884876552,0.014752416751973366,0.008369442858718702,0.7335610809447665,-0.059546467642903764,0.009087304599976476,0.5731580378090284,0.014123828041890094,0.02204924573100438
103,0.554189001609667,0.0196713486877996,0.03375797927950265,0.6265912465653847,-0.009385816388283195,0.6271599462930096,0.6166529736402931,0.26176903298858617,0.5125612742232695,0.39548427665457747,-0.05198231792378336,0.022252692023069256,0.6703289046985681,0.025063444685154455,-0.00847219047632234,0.6194451759076987,0.5456026818473153,0.018363924924126668,0.0266070349696306,0.6227933386318586,0.30258923945934063,0.6189892054961287,0.629144118681359,0.45626704331976464,0.017709531270140296,0.024354936367840672,0.7253626822305723,0.6145403837799343,0.45853244087807027,-0.05260372201123953,0.2903007227351988,0.0061613477794469984,0.636093442329274,0.026574771487737722,0.6092141377605527,0.6438757360917279,0.597919984848258,0.4476999086682739,-0.0009558753915457015,-0.05198231792378336,0.025063444685154455,0.2986589542017873,0.5207230403671599,0.6165372651175609,0.024945440227732957,0.024872050314708138,0.6226660594367912,0.6165372651175609,0.6243148996441761,0.20660780733540465,0.6462973783974315,0.5115281403581061,-0.0032472301451869066,0.020323190405874884,0.6348559171021944,-0.010928411220750554,0.025757461409857196,-0.05260372201123953,0.292239432135255,-0.010987792032505345,0.4396551234031661,0.022873944891000936,0.02425232369393138,0.6239497804889,0.47777164018157453,0.0575262385859941,0.6521401837714076,0.634805036466797,0.05622686335499979,-0.0009558753915457015,0.015209270673386106,0.49687875024514205,0.38714419731573624,0.6324335699832826,0.0020866914687266477,0.6446301969726957,0.048062954069724634,0.2703758122090137,-0.008005881070594696,0.8054725420782265,0.59573885755259,0.499484543980077,0.0002832062992938623,-0.009972916806661672,0.6360767180882951,0.49907840290611105,0.597919984848258,0.781672873529777,-0.008933934492991442,0.010739179989145567,0.6351182822001592,0.6241341757091156,0.6168814944654869,-0.001836015858450684,0.01849058190671425,0.02539208623074136,-0.00847219047632234,0.6646809325565227,0.027528598437186122,1.0,-0.0009558753915457015,-0.05260372201123953,0.5888828509004322,0.793313529508177,0.636093442329274,0.43924975449122616,-0.00847219047632234,0.03094234278695793,0.6276194466957258,0.6082250499564309,0.009322718665341357,-0.05260372201123953,0.5932328331655727,0.023960821734219994,0.6239497804889,0.44226502396762896
104,-0.005467105660411474,-0.0447223173196968,0.025103394385901933,0.018953327445218625,0.9794031652906627,0.02001090104324601,0.025495899972265656,0.015169926954323143,-0.0076903759321090785,0.0053251378932743015,-0.07866614651223024,-0.04336209491185869,0.015907478717527193,-0.054365696744491536,1.0,0.02325861476861764,-0.007436163281674225,-0.006117122893991611,0.03320929199699161,0.008320538712289558,-0.04633219404810136,0.024806277096741308,0.01531155842860978,-0.009106685935136012,-0.04106248764121648,0.03139239859985259,0.019105849947795975,0.014142779652288278,-0.009371731208851401,-0.07968522714355801,0.017084419528021304,0.3575176909409728,0.005222974992932889,-0.0550415341066907,0.025041435315315524,0.013775632697032787,0.024513387562811052,0.014552292668778173,1.0,-0.07866614651223024,-0.054365696744491536,0.009689139051231659,0.027700837080137403,0.026415405139474598,-0.05127658666485042,0.03912980096099675,-0.0007343118776219996,0.026415405139474598,0.015513294460052098,0.0020812316977801785,0.012329190983461401,-0.012507274744618092,0.9585628647743251,0.03569423799349558,0.010103066191659463,-0.01758540808095069,-0.05571102619890719,-0.07968522714355801,0.005952553056310229,0.036330970712816796,0.019025333438041584,-0.04104487395526994,-0.049896500878147135,0.01674135236416982,0.025118268256691098,0.023530731348204142,0.010519010740005687,0.02153142240406641,0.016004836730240956,1.0,-0.059241782529430694,0.0013045145226848903,0.021319706148236497,0.004089493929916393,0.9006153063054052,0.011089463268891611,0.012213913610654452,0.01025580385529094,0.9794031652906627,-0.006606034302312941,0.022392568302436366,-0.00222167528762089,0.25122521790114344,-0.02367926505036389,0.025685089590096667,-0.005350768915785087,0.024513387562811052,0.01973367090565148,0.9845178682324621,0.2889037572155252,0.020931726648751557,0.018578903270904744,0.023699082394490444,-0.01859796970451387,0.1555486527436241,0.009183110290776276,1.0,0.012790231536849678,-0.052299703221462684,-0.0009558753915457015,1.0,-0.07968522714355801,0.0197104735832523,0.018641007282199973,0.0037518897933356654,-0.010188059599393073,1.0,0.033378314324496464,0.010849396134538027,0.026693688549757615,-0.04399871648291296,-0.07968522714355801,0.022809951993446792,-0.02625058538119898,0.01674135236416982,0.00144405230366695
105,-0.05677834181499838,-0.061123956783358094,-0.07983043857038796,-0.04980447729804579,0.0,-0.05844195359492132,-0.060049781988156435,0.0,-0.03532866211609276,-0.06927430163513504,0.9868512643351744,-0.05743182947108259,-0.060246833270023274,-0.06073872171026947,0.0,-0.059051430865877726,-0.07128494208384703,0.0,-0.06691881868267172,-0.04277729566032183,0.0,-0.060638314372620225,-0.04956549435864416,-0.06309751909552294,-0.05608204249461557,-0.059051430865877726,0.0,-0.047621840894531586,-0.06291362079307737,1.0,0.0,-0.041715999432634335,0.0,-0.061123956783358094,-0.05985185733499559,0.0,-0.055925630827866356,-0.07527261157400703,-0.07968522714355801,0.9868512643351744,-0.06073872171026947,-0.03899892636142859,-0.07285988383743607,-0.06044301084932491,-0.06187669169893941,-0.06506206069616076,0.0,-0.06044301084932491,-0.04860074108589732,-0.05985185733499559,0.0,0.0,-0.07936725887017494,-0.0739485162827607,-0.045621407061949976,-0.046126860994816166,-0.061503250939827565,1.0,-0.06866630385862653,-0.04687835370936331,0.0,0.0,-0.061123956783358094,-0.05051614317490142,-0.06418237389888246,-0.0652353302656196,-0.04835734407126614,-0.05823705127736091,-0.07607185851042374,-0.07968522714355801,0.0,-0.06160170721037059,-0.07195807062891488,0.0,-0.0789347004479003,-0.047621840894531586,-0.06506206069616076,-0.04330250986360145,0.0,-0.04956549435864416,-0.0548401381090314,-0.05417838016709604,0.0,-0.06835678717098764,-0.06272884176124363,-0.055494048283792397,-0.055925630827866356,-0.05925284613054019,0.0,-0.02967733029758763,-0.05698934199281191,-0.04956549435864416,-0.05925284613054019,-0.04980447729804579,0.004996102073684282,0.0,0.0,-0.05004257934998805,-0.059546467642903764,-0.05260372201123953,-0.07968522714355801,1.0,-0.06788565032557256,-0.05677834181499838,0.0,-0.07903175289928643,0.0,-0.06471285097961707,-0.04382411311840411,-0.05417838016709604,-0.06073872171026947,1.0,-0.05505897988544697,0.0,-0.05051614317490142,-0.03927476125724618
106,0.599406241937213,0.0028869499772931507,0.045941984933129024,0.5999486740217145,0.005511649163845917,0.6291144235423513,0.6282916709642896,0.298624780103736,0.3885882111637423,0.4439406090342088,-0.0669860224570603,0.007406714932176307,0.630772953148035,0.009988644804124168,0.007041431162234453,0.6313912520202888,0.6122946149278967,0.03905769920819274,0.041738364113257743,0.5538345499828878,0.35700503251286975,0.6305631503104929,0.5876649079508655,0.4984268016263892,0.006817675424581733,0.04756936759639613,0.6318808299467878,0.573735920963506,0.5009120932241576,-0.06788565032557256,0.293251886189132,0.006953308175833476,0.5633218041665354,0.009125216820352926,0.6309809004784889,0.6460858284857537,0.594815282970358,0.507664153695701,0.0197104735832523,-0.0669860224570603,0.009988644804124168,0.30618144995336316,0.5948466232788779,0.6280813335760215,0.0074157259495409664,0.04415690304891691,0.40738663935034436,0.6280813335760215,0.5880342417748868,0.24650087016034228,0.6072515663831722,0.5667605105336717,0.014792309107325322,0.028377934879181457,0.5744607789649459,-0.0041288712732171695,0.00826758243690126,-0.06788565032557256,0.3669713277854196,-0.01229361923319035,0.4068739704045054,0.024089449902928058,0.009125216820352926,0.5971865010571434,0.4928460605768048,0.08478462813289865,0.6004860517870793,0.636967387678594,0.06978803107859023,0.0197104735832523,0.01208983369602853,0.5667531395191107,0.4700883463360976,0.5598001669509175,0.021671508285577984,0.5933219897579982,0.0684255420003468,0.2830224332521252,0.008026502352127561,0.5114012485322127,0.5878668117838183,0.4907128319761351,0.00658597259390334,0.0022121193403789935,0.6164461406235738,0.546061926350201,0.594815282970358,0.6813106392807893,0.006271650251908293,0.013947939832346481,0.6170104350486577,0.5975546080677854,0.6235565842224502,-0.021638089389979815,0.026316997039904724,0.04135910697972048,0.007041431162234453,0.6224540008235632,0.015823693401353908,0.5888828509004322,0.0197104735832523,-0.06788565032557256,1.0,0.6611282420575826,0.5633218041665354,0.4995103688247861,0.007041431162234453,0.048594402465527126,0.5774923205231001,0.5857001161002342,-0.008529955402476178,-0.06788565032557256,0.5852832316394727,0.027670920899546862,0.5971865010571434,0.3831280322433387
107,0.6039028301843721,0.005170435720853392,0.041071449242917876,0.7112751031360764,0.005207410657986041,0.7229990771849129,0.7226109748951071,0.3257073313211263,0.4700028253258507,0.4633141923241519,-0.056077232071927975,0.009662291755695123,0.758323372844528,0.010673127550800205,0.0065508986998214745,0.7255734230745288,0.599912890225355,0.028760538338496993,0.03851681633137916,0.707043133232342,0.3168692871580253,0.7251841594640979,0.703320395133253,0.5336491045195219,0.007147833941224866,0.03910257202055281,0.8465923821816296,0.6825708199527736,0.5360981214888916,-0.05677834181499838,0.3574453996682876,0.004936352224570853,0.7574571967828054,0.009900577136046244,0.7145292288566798,0.7116882917471931,0.6967132898030396,0.5153505051386152,0.018641007282199973,-0.056077232071927975,0.010673127550800205,0.3537734294993613,0.5886920910785838,0.7225118577893679,0.008371464337869257,0.03655400641906267,0.5666002053209527,0.7225118577893679,0.6981857847837504,0.24946134601602937,0.7930599886193554,0.5650878305439382,0.01373171578239833,0.025994206380220188,0.7253487548872832,-0.005746730647892911,0.00913335892323911,-0.05677834181499838,0.33515240950748815,-0.013494709290710954,0.48914771761009346,0.015285943747703652,0.009900577136046244,0.7084773078012868,0.5425980221438489,0.07360664435217548,0.7439254947822194,0.7366782897031683,0.06708013977456974,0.018641007282199973,0.0057707701892520495,0.5533454964459783,0.4677710630216675,0.7534755867729661,0.016621264283721227,0.7413060151723965,0.07078177488201995,0.3192986475765663,0.00705623187179684,0.6874605354931188,0.694303398594917,0.5418891677459887,0.002279411575090914,-0.00697876847445749,0.7273598021377257,0.5700397376188657,0.6967132898030396,0.9435361633114293,0.005874179990711238,0.0102134791048786,0.7314836140848817,0.7086463207373128,0.7228066958779809,-0.006383645894049278,0.020669802576926244,0.029024621283745677,0.0065508986998214745,0.7518896473468013,0.015468070140755154,0.793313529508177,0.018641007282199973,-0.05677834181499838,0.6611282420575826,1.0,0.7574571967828054,0.46390489061587314,0.0065508986998214745,0.04185796851816049,0.7229117219754656,0.7077670788224735,-0.0033280097304384704,-0.05677834181499838,0.6916038874707486,0.026642105014166244,0.7084773078012868,0.4605592556484044
108,0.6499643865612554,0.008167680504940057,0.034480925085734485,0.8682525178079571,0.0026284066885640923,0.8014208612868625,0.8014208612868625,0.4002132386689012,0.5299832739816717,0.4672804588830868,0.0,0.01113856257584472,0.7648852731127662,0.01207280856370212,0.0037518897933356654,0.7932452177337472,0.5354927403224209,0.03101836160341194,0.03809284040092252,0.9551003020981137,0.28031857095754853,0.7891715947741147,0.8681730567634464,0.5890625099118144,0.010679261921975075,0.03793215635298982,0.7534810464216557,0.8852506103070102,0.5926064710318082,0.0,0.4001070059148194,0.0012817395516143929,0.990942499906588,0.01207280856370212,0.7810527237940653,0.6790014386940704,0.7891715947741147,0.4555677622517657,0.0037518897933356654,0.0,0.01207280856370212,0.4208285629070996,0.4846231909527854,0.7932452177337472,0.012948021994435944,0.03032607582423885,0.5703840142203932,0.7932452177337472,0.8766927271236958,0.27404498061568694,0.8895764225054751,0.5708436180446215,0.002145051515313834,0.031766073504272484,0.9242350912138091,0.007348806126790305,0.01207280856370212,0.0,0.3228426964884093,-0.0035610361195049837,0.5661573879460491,0.0175126493191791,0.011208063293420646,0.8682331145904658,0.4744945359568353,0.06362873469121398,0.911153953710218,0.8137553897157497,0.06509788188592018,0.0037518897933356654,0.013816678766759814,0.5398061197821952,0.4206409172221755,0.9954658461522783,0.005550484179483834,0.9198651076083739,0.060285729401920826,0.38554022184137615,0.007040309266035856,0.5356378577634413,0.7973283050480167,0.5754810307706967,0.005047944891015478,0.01186105443263553,0.7851074316301947,0.5352628110472571,0.7891715947741147,0.7297797419101604,0.0017768668166973627,0.0026275856643525755,0.7973283050480167,0.8725044238267866,0.7891715947741147,0.049798853227974824,0.014058362929255587,0.034125899089300374,0.0037518897933356654,0.9024811814074805,0.012499804500023533,0.636093442329274,0.0037518897933356654,0.0,0.5633218041665354,0.7574571967828054,1.0,0.3574383313986256,0.0037518897933356654,0.03867284015036621,0.9374437515701327,0.8220258384703075,0.002765295301695296,0.0,0.7932452177337472,0.02418425902800339,0.8682331145904658,0.4627295878562413
109,0.4185862765734081,-0.027355972796689082,0.05158642753469195,0.3820277540192,-0.015545521590859118,0.4524863552624347,0.4641916764722497,0.20686406862269988,0.2554826152154327,0.5351090291899803,-0.07800143864942806,-0.01990641719787969,0.4615623596501613,-0.016825566553644717,-0.014278306934234972,0.45859332053341056,0.5097943566170414,0.04134792206411671,0.06264032766465924,0.3605038836095512,0.3502971201969627,0.4704092326770968,0.3843672381941003,0.3908051677214616,-0.02236422429876686,0.07425149014882183,0.43262710076008337,0.37813336498481587,0.38894274217571123,-0.07903175289928643,0.23220222559998718,-0.0084904208859301,0.3574383313986256,-0.017669465648889958,0.46213168485407446,0.47425674889313446,0.42860112171703935,0.44317998888674753,-0.010188059599393073,-0.07800143864942806,-0.016825566553644717,0.2507168422592688,0.46956053954147076,0.4683304276036045,-0.0193369463784664,0.06011728276800692,0.26671735212915987,0.4683304276036045,0.3812450225464149,0.2395248712133885,0.41347043505145264,0.3924718896730522,-0.012861691901074782,0.04349427937258614,0.3760063633738174,0.022607421763401317,-0.013643027087584204,-0.07903175289928643,0.38073462240207584,-0.012021267023383603,0.28000068707966447,0.027513454725553794,-0.017669465648889958,0.383320086484901,0.4576096361758248,0.1088060019387289,0.38356873295633964,0.4504629162046296,0.0987166389561471,-0.010188059599393073,-0.008522761944756211,0.4023603785971978,0.41082326885119264,0.3600029301472952,-0.012002239261322455,0.3863918525968158,0.1050775038656649,0.25325712582452997,-0.015545521590859118,0.39273381133417185,0.4188992219874265,0.35406042652158953,0.0005452735054658355,0.009047272358258094,0.4600844476701082,0.34815108516705734,0.42860112171703935,0.49378496167522445,-0.014916344622087269,0.002685703480934049,0.442983131986534,0.38021426529486185,0.45598897505477487,-0.042118020646480896,0.01682985852290482,0.05543814747593235,-0.014278306934234972,0.4006747912006468,-0.009280523747529091,0.43924975449122616,-0.010188059599393073,-0.07903175289928643,0.4995103688247861,0.46390489061587314,0.3574383313986256,1.0,-0.014278306934234972,0.06871211475628328,0.36355071073175443,0.4219142953641938,-0.036173102845025604,-0.07903175289928643,0.4164260038202427,0.02076687212329788,0.383320086484901,0.26225865374322266
110,-0.0080866325746581,-0.055750485455800664,0.011653110491893229,0.010910036878794,0.9794031652906627,0.013855205882039005,0.0160822284972578,0.015169926954323143,-0.008176624112643565,-0.003350006039780387,0.0,-0.056042591823608226,0.008540687086143701,-0.06420060854895093,1.0,0.01722794732730949,-0.020945658700681997,-0.006117122893991611,0.02504615052226417,0.0034883213417363267,-0.04633219404810136,0.015517288631543918,0.010856998849806506,-0.014435440258659088,-0.04793636892605377,0.02107704138460752,0.019105849947795975,0.010892240463184223,-0.014638897376165647,0.0,0.017084419528021304,0.28064499284024125,0.005222974992932889,-0.06420060854895093,0.01900356506112957,0.013775632697032787,0.020149796836222447,0.005539591454345538,1.0,0.0,-0.06420060854895093,0.0018255477187407365,0.013391429243275793,0.01722794732730949,-0.06334243151504469,0.02579408221020931,-0.0007343118776219996,0.01722794732730949,0.011859327370789713,-0.0044987191112144595,0.012329190983461401,-0.012507274744618092,0.959257766107208,0.031539438067807325,0.005187075369732912,-0.0175316401940474,-0.06420060854895093,0.0,-0.003350006039780387,0.01981333963157559,0.019025333438041584,-0.04104487395526994,-0.059361610803579976,0.009954366863518705,0.018358345470077402,0.006958454330775984,0.006387250812159806,0.014420298879947467,0.004063256914749446,1.0,-0.059241782529430694,0.0057248140906628955,0.009657666495919736,0.004089493929916393,0.9053399356883202,0.005579976001682762,0.001697335142377293,0.004376406242409998,0.9794031652906627,-0.01309949874811332,0.018943561126213124,-0.007317403268768903,0.25122521790114344,-0.020928484861777417,0.01608645697294695,-0.01314517321001717,0.020149796836222447,0.008684037239532198,0.9845178682324621,0.20798101936350097,0.014401682528125452,0.010444564141252203,0.017812194769806323,-0.018071720608679478,0.13556453978131305,0.009183110290776276,1.0,0.007223254550177608,-0.061590368401963996,-0.00847219047632234,1.0,0.0,0.007041431162234453,0.0065508986998214745,0.0037518897933356654,-0.014278306934234972,1.0,0.02395285426047279,0.005144363602710077,0.02223317301986614,-0.04888256700463038,0.0,0.01954286223021287,-0.02625058538119898,0.009954366863518705,-0.004431563944885691
111,0.06334761003156977,0.18797417074059955,0.4936900455382426,0.070501842656469,0.01975127906155339,0.09254274862815605,0.09752558569964465,0.24250633500713964,0.015590942639677155,0.09736765717307537,-0.0638671505627985,0.1653098296936515,0.07656774326629769,0.18950615169276977,0.02395285426047279,0.09078600198726361,0.05715033384445837,0.40457811131381616,0.6764405518687859,0.049058222243465885,0.03445012521125426,0.09799694074740334,0.06230467577011627,0.15449415988179874,0.16572576443655684,0.589920068826799,0.036091588689285414,0.05840190111120133,0.15333463187272436,-0.06471285097961707,0.145858637673386,0.17564295505566835,0.03867284015036621,0.18797417074059955,0.09435493413104873,0.06401559601951999,0.0863964659675196,0.08464533520513082,0.033378314324496464,-0.0638671505627985,0.18950615169276977,0.28478764106242077,0.0803415113649487,0.09707956746953851,0.19302917999552505,0.8033622212684214,0.0016113118199726588,0.09707956746953851,0.0612326770484118,0.4622801064159125,0.05385917256202654,0.07118924337484571,0.036731389020456966,0.7045549008168251,0.051282034219835855,0.16367166047984502,0.19050082640206475,-0.06471285097961707,0.12892939165190842,0.16725080680716745,0.045677315935495476,0.24407055274577316,0.19203997838919906,0.06899097307178996,0.021425118174194867,0.6613199254192587,0.056984541642245416,0.08946217571810111,0.6044117162693339,0.033378314324496464,0.13732732427239,0.05598082534299555,0.04039564077646966,0.039528037550319986,0.057110169021036244,0.056655665982225996,0.6170028698007377,0.3145781643727854,0.022181161230846617,0.021713280334095458,0.0821661442726793,0.07363887470299153,0.23080867191235574,0.38584726305402056,0.09432109035864793,0.06653898067246247,0.0863964659675196,0.044260176771108356,0.020609831633509348,0.22986635539583483,0.08429057665004171,0.069735233065123,0.09389630061661663,0.006756354991761129,0.3520789662752761,0.39635174989385047,0.02395285426047279,0.056563950100371026,0.16989210884876552,0.03094234278695793,0.033378314324496464,-0.06471285097961707,0.048594402465527126,0.04185796851816049,0.03867284015036621,0.06871211475628328,0.02395285426047279,1.0,0.05164492436576001,0.08380915394786227,0.1347771841908314,-0.06471285097961707,0.08300326804137283,0.21421039462874916,0.06899097307178996,0.04111852381242543
112,0.654781482949061,0.010186624656698036,0.03912735545824684,0.8782892556887811,0.003959191395656546,0.7829736444589657,0.7661050764675225,0.40590604273701153,0.5225884458947353,0.46832700118954634,-0.04337538235565679,0.012608616641466994,0.7799779065203326,0.012685623740704793,0.005144363602710077,0.774544659926392,0.5356006347385486,0.03138140133176895,0.03840344569238014,0.9201766231211272,0.2843768371578512,0.7577499507099474,0.8175348438644192,0.5596909709360154,0.009099104036942291,0.048341143478770415,0.7376467810349906,0.8290566233145763,0.5621206251213254,-0.04382411311840411,0.4174512682225541,0.008860733318437545,0.9286713073504286,0.013847773747366635,0.7633653203213532,0.6939504498295092,0.7610614768496123,0.4582823355573989,0.010849396134538027,-0.04337538235565679,0.012685623740704793,0.4007778892168008,0.5069689136467264,0.7605307693699561,0.014323923744837192,0.04191939541895482,0.5432642043866717,0.7605307693699561,0.8347318784574327,0.26448996950629566,0.8981377513175357,0.5844911493551675,0.007957601086677164,0.0320731526470572,0.9051245348378598,0.010474369188154024,0.01316329681657889,-0.04382411311840411,0.3495578831429998,-0.00016181435289510168,0.5524426730282308,0.021402456259792327,0.01200685697296265,0.8753145538453732,0.4724981598391077,0.06599764419955403,0.9080306171535638,0.797025663396955,0.06731725913489682,0.010849396134538027,0.014912977103064384,0.574424115679803,0.4260567718292094,0.9330480178254208,0.01234494612751122,0.9230726742608028,0.07069448568349913,0.3882226436719554,0.008628769268543385,0.5436893794242302,0.774987686960395,0.5759600721024876,0.0074232139709394665,0.02665194740382206,0.7437412680388312,0.5104785731182133,0.7610614768496123,0.6959497450529863,0.0030526740789776174,0.0114952715970009,0.7915235405597754,0.8812468659974345,0.771743474990667,0.01056784006645392,0.038648677232369484,0.03447570199271933,0.005144363602710077,0.8930666227787062,0.014752416751973366,0.6276194466957258,0.010849396134538027,-0.04382411311840411,0.5774923205231001,0.7229117219754656,0.9374437515701327,0.36355071073175443,0.005144363602710077,0.05164492436576001,1.0,0.7833947033129881,0.007254638212580108,-0.04382411311840411,0.7721939023973386,0.023511141438145634,0.8753145538453732,0.44782503767884113
113,0.6812542100883235,0.003229114068511262,0.05616315135488119,0.8281348603732915,0.01828720284368421,0.9131014241505329,0.9008782394643712,0.46825299857768055,0.48347028928922353,0.5435690571414554,-0.0535266877539278,0.00532244838572139,0.8327323560400318,0.00615494218899503,0.02223317301986614,0.9100273592571134,0.5763874974332048,0.055174848438264666,0.06849793865921693,0.7834930548586141,0.3303391016853351,0.8978128082727339,0.88366700193639,0.5877806344691073,0.005285946965054202,0.07629520382899603,0.8130522021512803,0.8778644316013337,0.5853918894447502,-0.05417838016709604,0.4495764379575972,0.00934049295921175,0.8220258384703075,0.005427284017019922,0.9099703950081421,0.7992435248841542,0.9748228109362317,0.49865181377967327,0.026693688549757615,-0.0535266877539278,0.00615494218899503,0.44202907655678736,0.5654599804796215,0.90084635155666,0.006184182858276579,0.06938000069236959,0.5065766033107398,0.90084635155666,0.8896697150063814,0.316994562014284,0.9195227283785377,0.62108214879176,0.02138200274350836,0.05513485917777131,0.7916119838249596,0.01773605169811352,0.004704867699055169,-0.05417838016709604,0.4093783680624862,0.007929864790736206,0.5546738588157537,0.025287235766198988,0.005427284017019922,0.8309462508537979,0.5018492289613211,0.10175905585692613,0.811116381525217,0.9100833560832352,0.09621694911646797,0.026693688549757615,0.014038258527157182,0.608160684481161,0.4742392944653031,0.8261409215945814,0.02395451702545909,0.8197373111676184,0.10761395063632645,0.44951152183359294,0.022811176011891546,0.5207739857096227,0.9717184291969911,0.5857260026056735,0.012314120841150402,0.04055701356445701,0.8236605709868644,0.5098977644132189,0.9748228109362317,0.7072275694929374,0.01911289302612355,0.0160688359758033,0.9041228575956005,0.8252846353305803,0.9130470818534505,0.0021576675563787467,0.04837124831263552,0.058715447685919304,0.02223317301986614,0.8309906274967889,0.008369442858718702,0.6082250499564309,0.026693688549757615,-0.05417838016709604,0.5857001161002342,0.7077670788224735,0.8220258384703075,0.4219142953641938,0.02223317301986614,0.08380915394786227,0.7833947033129881,1.0,-0.00467920253188047,-0.05417838016709604,0.968596106703901,0.034621223060987506,0.8309462508537979,0.43153324825861533
114,-0.001048754824190314,0.7681871870826098,0.3081415132798764,0.0012674210326416946,-0.05486767682715206,-0.002310315383052296,-0.0011954197765245585,0.05069798790549092,0.01527282626790796,-0.03465669422982523,-0.06026745053714881,0.7797540102480365,0.0014592798057743918,0.7450374811871332,-0.04888256700463038,-0.004308046248616892,-0.0047629804316134386,0.30118503753493103,0.1535501440144538,0.004933971506517941,0.042468658675717065,-0.003265465418941079,-0.0027150485512900694,0.07609177022637473,0.783855021570101,0.11557492283012762,-0.006508355251618,-0.003482237557283012,0.07555196911010889,-0.06073872171026947,0.043504936821952875,0.09762725879547894,0.002765295301695296,0.7536247782721716,-0.0037989573195123137,0.008508518952410065,-0.006006714133405709,0.002446352421446688,-0.04399871648291296,-0.06026745053714881,0.7450374811871332,0.07926645073980143,0.008519841002293338,-0.003401149621579161,0.741784629740244,0.13639474879144423,-0.003703711531061364,-0.003401149621579161,-0.0031093969513929206,0.14615137639784512,0.0044202441074573445,0.009661201886750506,-0.020073967581110994,0.204223451117887,-0.0006909775114780589,0.03495419041474502,0.7476694288073678,-0.06073872171026947,-0.03180722589818378,-0.008978755252064614,0.015942660532699382,0.6250806683501174,0.7536247782721716,0.0016550697961594952,-0.05133414510613106,0.14485179225086278,0.0005304576449785544,-0.0024427749935746037,0.2020247529195233,-0.04399871648291296,0.7855454792338605,-0.005125101368350923,-0.053296289845120075,0.0029322742155089114,0.042869793150271715,-0.0016611496418161029,0.12144809083664994,0.08606615580732731,-0.04902103405161517,0.0011410615206824874,-0.006501466101950356,0.015208425500300892,0.038251494601971,0.15759807107293988,0.003691552316418338,0.023806341614037597,-0.006006714133405709,-0.008952721305512444,-0.05484404205640848,0.07244620634589105,-0.005476700696760064,0.0011410615206824874,-0.0041830387025606494,0.021935235248456506,0.026864467421015257,0.34231782057009374,-0.04888256700463038,-0.002509717154966356,0.7335610809447665,0.009322718665341357,-0.04399871648291296,-0.06073872171026947,-0.008529955402476178,-0.0033280097304384704,0.002765295301695296,-0.036173102845025604,-0.04888256700463038,0.1347771841908314,0.007254638212580108,-0.00467920253188047,1.0,-0.06073872171026947,-0.006405304163369277,0.5298572795221008,0.0016550697961594952,0.008076893081032046
115,-0.05677834181499838,-0.061123956783358094,-0.07983043857038796,-0.04980447729804579,0.0,-0.05844195359492132,-0.060049781988156435,0.0,-0.03532866211609276,-0.06927430163513504,0.9868512643351744,-0.05743182947108259,-0.060246833270023274,-0.06073872171026947,0.0,-0.059051430865877726,-0.07128494208384703,0.0,-0.06691881868267172,-0.04277729566032183,0.0,-0.060638314372620225,-0.04956549435864416,-0.06309751909552294,-0.05608204249461557,-0.059051430865877726,0.0,-0.047621840894531586,-0.06291362079307737,1.0,0.0,-0.041715999432634335,0.0,-0.061123956783358094,-0.05985185733499559,0.0,-0.055925630827866356,-0.07527261157400703,-0.07968522714355801,0.9868512643351744,-0.06073872171026947,-0.03899892636142859,-0.07285988383743607,-0.06044301084932491,-0.06187669169893941,-0.06506206069616076,0.0,-0.06044301084932491,-0.04860074108589732,-0.05985185733499559,0.0,0.0,-0.07936725887017494,-0.0739485162827607,-0.045621407061949976,-0.046126860994816166,-0.061503250939827565,1.0,-0.06866630385862653,-0.04687835370936331,0.0,0.0,-0.061123956783358094,-0.05051614317490142,-0.06418237389888246,-0.0652353302656196,-0.04835734407126614,-0.05823705127736091,-0.07607185851042374,-0.07968522714355801,0.0,-0.06160170721037059,-0.07195807062891488,0.0,-0.0789347004479003,-0.047621840894531586,-0.06506206069616076,-0.04330250986360145,0.0,-0.04956549435864416,-0.0548401381090314,-0.05417838016709604,0.0,-0.06835678717098764,-0.06272884176124363,-0.055494048283792397,-0.055925630827866356,-0.05925284613054019,0.0,-0.02967733029758763,-0.05698934199281191,-0.04956549435864416,-0.05925284613054019,-0.04980447729804579,0.004996102073684282,0.0,0.0,-0.05004257934998805,-0.059546467642903764,-0.05260372201123953,-0.07968522714355801,1.0,-0.06788565032557256,-0.05677834181499838,0.0,-0.07903175289928643,0.0,-0.06471285097961707,-0.04382411311840411,-0.05417838016709604,-0.06073872171026947,1.0,-0.05505897988544697,0.0,-0.05051614317490142,-0.03927476125724618
116,0.6916038874707486,0.0016229476390234587,0.05856149671646598,0.8223086307611877,0.017869656192278958,0.9130422351425472,0.9008061999135336,0.47121345333142484,0.4702840500404987,0.5430809300685548,-0.054390462672212814,0.0036495701143158745,0.8210194587672001,0.004578126645372636,0.01954286223021287,0.9160405189687417,0.5808477849782121,0.05834903896098808,0.06759879933781289,0.7723010457815301,0.3422044829049452,0.8977367502194703,0.8717725258521994,0.5825236759221112,0.0035802307356840044,0.07761644363126563,0.8005239645280888,0.8719072229061732,0.580146311438722,-0.05505897988544697,0.44634585344553845,0.007279570687946856,0.7932452177337472,0.003851053390991418,0.9220851620143555,0.8113363527983775,0.9810759156373218,0.5026135250538349,0.022809951993446792,-0.054390462672212814,0.004578126645372636,0.4418590028625916,0.5698402127961922,0.9007731329599841,0.004639010648795215,0.07248351944681768,0.49040586188506513,0.9007731329599841,0.8836733854151325,0.3165021243428389,0.8890327868123373,0.6314664380180274,0.017694792696893065,0.053873084465132205,0.7915276780552909,0.01842770924912788,0.003129236208959468,-0.05505897988544697,0.42568381056307164,0.010300786106509618,0.5442438850535709,0.025968389298201687,0.003851053390991418,0.8251068229756879,0.4877829149188284,0.10321705140997209,0.8110308101793676,0.9100226146181337,0.09724457117774558,0.022809951993446792,0.012921036217168908,0.6128673535355099,0.46909228958269555,0.7972850328257476,0.02037352886375577,0.8139506838903626,0.10913225377745654,0.45356641126653874,0.020183059552998366,0.5114162158677051,0.9968360537891514,0.59037115985872,0.012747637595337228,0.04643277617407987,0.806212356809207,0.5050490387683751,0.9810759156373218,0.691013935977399,0.01870126194315433,0.014043309584995592,0.9040612603147418,0.8194684390156137,0.919072725796447,0.0033274825808094805,0.04975365581608591,0.06508283219498177,0.01954286223021287,0.8080095756117772,0.009087304599976476,0.5932328331655727,0.022809951993446792,-0.05505897988544697,0.5852832316394727,0.6916038874707486,0.7932452177337472,0.4164260038202427,0.01954286223021287,0.08300326804137283,0.7721939023973386,0.968596106703901,-0.006405304163369277,-0.05505897988544697,1.0,0.03515443649687374,0.8251068229756879,0.41084196356787367
117,0.030139490272787745,0.6227360589032732,0.4266566229891253,0.02624829189329589,-0.032451727979226276,0.03734879606673321,0.03734879606673321,0.0793587187698296,0.00450370935104984,0.00856664790018055,0.0,0.6271742850103568,0.03672901879577429,0.5880599920590122,-0.02625058538119898,0.03515443649687374,0.021854315885555246,0.49311753557029053,0.24427660816933386,0.022762539743558966,0.03884152278487064,0.03569919866698779,0.027104906766144243,0.09567719066489748,0.60539748263714,0.16733498944872147,0.021406716149952685,0.025281133936297485,0.09470188329943251,0.0,0.0504743318341415,0.05185174992821984,0.02418425902800339,0.5880599920590122,0.03680397271825598,0.03984314566973698,0.03569919866698779,0.025768959237992665,-0.02625058538119898,0.0,0.5880599920590122,0.06657890351242193,0.051111678232147996,0.03515443649687374,0.5940028033032771,0.21252894201950703,0.006901464763235022,0.03515443649687374,0.026183891502564734,0.16427728332705993,0.03131611838116599,0.04261726354691086,-0.012445805343778638,0.32802400638088075,0.02143974282726551,0.0731324857003787,0.5880599920590122,0.0,0.004724201784282799,0.009756851167018065,0.022263710508063715,0.5839073225223066,0.5982891358081112,0.027163669762972978,-0.01676984266572503,0.19780180575081327,0.028064460704766665,0.03569728321192529,0.31343536907194813,-0.02625058538119898,0.6118607748458038,0.03159693933381627,-0.00774975434019708,0.02461475416016928,0.032678531402791595,0.02447127155650963,0.17852142902975932,0.08779843155576696,-0.026898743611155476,0.014922404629721676,0.034614717624939485,0.04451222624702213,0.06096434991620899,0.22836244584090307,0.03624903399696927,0.04111137442442846,0.03569919866698779,0.03097546514543073,-0.032170833511944365,0.04230126546996119,0.034614717624939485,0.02579735366763793,0.03569919866698779,0.007995262798518147,0.018878540129620702,0.4710336294719777,-0.02625058538119898,0.02352964627100959,0.5731580378090284,0.023960821734219994,-0.02625058538119898,0.0,0.027670920899546862,0.026642105014166244,0.02418425902800339,0.02076687212329788,-0.02625058538119898,0.21421039462874916,0.023511141438145634,0.034621223060987506,0.5298572795221008,0.0,0.03515443649687374,1.0,0.027163669762972978,0.021405327126946254
118,0.6925492551415258,0.00703954747422778,0.04713079399794201,0.9843150751138168,0.006731017689526377,0.8421070590584918,0.8245543857524237,0.41131010600179,0.5424984439091335,0.48964174160977136,-0.04993525689031934,0.009310702709178437,0.8101794437877851,0.01191001073035262,0.009954366863518705,0.8275567814647553,0.5782766443946027,0.037806454104294646,0.05164902497619729,0.8753634193603811,0.3155775270952057,0.8216004752499025,0.8720664672967805,0.5504398502295106,0.009381363249939096,0.05850034798180478,0.7767794197871815,0.8604550655565494,0.5528830182952943,-0.05051614317490142,0.41700612977327794,0.008090467679141712,0.8682331145904658,0.011182464269443514,0.8216993638646736,0.7714140750896711,0.813560348861495,0.4875590220327194,0.01674135236416982,-0.04993525689031934,0.01191001073035262,0.3977224324652579,0.5433505690540573,0.8187498909191917,0.011823599446606386,0.05414578131560005,0.5297011150850575,0.8187498909191917,0.8721230070694972,0.28340596766348836,0.8637115187387694,0.604253830244187,0.013589010182510628,0.03992175149349654,0.8900026913480864,0.0036582974422765856,0.01046010357140946,-0.05051614317490142,0.4034209535044304,0.006101295395457165,0.5518177251510881,0.020773953838278823,0.011182464269443514,1.0,0.46766138706631394,0.0833670205493935,0.9047903952130293,0.8508744419581555,0.08096535078338195,0.01674135236416982,0.015500442097119116,0.5993935557694733,0.42415777359605894,0.8724646156305953,0.015814364029188444,0.9138265993892688,0.0866013814913355,0.4008145514345669,0.012327166463047953,0.5400974612147931,0.8222584297391765,0.6111763769637353,0.008036985440918805,0.03622184008488358,0.8126936927689397,0.5110291228580244,0.813560348861495,0.7026758897152472,0.007404574808597388,0.011559767126896622,0.856842842397897,0.9811948872461965,0.8304212646030921,0.013000694652346613,0.0430335303511245,0.04095938954860444,0.009954366863518705,0.8897890749182432,0.014123828041890094,0.6239497804889,0.01674135236416982,-0.05051614317490142,0.5971865010571434,0.7084773078012868,0.8682331145904658,0.383320086484901,0.009954366863518705,0.06899097307178996,0.8753145538453732,0.8309462508537979,0.0016550697961594952,-0.05051614317490142,0.8251068229756879,0.027163669762972978,1.0,0.4322034186647026
119,0.34806090317842936,0.01579151871367883,0.03141176332858565,0.4302534568065702,-0.005040572312475892,0.4347919486239121,0.4385987851934905,0.2356611853556579,0.3744362758909868,0.2674292436302511,-0.03891740233705417,0.016632469709428836,0.47059891744578297,0.018196262795689394,-0.004431563944885691,0.4451560436968867,0.3796520838662895,0.013197559108852638,0.02809632329861628,0.4521755450027227,0.16165721062692728,0.4447757832218588,0.4323631466270131,0.43360578592730303,0.016917504754370257,0.028726482929590333,0.44983956615976356,0.41220481940359993,0.4357526050290019,-0.03927476125724618,0.23119651888005754,0.009573867270403654,0.4627295878562413,0.019266172577133686,0.4365499089292753,0.4098052327829805,0.4188072910914435,0.3713542703853221,0.00144405230366695,-0.03891740233705417,0.018196262795689394,0.28907920707088347,0.4236450113936136,0.4427117189645296,0.01965173465161807,0.032458359128481086,0.4035969172128391,0.4427117189645296,0.4242716700044133,0.2114781899242799,0.44699703192694706,0.39271330761440665,-0.0019414609850828038,0.02551390055750894,0.4371209465016191,-0.0016800335978013638,0.01858300702668922,-0.03927476125724618,0.19028924156060856,-0.006634666229703426,0.43533119244183194,0.016528728938117646,0.017518626075219625,0.4322034186647026,0.3534539134690473,0.05738337216029014,0.45564126627720963,0.4453415285645002,0.05251628107983471,0.00144405230366695,0.012779116075423484,0.3657389585262071,0.3276066930348714,0.4596285967325888,0.006138865301518448,0.4536290477977017,0.050121167191956285,0.2555044611820562,-0.002590942895298718,0.4078461028621145,0.41291714829939746,0.43987380775397905,0.00134664774303293,0.0019156358355375126,0.46781582712364594,0.4480360327293616,0.4188072910914435,0.4557385314754824,-0.005495693518487536,0.012528187232091724,0.42887667736827045,0.42822821164041125,0.44299799871714146,-0.003359862838915389,0.023720165217613772,0.015564289625336255,-0.004431563944885691,0.474711704289048,0.02204924573100438,0.44226502396762896,0.00144405230366695,-0.03927476125724618,0.3831280322433387,0.4605592556484044,0.4627295878562413,0.26225865374322266,-0.004431563944885691,0.04111852381242543,0.44782503767884113,0.43153324825861533,0.008076893081032046,-0.03927476125724618,0.41084196356787367,0.021405327126946254,0.4322034186647026,1.0
